// Generated by scripts/generate-initial-nvram-templates.py; do not edit.
// Sources are validated *-base.srm samples from the diagnostic campaign.

static constexpr u8 kAirwlkrs[] = {
    0x08, 0x53, 0x43, 0x47, 0x31, 0x06, 0x00, 0x00, 0x00, 0xfd, 0x86, 0x00, 0x01, 0xb2, 0x67, 0x9d,
    0x00, 0x03, 0xff, 0xff, 0xff, 0x7f, 0xff, 0x00, 0x8b, 0x00, 0x3d, 0x64, 0x00, 0x12, 0x21, 0x13,
    0xff, 0xff, 0xff, 0x05, 0x02, 0x00, 0x00, 0x50, 0x00, 0x07, 0x21, 0x0a, 0x17, 0x18, 0x19, 0x05,
    0x0e, 0x00, 0x00, 0x3c, 0x00, 0x00, 0x21, 0x0a, 0x00, 0x00, 0x00, 0x04, 0x04, 0x00, 0x00, 0x28,
    0x00, 0x0a, 0x21, 0x13, 0xff, 0xff, 0xff, 0x02, 0x00, 0x00, 0x00, 0x14, 0x00, 0x0a, 0x21, 0x0e,
    0x19, 0x19, 0x19, 0x01, 0x09, 0x00, 0x00, 0xb2, 0x67, 0x9d, 0x00, 0x03, 0xff, 0xff, 0xff, 0x7f,
    0xff, 0x00, 0x8b, 0x00, 0x46, 0x64, 0x00, 0x12, 0x21, 0x13, 0xff, 0xff, 0xff, 0x05, 0x02, 0x00,
    0x00, 0x50, 0x00, 0x07, 0x21, 0x0a, 0x17, 0x18, 0x19, 0x05, 0x0e, 0x00, 0x00, 0x3c, 0x00, 0x00,
    0x21, 0x0a, 0x00, 0x00, 0x00, 0x04, 0x04, 0x00, 0x00, 0x28, 0x00, 0x0a, 0x21, 0x13, 0xff, 0xff,
    0xff, 0x02, 0x00, 0x00, 0x00, 0x14, 0x00, 0x0a, 0x21, 0x0e, 0x19, 0x19, 0x19, 0x01, 0x09, 0x00,
    0x00, 0x2b, 0xcb, 0x00, 0x00, 0x03, 0x03, 0x04, 0x03, 0x04, 0x04, 0x04, 0x83, 0x02, 0x14, 0x04,
    0x01, 0x02, 0x04, 0x04, 0x02, 0x04, 0x02, 0x01, 0x2d, 0x2d, 0x1e, 0x2d, 0x19, 0x05, 0x2d, 0x19,
    0x14, 0x1e, 0x1e, 0x00, 0x86, 0x02, 0x18, 0x01, 0x02, 0x02, 0x01, 0x02, 0x02, 0x03, 0x03, 0x03,
    0x02, 0x04, 0x03, 0x02, 0x23, 0x2d, 0x1e, 0x2d, 0x19, 0x19, 0x28, 0x23, 0x19, 0x19, 0x19, 0x00,
    0x86, 0x01, 0x18, 0x00, 0x02, 0x02, 0x01, 0x01, 0x03, 0x02, 0x01, 0x01, 0x02, 0x01, 0x04, 0x03,
    0x19, 0x28, 0x00, 0x2d, 0x00, 0x00, 0x14, 0x14, 0x0f, 0x00, 0x00, 0x00, 0x87, 0x01, 0x07, 0x02,
    0x02, 0x01, 0x02, 0x02, 0x01, 0x02, 0x03, 0x83, 0x02, 0x0b, 0x19, 0x23, 0x0f, 0x2d, 0x00, 0x00,
    0x1e, 0x14, 0x19, 0x0a, 0x0a, 0x00, 0x86, 0x04, 0x13, 0x03, 0x04, 0x04, 0x03, 0x02, 0x04, 0x04,
    0x04, 0x03, 0x04, 0x04, 0x03, 0x02, 0x23, 0x2d, 0x1e, 0x32, 0x19, 0x14, 0x2d, 0x83, 0x23, 0x00,
    0x00, 0x86, 0x04, 0x18, 0x00, 0x02, 0x02, 0x01, 0x04, 0x01, 0x01, 0x04, 0x04, 0x02, 0x04, 0x01,
    0x02, 0x2d, 0x2d, 0x23, 0x32, 0x0f, 0x00, 0x28, 0x23, 0x19, 0x0a, 0x0a, 0x00, 0x87, 0x01, 0x16,
    0x02, 0x02, 0x01, 0x00, 0x03, 0x00, 0x01, 0x01, 0x02, 0x01, 0x03, 0x02, 0x19, 0x28, 0x05, 0x2d,
    0x00, 0x00, 0x23, 0x14, 0x05, 0x0a, 0x0a, 0x87, 0x00, 0x18, 0x01, 0x02, 0x02, 0x01, 0x00, 0x04,
    0x02, 0x01, 0x01, 0x03, 0x02, 0x04, 0x04, 0x14, 0x2d, 0x00, 0x2d, 0x00, 0x00, 0x28, 0x14, 0x14,
    0x0a, 0x05, 0x00, 0x86, 0x02, 0x18, 0x00, 0x02, 0x02, 0x01, 0x03, 0x02, 0x02, 0x03, 0x03, 0x03,
    0x04, 0x03, 0x02, 0x28, 0x2d, 0x19, 0x2d, 0x00, 0x00, 0x2d, 0x19, 0x14, 0x0a, 0x0a, 0x00, 0x8a,
    0x03, 0x00, 0x02, 0x85, 0x04, 0x08, 0x03, 0x03, 0x23, 0x2d, 0x19, 0x2d, 0x19, 0x14, 0x2d, 0x83,
    0x1e, 0x00, 0x00, 0x86, 0x03, 0x18, 0x00, 0x02, 0x02, 0x01, 0x03, 0x00, 0x00, 0x03, 0x03, 0x02,
    0x02, 0x01, 0x00, 0x19, 0x23, 0x0a, 0x2d, 0x00, 0x00, 0x1e, 0x19, 0x0a, 0x00, 0x00, 0x00, 0x86,
    0x03, 0x83, 0x02, 0x04, 0x03, 0x02, 0x03, 0x02, 0x02, 0x83, 0x03, 0x0d, 0x2d, 0x2d, 0x23, 0x32,
    0x19, 0x0f, 0x2d, 0x28, 0x1e, 0x1e, 0x1e, 0x00, 0x04, 0x04, 0x87, 0x03, 0x01, 0x04, 0x03, 0x86,
    0x04, 0x0c, 0x03, 0x23, 0x2d, 0x1e, 0x2d, 0x19, 0x23, 0x2d, 0x23, 0x1e, 0x23, 0x23, 0x00, 0x86,
    0x01, 0x08, 0x00, 0x02, 0x02, 0x01, 0x01, 0x01, 0x00, 0x01, 0x01, 0x83, 0x02, 0x09, 0x21, 0x2d,
    0x14, 0x2d, 0x00, 0x00, 0x28, 0x14, 0x14, 0x0a, 0x89, 0x00, 0x17, 0x02, 0x02, 0x01, 0x00, 0x04,
    0x00, 0x01, 0x01, 0x02, 0x00, 0x03, 0x03, 0x14, 0x19, 0x05, 0x2d, 0x05, 0x05, 0x1e, 0x0f, 0x0a,
    0x05, 0x05, 0x00, 0x83, 0x02, 0x1a, 0x01, 0x01, 0x01, 0x00, 0x02, 0x02, 0x01, 0x02, 0x00, 0x00,
    0x01, 0x01, 0x02, 0x01, 0x02, 0x01, 0x23, 0x2d, 0x1e, 0x2d, 0x0a, 0x00, 0x1e, 0x14, 0x0f, 0x05,
    0x05, 0x88, 0x00, 0x17, 0x02, 0x02, 0x01, 0x00, 0x04, 0x00, 0x00, 0x00, 0x02, 0x00, 0x02, 0x03,
    0x19, 0x1e, 0x0a, 0x2d, 0x00, 0x00, 0x0f, 0x0a, 0x0a, 0x05, 0x05, 0x00, 0x86, 0x03, 0x04, 0x02,
    0x02, 0x03, 0x02, 0x03, 0x87, 0x04, 0x0b, 0x23, 0x32, 0x23, 0x2d, 0x19, 0x1e, 0x2d, 0x23, 0x23,
    0x14, 0x14, 0x00, 0x83, 0x04, 0x89, 0x03, 0x11, 0x02, 0x02, 0x03, 0x04, 0x03, 0x03, 0x28, 0x2d,
    0x1e, 0x32, 0x23, 0x19, 0x28, 0x19, 0x19, 0x1e, 0x1e, 0x00, 0x86, 0x03, 0x84, 0x02, 0x13, 0x03,
    0x03, 0x02, 0x02, 0x03, 0x02, 0x03, 0x03, 0x1e, 0x2d, 0x14, 0x2d, 0x14, 0x14, 0x28, 0x19, 0x19,
    0x0f, 0x0f, 0x00, 0x88, 0x03, 0x16, 0x02, 0x02, 0x03, 0x00, 0x02, 0x03, 0x03, 0x02, 0x04, 0x01,
    0x02, 0x1e, 0x2d, 0x19, 0x2d, 0x1e, 0x00, 0x32, 0x19, 0x14, 0x0a, 0x0a, 0x00, 0x88, 0x03, 0x16,
    0x04, 0x04, 0x03, 0x04, 0x04, 0x03, 0x03, 0x04, 0x04, 0x02, 0x03, 0x28, 0x2d, 0x23, 0x32, 0x1e,
    0x19, 0x2d, 0x19, 0x1e, 0x14, 0x14, 0x00, 0x86, 0x01, 0x18, 0x00, 0x02, 0x02, 0x01, 0x00, 0x04,
    0x02, 0x00, 0x00, 0x02, 0x00, 0x04, 0x03, 0x1e, 0x2d, 0x19, 0x2d, 0x05, 0x0f, 0x23, 0x14, 0x0f,
    0x0a, 0x05, 0x00, 0x86, 0x01, 0x18, 0x00, 0x02, 0x02, 0x01, 0x00, 0x02, 0x00, 0x01, 0x01, 0x02,
    0x00, 0x02, 0x02, 0x19, 0x28, 0x14, 0x2d, 0x00, 0x00, 0x1e, 0x14, 0x14, 0x05, 0x05, 0x00, 0x87,
    0x01, 0x17, 0x02, 0x02, 0x01, 0x00, 0x02, 0x03, 0x01, 0x02, 0x02, 0x02, 0x03, 0x02, 0x1e, 0x28,
    0x0f, 0x2d, 0x00, 0x00, 0x28, 0x14, 0x14, 0x0a, 0x05, 0x00, 0x86, 0x03, 0x18, 0x00, 0x02, 0x02,
    0x01, 0x04, 0x00, 0x00, 0x03, 0x03, 0x02, 0x03, 0x01, 0x02, 0x2d, 0x2d, 0x23, 0x2d, 0x0a, 0x0a,
    0x28, 0x19, 0x14, 0x0f, 0x0a, 0x00, 0x8b, 0x02, 0x03, 0x03, 0x03, 0x02, 0x02, 0x83, 0x03, 0x0b,
    0x26, 0x2d, 0x1e, 0x2d, 0x19, 0x19, 0x28, 0x19, 0x1e, 0x1e, 0x19, 0x00, 0x83, 0x02, 0x83, 0x01,
    0x17, 0x02, 0x02, 0x01, 0x01, 0x04, 0x03, 0x02, 0x02, 0x03, 0x02, 0x04, 0x03, 0x1e, 0x2d, 0x19,
    0x2d, 0x0f, 0x14, 0x2d, 0x23, 0x1e, 0x0f, 0x0f, 0x00, 0x8c, 0x02, 0x02, 0x01, 0x02, 0x01, 0x83,
    0x02, 0x16, 0x14, 0x28, 0x14, 0x2d, 0x05, 0x05, 0x28, 0x14, 0x14, 0x0a, 0x05, 0x00, 0x01, 0x01,
    0x02, 0x02, 0x01, 0x01, 0x01, 0x00, 0x02, 0x02, 0x01, 0x84, 0x04, 0x0f, 0x02, 0x04, 0x03, 0x03,
    0x28, 0x2d, 0x23, 0x32, 0x14, 0x2d, 0x2d, 0x28, 0x14, 0x0a, 0x05, 0x00, 0x86, 0x03, 0x83, 0x02,
    0x14, 0x04, 0x02, 0x03, 0x04, 0x04, 0x02, 0x04, 0x02, 0x02, 0x23, 0x2d, 0x1e, 0x32, 0x19, 0x0a,
    0x2d, 0x1e, 0x14, 0x0f, 0x0f, 0x00, 0x83, 0x04, 0x83, 0x03, 0x00, 0x04, 0x84, 0x02, 0x11, 0x01,
    0x01, 0x02, 0x03, 0x03, 0x02, 0x2d, 0x2d, 0x19, 0x2d, 0x19, 0x05, 0x28, 0x19, 0x14, 0x14, 0x0f,
    0x00, 0x87, 0x01, 0x83, 0x02, 0x13, 0x04, 0x04, 0x01, 0x01, 0x03, 0x02, 0x04, 0x04, 0x19, 0x28,
    0x0a, 0x2d, 0x00, 0x00, 0x28, 0x14, 0x14, 0x00, 0x00, 0x00, 0x87, 0x01, 0x03, 0x02, 0x02, 0x01,
    0x01, 0x83, 0x00, 0x0e, 0x02, 0x00, 0x02, 0x03, 0x19, 0x23, 0x0a, 0x2d, 0x00, 0x00, 0x28, 0x14,
    0x0f, 0x0a, 0x05, 0x87, 0x00, 0x18, 0x01, 0x02, 0x02, 0x01, 0x00, 0x03, 0x02, 0x00, 0x00, 0x02,
    0x00, 0x03, 0x03, 0x19, 0x28, 0x14, 0x2d, 0x00, 0x00, 0x28, 0x14, 0x14, 0x0f, 0x0a, 0x00, 0x86,
    0x03, 0x18, 0x00, 0x02, 0x02, 0x01, 0x02, 0x00, 0x00, 0x02, 0x02, 0x02, 0x03, 0x01, 0x01, 0x1e,
    0x2d, 0x19, 0x32, 0x0f, 0x0a, 0x28, 0x19, 0x19, 0x14, 0x0f, 0x00, 0x87, 0x01, 0x17, 0x02, 0x02,
    0x01, 0x02, 0x03, 0x03, 0x01, 0x01, 0x02, 0x01, 0x03, 0x03, 0x19, 0x28, 0x0a, 0x2d, 0x00, 0x00,
    0x28, 0x19, 0x1e, 0x0a, 0x0a, 0x00, 0x88, 0x02, 0x16, 0x04, 0x04, 0x00, 0x04, 0x04, 0x02, 0x01,
    0x04, 0x03, 0x04, 0x04, 0x19, 0x2d, 0x0f, 0x2d, 0x05, 0x05, 0x2d, 0x19, 0x1e, 0x14, 0x0a, 0x00,
    0x86, 0x02, 0x18, 0x01, 0x02, 0x02, 0x01, 0x02, 0x02, 0x00, 0x01, 0x01, 0x02, 0x01, 0x02, 0x02,
    0x19, 0x2d, 0x0a, 0x2d, 0x05, 0x00, 0x23, 0x14, 0x14, 0x0a, 0x0a, 0x00, 0x87, 0x01, 0x17, 0x02,
    0x02, 0x01, 0x01, 0x02, 0x02, 0x01, 0x01, 0x02, 0x01, 0x03, 0x02, 0x19, 0x2d, 0x00, 0x2d, 0x05,
    0x00, 0x28, 0x14, 0x19, 0x0a, 0x05, 0x00, 0x86, 0x02, 0x08, 0x00, 0x02, 0x02, 0x01, 0x00, 0x01,
    0x01, 0x02, 0x01, 0x83, 0x02, 0x0b, 0x28, 0x28, 0x14, 0x2d, 0x0a, 0x00, 0x23, 0x19, 0x19, 0x0a,
    0x0a, 0x00, 0x86, 0x04, 0x01, 0x03, 0x04, 0x83, 0x03, 0x84, 0x04, 0x0d, 0x03, 0x02, 0x23, 0x2d,
    0x1e, 0x32, 0x19, 0x19, 0x28, 0x23, 0x23, 0x19, 0x19, 0x00, 0x86, 0x01, 0x18, 0x00, 0x02, 0x02,
    0x01, 0x00, 0x02, 0x02, 0x00, 0x00, 0x02, 0x00, 0x04, 0x03, 0x19, 0x23, 0x05, 0x2d, 0x05, 0x05,
    0x23, 0x0f, 0x0f, 0x02, 0x02, 0x00, 0x88, 0x04, 0x84, 0x03, 0x83, 0x04, 0x0d, 0x02, 0x02, 0x23,
    0x2d, 0x28, 0x2d, 0x1e, 0x14, 0x28, 0x1e, 0x1e, 0x23, 0x2d, 0x00, 0x83, 0x02, 0x1b, 0x04, 0x04,
    0x04, 0x02, 0x02, 0x04, 0x04, 0x02, 0x04, 0x04, 0x03, 0x03, 0x04, 0x02, 0x03, 0x02, 0x14, 0x2d,
    0x00, 0x2d, 0x0a, 0x00, 0x23, 0x0a, 0x14, 0x02, 0x02, 0x00, 0x88, 0x04, 0x03, 0x03, 0x03, 0x04,
    0x02, 0x83, 0x03, 0x0d, 0x04, 0x03, 0x02, 0x23, 0x2d, 0x1e, 0x32, 0x1e, 0x0f, 0x2d, 0x1e, 0x19,
    0x23, 0x1e, 0x88, 0x00, 0x01, 0x02, 0x02, 0x83, 0x01, 0x31, 0x00, 0x00, 0x02, 0x01, 0x03, 0x03,
    0x23, 0x2d, 0x14, 0x2d, 0x02, 0x02, 0x28, 0x14, 0x14, 0x0a, 0x0f, 0x00, 0x04, 0x04, 0x03, 0x03,
    0x04, 0x04, 0x04, 0x02, 0x03, 0x04, 0x04, 0x02, 0x04, 0x04, 0x02, 0x02, 0x04, 0x02, 0x04, 0x04,
    0x0a, 0x23, 0x05, 0x2d, 0x05, 0x28, 0x14, 0x0f, 0x0f, 0x19, 0x19, 0x00, 0x89, 0x02, 0x00, 0x01,
    0x83, 0x02, 0x10, 0x03, 0x02, 0x02, 0x02, 0x03, 0x28, 0x2d, 0x1e, 0x2d, 0x0a, 0x0a, 0x28, 0x14,
    0x14, 0x0a, 0x0a, 0x00, 0x89, 0x02, 0x15, 0x03, 0x02, 0x04, 0x04, 0x01, 0x01, 0x03, 0x02, 0x03,
    0x02, 0x19, 0x2d, 0x14, 0x2d, 0x05, 0x14, 0x28, 0x14, 0x19, 0x14, 0x0f, 0x00, 0x83, 0x02, 0x83,
    0x01, 0x17, 0x02, 0x02, 0x01, 0x02, 0x02, 0x00, 0x01, 0x01, 0x02, 0x02, 0x02, 0x03, 0x21, 0x2d,
    0x19, 0x2d, 0x0f, 0x00, 0x23, 0x14, 0x0f, 0x00, 0x00, 0x00, 0x87, 0x01, 0x17, 0x02, 0x02, 0x01,
    0x02, 0x03, 0x03, 0x02, 0x02, 0x02, 0x03, 0x03, 0x03, 0x19, 0x2d, 0x0a, 0x2d, 0x0f, 0x00, 0x28,
    0x14, 0x14, 0x0a, 0x00, 0x00, 0x83, 0x03, 0x07, 0x04, 0x04, 0x04, 0x02, 0x02, 0x04, 0x04, 0x02,
    0x87, 0x04, 0x0b, 0x23, 0x2d, 0x1e, 0x2d, 0x19, 0x23, 0x2d, 0x1e, 0x28, 0x19, 0x19, 0x00, 0x87,
    0x03, 0x17, 0x02, 0x02, 0x02, 0x03, 0x02, 0x00, 0x04, 0x04, 0x02, 0x03, 0x02, 0x02, 0x28, 0x2d,
    0x1e, 0x32, 0x19, 0x0a, 0x28, 0x19, 0x19, 0x1e, 0x1e, 0x00, 0x8c, 0x02, 0x16, 0x04, 0x01, 0x01,
    0x02, 0x01, 0x03, 0x02, 0x19, 0x2d, 0x0a, 0x2d, 0x05, 0x00, 0x28, 0x19, 0x14, 0x0a, 0x05, 0x00,
    0x00, 0x00, 0x01, 0x01, 0x83, 0x00, 0x17, 0x02, 0x02, 0x01, 0x03, 0x00, 0x01, 0x02, 0x03, 0x02,
    0x00, 0x01, 0x02, 0x1e, 0x28, 0x0a, 0x2d, 0x0a, 0x00, 0x23, 0x0f, 0x0f, 0x05, 0x05, 0x00, 0x8e,
    0x02, 0x10, 0x03, 0x02, 0x02, 0x03, 0x02, 0x1e, 0x32, 0x00, 0x0f, 0x00, 0x0a, 0x23, 0x0f, 0x14,
    0x0a, 0x0a, 0x00, 0x83, 0x02, 0x1b, 0x03, 0x03, 0x03, 0x01, 0x01, 0x03, 0x03, 0x01, 0x04, 0x03,
    0x03, 0x02, 0x03, 0x03, 0x04, 0x04, 0x23, 0x2d, 0x1e, 0x2d, 0x14, 0x19, 0x2d, 0x14, 0x19, 0x0f,
    0x0f, 0x00, 0x86, 0x04, 0x18, 0x03, 0x03, 0x02, 0x01, 0x03, 0x01, 0x00, 0x04, 0x03, 0x02, 0x04,
    0x03, 0x01, 0x30, 0x2d, 0x28, 0x32, 0x1e, 0x05, 0x2d, 0x23, 0x23, 0x1e, 0x1e, 0x00, 0x88, 0x02,
    0x16, 0x03, 0x03, 0x00, 0x02, 0x04, 0x01, 0x02, 0x03, 0x02, 0x04, 0x02, 0x19, 0x2d, 0x0a, 0x2d,
    0x0a, 0x00, 0x23, 0x14, 0x14, 0x0f, 0x0a, 0x00, 0x86, 0x04, 0x15, 0x00, 0x02, 0x02, 0x01, 0x03,
    0x00, 0x01, 0x03, 0x03, 0x02, 0x02, 0x01, 0x02, 0x28, 0x2d, 0x23, 0x2d, 0x1e, 0x0f, 0x2d, 0x23,
    0x19, 0x89, 0x00, 0x03, 0x01, 0x02, 0x02, 0x01, 0x83, 0x00, 0x0f, 0x01, 0x02, 0x00, 0x03, 0x02,
    0x19, 0x23, 0x0f, 0x2d, 0x14, 0x00, 0x1e, 0x14, 0x14, 0x0a, 0x0a, 0x88, 0x00, 0x17, 0x02, 0x02,
    0x01, 0x00, 0x03, 0x00, 0x00, 0x00, 0x02, 0x00, 0x04, 0x03, 0x19, 0x2d, 0x14, 0x2d, 0x00, 0x00,
    0x23, 0x14, 0x14, 0x00, 0x00, 0x00, 0x86, 0x03, 0x84, 0x02, 0x13, 0x01, 0x01, 0x03, 0x02, 0x02,
    0x01, 0x03, 0x02, 0x26, 0x2d, 0x1e, 0x32, 0x1e, 0x19, 0x2d, 0x23, 0x1e, 0x23, 0x1e, 0x00, 0x86,
    0x02, 0x00, 0x01, 0x83, 0x02, 0x13, 0x04, 0x03, 0x01, 0x02, 0x03, 0x02, 0x03, 0x03, 0x19, 0x2d,
    0x0f, 0x2d, 0x00, 0x00, 0x23, 0x0a, 0x14, 0x0a, 0x0a, 0x00, 0x86, 0x02, 0x18, 0x00, 0x02, 0x02,
    0x01, 0x02, 0x00, 0x00, 0x02, 0x03, 0x02, 0x03, 0x01, 0x02, 0x23, 0x2d, 0x14, 0x2d, 0x0a, 0x00,
    0x28, 0x14, 0x19, 0x0a, 0x00, 0x00, 0x87, 0x01, 0x17, 0x02, 0x02, 0x01, 0x00, 0x02, 0x00, 0x00,
    0x00, 0x02, 0x00, 0x03, 0x02, 0x19, 0x2d, 0x0f, 0x2d, 0x00, 0x00, 0x23, 0x14, 0x14, 0x0a, 0x00,
    0x00, 0x8b, 0x02, 0x13, 0x04, 0x02, 0x02, 0x02, 0x03, 0x03, 0x04, 0x03, 0x23, 0x2d, 0x19, 0x2d,
    0x0f, 0x14, 0x28, 0x19, 0x19, 0x14, 0x14, 0x00, 0x83, 0x03, 0x04, 0x02, 0x02, 0x02, 0x03, 0x03,
    0x87, 0x02, 0x0e, 0x03, 0x02, 0x02, 0x28, 0x2d, 0x0f, 0x2d, 0x14, 0x05, 0x2d, 0x19, 0x1e, 0x0a,
    0x0a, 0x00, 0x85, 0x02, 0x19, 0x03, 0x02, 0x02, 0x02, 0x04, 0x01, 0x02, 0x03, 0x01, 0x02, 0x03,
    0x02, 0x03, 0x02, 0x14, 0x32, 0x00, 0x0f, 0x05, 0x00, 0x28, 0x0f, 0x19, 0x0a, 0x0a, 0x00, 0x83,
    0x04, 0x1b, 0x03, 0x03, 0x03, 0x00, 0x02, 0x02, 0x01, 0x02, 0x00, 0x01, 0x02, 0x03, 0x02, 0x02,
    0x00, 0x01, 0x1e, 0x23, 0x02, 0x2d, 0x0a, 0x00, 0x23, 0x0a, 0x14, 0x00, 0x00, 0x00, 0x83, 0x03,
    0x85, 0x02, 0x03, 0x01, 0x01, 0x02, 0x01, 0x83, 0x02, 0x0b, 0x03, 0x02, 0x2d, 0x2d, 0x23, 0x2d,
    0x19, 0x0a, 0x28, 0x14, 0x19, 0x0a, 0x89, 0x00, 0x17, 0x02, 0x02, 0x01, 0x00, 0x04, 0x01, 0x01,
    0x01, 0x02, 0x02, 0x04, 0x03, 0x19, 0x2d, 0x0a, 0x2d, 0x00, 0x00, 0x28, 0x14, 0x14, 0x00, 0x00,
    0x00, 0x8a, 0x02, 0x14, 0x00, 0x00, 0x01, 0x01, 0x02, 0x02, 0x00, 0x02, 0x02, 0x19, 0x2d, 0x0a,
    0x2d, 0x00, 0x00, 0x23, 0x0a, 0x0a, 0x00, 0x00, 0x00, 0x89, 0x03, 0x15, 0x04, 0x02, 0x04, 0x04,
    0x04, 0x03, 0x04, 0x04, 0x03, 0x03, 0x23, 0x2d, 0x1e, 0x32, 0x1e, 0x19, 0x28, 0x23, 0x23, 0x23,
    0x1e, 0x00, 0x83, 0x01, 0x83, 0x00, 0x05, 0x02, 0x02, 0x01, 0x02, 0x00, 0x00, 0x83, 0x02, 0x0d,
    0x01, 0x03, 0x1e, 0x28, 0x00, 0x2d, 0x00, 0x00, 0x1e, 0x0a, 0x0f, 0x00, 0x00, 0x00, 0x83, 0x01,
    0x08, 0x00, 0x00, 0x00, 0x01, 0x02, 0x02, 0x01, 0x00, 0x01, 0x83, 0x02, 0x0e, 0x00, 0x03, 0x01,
    0x1e, 0x2d, 0x0f, 0x2d, 0x0a, 0x00, 0x28, 0x14, 0x14, 0x0a, 0x00, 0x00, 0x87, 0x01, 0x17, 0x02,
    0x02, 0x02, 0x01, 0x04, 0x03, 0x00, 0x01, 0x03, 0x01, 0x04, 0x02, 0x19, 0x2f, 0x14, 0x2d, 0x00,
    0x00, 0x28, 0x14, 0x14, 0x0a, 0x0a, 0x00, 0x8a, 0x02, 0x1b, 0x01, 0x00, 0x00, 0x02, 0x02, 0x03,
    0x01, 0x01, 0x01, 0x26, 0x2d, 0x14, 0x32, 0x0a, 0x00, 0x1e, 0x19, 0x19, 0x0a, 0x0a, 0x00, 0x03,
    0x03, 0x02, 0x02, 0x03, 0x03, 0x03, 0x84, 0x02, 0x13, 0x04, 0x03, 0x02, 0x02, 0x03, 0x03, 0x04,
    0x03, 0x23, 0x2d, 0x14, 0x2d, 0x0a, 0x05, 0x2d, 0x1e, 0x19, 0x0a, 0x0a, 0x00, 0x83, 0x02, 0x04,
    0x03, 0x03, 0x03, 0x02, 0x02, 0x89, 0x04, 0x02, 0x03, 0x41, 0x3c, 0x84, 0x32, 0x04, 0x23, 0x32,
    0x23, 0x23, 0x00, 0x91, 0x04, 0x02, 0x03, 0x02, 0x37, 0x84, 0x32, 0x05, 0x41, 0x41, 0x32, 0x46,
    0x46, 0x00, 0x86, 0x03, 0x8b, 0x04, 0x00, 0x03, 0x84, 0x32, 0x00, 0x50, 0x84, 0x32, 0x00, 0x00,
    0x86, 0x04, 0x03, 0x03, 0x03, 0x02, 0x02, 0x86, 0x04, 0x05, 0x03, 0x02, 0x50, 0x32, 0x32, 0x41,
    0x84, 0x32, 0x08, 0x14, 0x14, 0x00, 0x03, 0x03, 0x02, 0x02, 0x03, 0x03, 0x8b, 0x04, 0x07, 0x03,
    0x03, 0x32, 0x46, 0x32, 0x32, 0x32, 0x37, 0x84, 0x32, 0x00, 0x00, 0xff, 0xff, 0xff, 0xff, 0xff,
    0xff, 0xff, 0xff, 0xff, 0xff, 0xff, 0xff, 0xff, 0xff, 0xff, 0xff, 0xff, 0xff, 0xff, 0xff, 0xff,
    0xff, 0xff, 0xff, 0xff, 0xff, 0xff, 0xff, 0xff, 0xff, 0xff, 0xff, 0xff, 0xff, 0xff, 0xff, 0xff,
    0xff, 0xff, 0xff, 0xff, 0xff, 0xff, 0xff, 0xff, 0xff, 0xff, 0xff, 0xff, 0xff, 0xff, 0xff, 0xff,
    0xff, 0xff, 0xff, 0xff, 0xff, 0xff, 0xff, 0xff, 0xff, 0xff, 0xff, 0xff, 0xff, 0xff, 0xff, 0xff,
    0xff, 0xff, 0xff, 0xff, 0xff, 0xff, 0xff, 0xff, 0xff, 0xff, 0xff, 0xff, 0xff, 0xff, 0xff, 0xff,
    0xff, 0xff, 0xff, 0xff, 0xff, 0xff, 0xff, 0xff, 0xff, 0xff, 0xff, 0xff, 0xff, 0xff, 0xff, 0xff,
    0xff, 0xff, 0xff, 0xff, 0xff, 0xff, 0xff, 0xff, 0xff, 0xff, 0xff, 0xff, 0xff, 0xff, 0xff, 0xff,
    0xff, 0xff, 0xff, 0xff, 0xff, 0xff, 0xff, 0xff, 0xff, 0xff, 0xff, 0xff, 0xff, 0xff, 0xff, 0xff,
    0xff, 0xff, 0xff, 0xff, 0xff, 0xff, 0xff, 0xff, 0xff, 0xff, 0xff, 0xff, 0xff, 0xff, 0xff, 0xff,
    0xff, 0xff, 0xff, 0xff, 0xff, 0xff, 0xff, 0xff, 0xff, 0xff, 0xff, 0xff, 0xff, 0xff, 0xff, 0xff,
    0xff, 0xff, 0xff, 0xff, 0xff, 0xff, 0xff, 0xff, 0xff, 0xff, 0xff, 0xff, 0xff, 0xff, 0xff, 0xff,
    0xff, 0xff, 0xff, 0xff, 0xff, 0xff, 0xff, 0xff, 0xff, 0xff, 0xff, 0xff, 0xff, 0xff, 0xff, 0xff,
    0xff, 0xff, 0xff, 0xff, 0xff, 0xff, 0xff, 0xf3, 0xff, 0x0d, 0x53, 0x43, 0x47, 0x31, 0x02, 0x00,
    0x01, 0x00, 0x9e, 0x5b, 0x00, 0x01, 0x01, 0x00, 0x87, 0x01, 0x05, 0x00, 0x00, 0x02, 0x02, 0x00,
    0x01, 0x83, 0x00, 0x05, 0x9e, 0x5b, 0x00, 0x01, 0x01, 0x00, 0x87, 0x01, 0x05, 0x00, 0x00, 0x02,
    0x02, 0x00, 0x01, 0x83, 0x00, 0xc7, 0xff,
};

static constexpr u8 kBel[] = {
    0xff, 0x00, 0xff, 0x00, 0xff, 0x00, 0xff, 0x00, 0xff, 0x00, 0xff, 0x00, 0xff, 0x00, 0xff, 0x00,
    0xff, 0x00, 0xff, 0x00, 0xff, 0x00, 0xff, 0x00, 0xff, 0x00, 0xff, 0x00, 0xff, 0x00, 0xff, 0x00,
    0xff, 0x00, 0xff, 0x00, 0xff, 0x00, 0xff, 0x00, 0xff, 0x00, 0xff, 0x00, 0xff, 0x00, 0xff, 0x00,
    0xff, 0x00, 0xff, 0x00, 0xff, 0x00, 0xff, 0x00, 0xff, 0x00, 0xff, 0x00, 0xff, 0x00, 0xff, 0x00,
    0xff, 0x00, 0xff, 0x00, 0xff, 0x00, 0xff, 0x00, 0xff, 0x00, 0xff, 0x00, 0xff, 0x00, 0xff, 0x00,
    0xff, 0x00, 0xff, 0x00, 0xff, 0x00, 0xff, 0x00, 0xff, 0x00, 0xff, 0x00, 0xff, 0x00, 0xff, 0x00,
    0xff, 0x00, 0xff, 0x00, 0xff, 0x00, 0xff, 0x00, 0xff, 0x00, 0xff, 0x00, 0xff, 0x00, 0xff, 0x00,
    0xff, 0x00, 0xff, 0x00, 0xff, 0x00, 0xff, 0x00, 0xff, 0x00, 0xff, 0x00, 0xff, 0x00, 0xff, 0x00,
    0xff, 0x00, 0xff, 0x00, 0xff, 0x00, 0xff, 0x00, 0xff, 0x00, 0xff, 0x00, 0xff, 0x00, 0xff, 0x00,
    0xff, 0x00, 0xff, 0x00, 0xff, 0x00, 0xff, 0x00, 0xff, 0x00, 0xff, 0x00, 0xff, 0x00, 0xff, 0x00,
    0xff, 0x00, 0xff, 0x00, 0xff, 0x00, 0xff, 0x00, 0xff, 0x00, 0xff, 0x00, 0xff, 0x00, 0xff, 0x00,
    0xff, 0x00, 0xff, 0x00, 0xff, 0x00, 0xff, 0x00, 0xff, 0x00, 0xff, 0x00, 0xff, 0x00, 0xff, 0x00,
    0xff, 0x00, 0xff, 0x00, 0xff, 0x00, 0xff, 0x00, 0xff, 0x00, 0xff, 0x00, 0xff, 0x00, 0xff, 0x00,
    0xaf, 0x00, 0x0b, 0x40, 0x34, 0xd0, 0x01, 0x80, 0x36, 0xd0, 0x01, 0xc0, 0x38, 0xd0, 0x01, 0x83,
    0x00, 0x00, 0x01, 0x83, 0x00, 0x01, 0x6a, 0x18, 0x89, 0x00, 0x0d, 0x4b, 0x00, 0x00, 0x45, 0x50,
    0x4c, 0x00, 0x02, 0x00, 0x00, 0x00, 0xb0, 0xa6, 0x17, 0x89, 0x00, 0x0d, 0x4b, 0x00, 0x00, 0x59,
    0x55, 0x2e, 0x00, 0x03, 0x00, 0x00, 0x00, 0x60, 0xe3, 0x16, 0x89, 0x00, 0x0d, 0x4b, 0x00, 0x00,
    0x52, 0x43, 0x48, 0x00, 0x04, 0x00, 0x00, 0x00, 0x10, 0x20, 0x16, 0x89, 0x00, 0x0d, 0x4b, 0x00,
    0x00, 0x4d, 0x49, 0x52, 0x00, 0x05, 0x00, 0x00, 0x00, 0xc0, 0x5c, 0x15, 0x89, 0x00, 0x0d, 0x4b,
    0x00, 0x00, 0x54, 0x4d, 0x54, 0x00, 0x06, 0x00, 0x00, 0x00, 0x70, 0x99, 0x14, 0x89, 0x00, 0x0d,
    0x4b, 0x00, 0x00, 0x52, 0x2e, 0x4c, 0x00, 0x07, 0x00, 0x00, 0x00, 0x20, 0xd6, 0x13, 0x89, 0x00,
    0x0d, 0x4b, 0x00, 0x00, 0x43, 0x43, 0x53, 0x00, 0x08, 0x00, 0x00, 0x00, 0xd0, 0x12, 0x13, 0x89,
    0x00, 0x0d, 0x4b, 0x00, 0x00, 0x42, 0x45, 0x52, 0x00, 0x09, 0x00, 0x00, 0x00, 0x80, 0x4f, 0x12,
    0x89, 0x00, 0x0d, 0x4b, 0x00, 0x00, 0x4c, 0x45, 0x53, 0x00, 0x0a, 0x00, 0x00, 0x00, 0x30, 0x8c,
    0x11, 0x89, 0x00, 0x0d, 0x4b, 0x00, 0x00, 0x52, 0x57, 0x42, 0x00, 0x0b, 0x00, 0x00, 0x00, 0xe0,
    0xc8, 0x10, 0x89, 0x00, 0x0d, 0x4b, 0x00, 0x00, 0x52, 0x4c, 0x57, 0x00, 0x0c, 0x00, 0x00, 0x00,
    0x90, 0x05, 0x10, 0x89, 0x00, 0x05, 0x4b, 0x00, 0x00, 0x44, 0x53, 0x4c, 0xff, 0x00, 0xff, 0x00,
    0xa0, 0x00, 0x00, 0x01, 0x83, 0x00, 0x01, 0x6a, 0x18, 0x89, 0x00, 0x0d, 0x4b, 0x00, 0x00, 0x45,
    0x50, 0x4c, 0x00, 0x02, 0x00, 0x00, 0x00, 0xb0, 0xa6, 0x17, 0x89, 0x00, 0x0d, 0x4b, 0x00, 0x00,
    0x59, 0x55, 0x2e, 0x00, 0x03, 0x00, 0x00, 0x00, 0x60, 0xe3, 0x16, 0x89, 0x00, 0x0d, 0x4b, 0x00,
    0x00, 0x52, 0x43, 0x48, 0x00, 0x04, 0x00, 0x00, 0x00, 0x10, 0x20, 0x16, 0x89, 0x00, 0x0d, 0x4b,
    0x00, 0x00, 0x4d, 0x49, 0x52, 0x00, 0x05, 0x00, 0x00, 0x00, 0xc0, 0x5c, 0x15, 0x89, 0x00, 0x0d,
    0x4b, 0x00, 0x00, 0x54, 0x4d, 0x54, 0x00, 0x06, 0x00, 0x00, 0x00, 0x70, 0x99, 0x14, 0x89, 0x00,
    0x0d, 0x4b, 0x00, 0x00, 0x52, 0x2e, 0x4c, 0x00, 0x07, 0x00, 0x00, 0x00, 0x20, 0xd6, 0x13, 0x89,
    0x00, 0x0d, 0x4b, 0x00, 0x00, 0x43, 0x43, 0x53, 0x00, 0x08, 0x00, 0x00, 0x00, 0xd0, 0x12, 0x13,
    0x89, 0x00, 0x0d, 0x4b, 0x00, 0x00, 0x42, 0x45, 0x52, 0x00, 0x09, 0x00, 0x00, 0x00, 0x80, 0x4f,
    0x12, 0x89, 0x00, 0x0d, 0x4b, 0x00, 0x00, 0x4c, 0x45, 0x53, 0x00, 0x0a, 0x00, 0x00, 0x00, 0x30,
    0x8c, 0x11, 0x89, 0x00, 0x0d, 0x4b, 0x00, 0x00, 0x52, 0x57, 0x42, 0x00, 0x0b, 0x00, 0x00, 0x00,
    0xe0, 0xc8, 0x10, 0x89, 0x00, 0x0d, 0x4b, 0x00, 0x00, 0x52, 0x4c, 0x57, 0x00, 0x0c, 0x00, 0x00,
    0x00, 0x90, 0x05, 0x10, 0x89, 0x00, 0x05, 0x4b, 0x00, 0x00, 0x44, 0x53, 0x4c, 0xff, 0x00, 0xff,
    0x00, 0xa0, 0x00, 0x06, 0x01, 0x00, 0x00, 0x00, 0xb0, 0x71, 0x0b, 0x89, 0x00, 0x0d, 0x4b, 0x00,
    0x00, 0x45, 0x50, 0x4c, 0x00, 0x02, 0x00, 0x00, 0x00, 0x08, 0x10, 0x0b, 0x89, 0x00, 0x0d, 0x4b,
    0x00, 0x00, 0x53, 0x4d, 0x57, 0x00, 0x03, 0x00, 0x00, 0x00, 0x60, 0xae, 0x0a, 0x89, 0x00, 0x0d,
    0x4b, 0x00, 0x00, 0x44, 0x45, 0x4e, 0x00, 0x04, 0x00, 0x00, 0x00, 0xb8, 0x4c, 0x0a, 0x89, 0x00,
    0x0d, 0x4b, 0x00, 0x00, 0x43, 0x45, 0x42, 0x00, 0x05, 0x00, 0x00, 0x00, 0x10, 0xeb, 0x09, 0x89,
    0x00, 0x0d, 0x4b, 0x00, 0x00, 0x53, 0x4a, 0x42, 0x00, 0x06, 0x00, 0x00, 0x00, 0x68, 0x89, 0x09,
    0x89, 0x00, 0x0d, 0x4b, 0x00, 0x00, 0x45, 0x2e, 0x48, 0x00, 0x07, 0x00, 0x00, 0x00, 0xc0, 0x27,
    0x09, 0x89, 0x00, 0x0d, 0x4b, 0x00, 0x00, 0x42, 0x4c, 0x54, 0x00, 0x08, 0x00, 0x00, 0x00, 0x18,
    0xc6, 0x08, 0x89, 0x00, 0x0d, 0x4b, 0x00, 0x00, 0x54, 0x41, 0x50, 0x00, 0x09, 0x00, 0x00, 0x00,
    0x70, 0x64, 0x08, 0x89, 0x00, 0x0d, 0x4b, 0x00, 0x00, 0x42, 0x41, 0x4d, 0x00, 0x0a, 0x00, 0x00,
    0x00, 0xc8, 0x02, 0x08, 0x89, 0x00, 0x0d, 0x4b, 0x00, 0x00, 0x4c, 0x47, 0x53, 0x00, 0x0b, 0x00,
    0x00, 0x00, 0x20, 0xa1, 0x07, 0x89, 0x00, 0x0d, 0x4b, 0x00, 0x00, 0x48, 0x4a, 0x57, 0x00, 0x0c,
    0x00, 0x00, 0x00, 0x78, 0x3f, 0x07, 0x89, 0x00, 0x05, 0x4b, 0x00, 0x00, 0x4a, 0x57, 0x57, 0xff,
    0x00, 0xff, 0x00, 0xa0, 0x00, 0x11, 0x53, 0x2d, 0x52, 0x41, 0x4d, 0x20, 0x43, 0x48, 0x45, 0x43,
    0x4b, 0x20, 0x4f, 0x4b, 0x20, 0x21, 0x21, 0x21, 0xff, 0x00, 0xff, 0x00, 0xff, 0x00, 0xff, 0x00,
    0xff, 0x00, 0xff, 0x00, 0xff, 0x00, 0xdd, 0x00, 0x01, 0xe0, 0x01, 0xff, 0x00, 0xfd, 0x00, 0x00,
    0x69, 0x8e, 0x00, 0x1f, 0x48, 0x92, 0x01, 0x00, 0x4c, 0x4d, 0x43, 0x21, 0x00, 0x00, 0x00, 0x01,
    0x01, 0x01, 0x00, 0x01, 0x01, 0xff, 0xff, 0x01, 0x01, 0x01, 0x00, 0x76, 0x0d, 0x95, 0x95, 0x7e,
    0x7e, 0x86, 0x86, 0xff, 0x85, 0x05, 0x01, 0x01, 0x00, 0x97, 0xff, 0x1f, 0x48, 0x92, 0x01, 0x00,
    0x4c, 0x4d, 0x43, 0x21, 0x00, 0x00, 0x00, 0x01, 0x01, 0x01, 0x00, 0x01, 0x01, 0xff, 0xff, 0x01,
    0x01, 0x01, 0x00, 0x76, 0x0d, 0x95, 0x95, 0x7e, 0x7e, 0x86, 0x86, 0xff, 0x85, 0x05, 0x01, 0x01,
    0x00, 0x97, 0xff,
};

static constexpr u8 kDaytona[] = {
    0x0b, 0x53, 0x45, 0x47, 0x41, 0x40, 0x82, 0x02, 0x00, 0xf8, 0x27, 0x00, 0x01, 0x84, 0x00, 0x0a,
    0x01, 0x01, 0x01, 0x00, 0x01, 0x01, 0x00, 0x00, 0x00, 0x01, 0x01, 0x83, 0x00, 0x00, 0x01, 0x8e,
    0x00, 0x09, 0x02, 0x02, 0x14, 0x1c, 0x00, 0x01, 0x00, 0x01, 0x04, 0x01, 0xc1, 0x00, 0x0f, 0x01,
    0x00, 0x00, 0x00, 0x53, 0x45, 0x47, 0x41, 0x40, 0x82, 0x02, 0x00, 0xf8, 0x27, 0x00, 0x01, 0x84,
    0x00, 0x0a, 0x01, 0x01, 0x01, 0x00, 0x01, 0x01, 0x00, 0x00, 0x00, 0x01, 0x01, 0x83, 0x00, 0x00,
    0x01, 0x8e, 0x00, 0x09, 0x02, 0x02, 0x14, 0x1c, 0x00, 0x01, 0x00, 0x01, 0x04, 0x01, 0xc1, 0x00,
    0x00, 0x01, 0x86, 0x00, 0x05, 0xa3, 0xb5, 0x00, 0x00, 0x30, 0x01, 0xf9, 0x00, 0x05, 0xa3, 0xb5,
    0x00, 0x00, 0x30, 0x01, 0xf5, 0x00, 0x13, 0x53, 0x2d, 0x52, 0x41, 0x4d, 0x20, 0x43, 0x48, 0x45,
    0x43, 0x4b, 0x20, 0x4f, 0x4b, 0x20, 0x28, 0x34, 0x2e, 0x30, 0x29, 0x83, 0x00, 0x87, 0xff, 0x7f,
    0x66, 0x66, 0x86, 0x3f, 0x9a, 0x99, 0x09, 0x40, 0x00, 0x00, 0xa0, 0xc1, 0x00, 0x00, 0x70, 0x43,
    0xd8, 0x02, 0x00, 0x02, 0xcd, 0xcc, 0x8c, 0x3f, 0xcd, 0xcc, 0x4c, 0x3e, 0x00, 0x00, 0xf0, 0xc1,
    0x00, 0x00, 0x7a, 0x43, 0x8e, 0x03, 0x00, 0x02, 0xcd, 0xcc, 0xec, 0x3f, 0x52, 0xb8, 0x7e, 0xc0,
    0x00, 0x00, 0x48, 0xc2, 0x00, 0x00, 0x52, 0x43, 0xcc, 0x0c, 0x00, 0x00, 0x29, 0x5c, 0x6f, 0x40,
    0xe1, 0x7a, 0xd4, 0xc0, 0x00, 0x00, 0x00, 0xc1, 0x00, 0x00, 0x82, 0x43, 0x16, 0x0c, 0x00, 0x00,
    0xa4, 0x70, 0xfd, 0x41, 0xb8, 0x1e, 0x85, 0xc0, 0x00, 0x00, 0x86, 0xc2, 0x00, 0x00, 0x5f, 0x43,
    0x68, 0x41, 0x00, 0x00, 0x33, 0x33, 0xf3, 0x3f, 0xec, 0x51, 0x78, 0xc0, 0x00, 0x00, 0x48, 0xc2,
    0x00, 0x00, 0x48, 0x43, 0xcc, 0x0c, 0xff, 0x00, 0x33, 0x33, 0xf3, 0x3f, 0xec, 0x51, 0x78, 0xc0,
    0x7f, 0x00, 0x00, 0x48, 0xc2, 0x00, 0x00, 0x48, 0x43, 0xcc, 0x0c, 0xff, 0x00, 0x33, 0x33, 0xf3,
    0x3f, 0xec, 0x51, 0x78, 0xc0, 0x00, 0x00, 0x48, 0xc2, 0x00, 0x00, 0x48, 0x43, 0xcc, 0x0c, 0xff,
    0x00, 0x33, 0x33, 0xf3, 0x3f, 0xec, 0x51, 0x78, 0xc0, 0x00, 0x00, 0x48, 0xc2, 0x00, 0x00, 0x48,
    0x43, 0xcc, 0x0c, 0xff, 0x00, 0x33, 0x33, 0xf3, 0x3f, 0xec, 0x51, 0x78, 0xc0, 0x00, 0x00, 0x48,
    0xc2, 0x00, 0x00, 0x48, 0x43, 0xcc, 0x0c, 0xff, 0x00, 0x33, 0x33, 0xf3, 0x3f, 0xec, 0x51, 0x78,
    0xc0, 0x00, 0x00, 0x48, 0xc2, 0x00, 0x00, 0x48, 0x43, 0xcc, 0x0c, 0xff, 0x00, 0x33, 0x33, 0xf3,
    0x3f, 0xec, 0x51, 0x78, 0xc0, 0x00, 0x00, 0x48, 0xc2, 0x00, 0x00, 0x48, 0x43, 0xcc, 0x0c, 0xff,
    0x00, 0x33, 0x33, 0xf3, 0x3f, 0xec, 0x51, 0x78, 0xc0, 0x00, 0x00, 0x48, 0xc2, 0x00, 0x00, 0x48,
    0x43, 0x40, 0xcc, 0x0c, 0xff, 0x00, 0x33, 0x33, 0xf3, 0x3f, 0xec, 0x51, 0x78, 0xc0, 0x00, 0x00,
    0x48, 0xc2, 0x00, 0x00, 0x48, 0x43, 0xcc, 0x0c, 0xff, 0x00, 0x33, 0x33, 0xf3, 0x3f, 0xec, 0x51,
    0x78, 0xc0, 0x00, 0x00, 0x48, 0xc2, 0x00, 0x00, 0x48, 0x43, 0xcc, 0x0c, 0xff, 0x00, 0x33, 0x33,
    0xf3, 0x3f, 0xec, 0x51, 0x78, 0xc0, 0x00, 0x00, 0x48, 0xc2, 0x00, 0x00, 0x48, 0x43, 0xcc, 0x0c,
    0xff, 0x00, 0x01, 0x83, 0x00, 0x02, 0x28, 0x00, 0x00, 0x83, 0xff, 0x00, 0x01, 0x83, 0x00, 0x0e,
    0x28, 0x00, 0x00, 0x4e, 0x41, 0x47, 0x00, 0x02, 0x00, 0x00, 0x00, 0x40, 0x29, 0x00, 0x00, 0x83,
    0xff, 0x13, 0x03, 0x00, 0x00, 0x00, 0x40, 0x29, 0x00, 0x00, 0x47, 0x4f, 0x53, 0x00, 0x03, 0x00,
    0x00, 0x00, 0x80, 0x2a, 0x00, 0x00, 0x83, 0xff, 0x83, 0x00, 0x0f, 0x80, 0x2a, 0x00, 0x00, 0x59,
    0x41, 0x53, 0x00, 0x04, 0x00, 0x00, 0x00, 0xc0, 0x2b, 0x00, 0x00, 0x83, 0xff, 0x0c, 0x02, 0x00,
    0x00, 0x00, 0xc0, 0x2b, 0x00, 0x00, 0x47, 0x4f, 0x4d, 0x00, 0x05, 0x83, 0x00, 0x02, 0x2d, 0x00,
    0x00, 0x83, 0xff, 0x00, 0x03, 0x83, 0x00, 0x0e, 0x2d, 0x00, 0x00, 0x4b, 0x41, 0x47, 0x00, 0x06,
    0x00, 0x00, 0x00, 0x40, 0x2e, 0x00, 0x00, 0x83, 0xff, 0x83, 0x00, 0x0f, 0x40, 0x2e, 0x00, 0x00,
    0x41, 0x4d, 0x32, 0x00, 0x07, 0x00, 0x00, 0x00, 0x80, 0x2f, 0x00, 0x00, 0x83, 0xff, 0x83, 0x00,
    0x0f, 0x80, 0x2f, 0x00, 0x00, 0x41, 0x4d, 0x32, 0x00, 0x08, 0x00, 0x00, 0x00, 0xc0, 0x30, 0x00,
    0x00, 0x83, 0xff, 0x83, 0x00, 0x08, 0xc0, 0x30, 0x00, 0x00, 0x41, 0x4d, 0x32, 0x00, 0x09, 0x83,
    0x00, 0x02, 0x32, 0x00, 0x00, 0x83, 0xff, 0x84, 0x00, 0x0e, 0x32, 0x00, 0x00, 0x41, 0x4d, 0x32,
    0x00, 0x0a, 0x00, 0x00, 0x00, 0x40, 0x33, 0x00, 0x00, 0x83, 0xff, 0x83, 0x00, 0x0f, 0x40, 0x33,
    0x00, 0x00, 0x41, 0x4d, 0x32, 0x00, 0x0b, 0x00, 0x00, 0x00, 0x80, 0x34, 0x00, 0x00, 0x83, 0xff,
    0x83, 0x00, 0x0f, 0x80, 0x34, 0x00, 0x00, 0x41, 0x4d, 0x32, 0x00, 0x0c, 0x00, 0x00, 0x00, 0xc0,
    0x35, 0x00, 0x00, 0x83, 0xff, 0x83, 0x00, 0x08, 0xc0, 0x35, 0x00, 0x00, 0x41, 0x4d, 0x32, 0x00,
    0x0d, 0x83, 0x00, 0x02, 0x37, 0x00, 0x00, 0x83, 0xff, 0x84, 0x00, 0x0e, 0x37, 0x00, 0x00, 0x41,
    0x4d, 0x32, 0x00, 0x0e, 0x00, 0x00, 0x00, 0x40, 0x38, 0x00, 0x00, 0x83, 0xff, 0x83, 0x00, 0x0f,
    0x40, 0x38, 0x00, 0x00, 0x41, 0x4d, 0x32, 0x00, 0x0f, 0x00, 0x00, 0x00, 0x80, 0x39, 0x00, 0x00,
    0x83, 0xff, 0x83, 0x00, 0x0f, 0x80, 0x39, 0x00, 0x00, 0x41, 0x4d, 0x32, 0x00, 0x10, 0x00, 0x00,
    0x00, 0xc0, 0x3a, 0x00, 0x00, 0x83, 0xff, 0x83, 0x00, 0x08, 0xc0, 0x3a, 0x00, 0x00, 0x41, 0x4d,
    0x32, 0x00, 0x11, 0x83, 0x00, 0x02, 0x3c, 0x00, 0x00, 0x83, 0xff, 0x84, 0x00, 0x0e, 0x3c, 0x00,
    0x00, 0x41, 0x4d, 0x32, 0x00, 0x12, 0x00, 0x00, 0x00, 0x40, 0x3d, 0x00, 0x00, 0x83, 0xff, 0x83,
    0x00, 0x0f, 0x40, 0x3d, 0x00, 0x00, 0x41, 0x4d, 0x32, 0x00, 0x13, 0x00, 0x00, 0x00, 0x80, 0x3e,
    0x00, 0x00, 0x83, 0xff, 0x83, 0x00, 0x0f, 0x80, 0x3e, 0x00, 0x00, 0x41, 0x4d, 0x32, 0x00, 0x14,
    0x00, 0x00, 0x00, 0xc0, 0x3f, 0x00, 0x00, 0x83, 0xff, 0x83, 0x00, 0x08, 0xc0, 0x3f, 0x00, 0x00,
    0x41, 0x4d, 0x32, 0x00, 0x15, 0x83, 0x00, 0x02, 0x41, 0x00, 0x00, 0x83, 0xff, 0x84, 0x00, 0x0e,
    0x41, 0x00, 0x00, 0x41, 0x4d, 0x32, 0x00, 0x16, 0x00, 0x00, 0x00, 0x40, 0x42, 0x00, 0x00, 0x83,
    0xff, 0x83, 0x00, 0x0f, 0x40, 0x42, 0x00, 0x00, 0x41, 0x4d, 0x32, 0x00, 0x17, 0x00, 0x00, 0x00,
    0x80, 0x43, 0x00, 0x00, 0x83, 0xff, 0x83, 0x00, 0x0f, 0x80, 0x43, 0x00, 0x00, 0x41, 0x4d, 0x32,
    0x00, 0x18, 0x00, 0x00, 0x00, 0xc0, 0x44, 0x00, 0x00, 0x83, 0xff, 0x83, 0x00, 0x08, 0xc0, 0x44,
    0x00, 0x00, 0x41, 0x4d, 0x32, 0x00, 0x01, 0x83, 0x00, 0x02, 0x3c, 0x00, 0x00, 0x83, 0xff, 0x00,
    0x01, 0x83, 0x00, 0x0e, 0x3c, 0x00, 0x00, 0x59, 0x55, 0x2e, 0x00, 0x02, 0x00, 0x00, 0x00, 0x40,
    0x3d, 0x00, 0x00, 0x83, 0xff, 0x13, 0x02, 0x00, 0x00, 0x00, 0x40, 0x3d, 0x00, 0x00, 0x41, 0x52,
    0x49, 0x00, 0x03, 0x00, 0x00, 0x00, 0x80, 0x3e, 0x00, 0x00, 0x83, 0xff, 0x13, 0x03, 0x00, 0x00,
    0x00, 0x80, 0x3e, 0x00, 0x00, 0x4f, 0x53, 0x41, 0x00, 0x04, 0x00, 0x00, 0x00, 0xc0, 0x3f, 0x00,
    0x00, 0x83, 0xff, 0x83, 0x00, 0x08, 0xc0, 0x3f, 0x00, 0x00, 0x4d, 0x41, 0x43, 0x00, 0x05, 0x83,
    0x00, 0x02, 0x41, 0x00, 0x00, 0x83, 0xff, 0x84, 0x00, 0x0e, 0x41, 0x00, 0x00, 0x4b, 0x45, 0x4e,
    0x00, 0x06, 0x00, 0x00, 0x00, 0x40, 0x42, 0x00, 0x00, 0x83, 0xff, 0x83, 0x00, 0x0f, 0x40, 0x42,
    0x00, 0x00, 0x41, 0x4d, 0x32, 0x00, 0x07, 0x00, 0x00, 0x00, 0x80, 0x43, 0x00, 0x00, 0x83, 0xff,
    0x83, 0x00, 0x0f, 0x80, 0x43, 0x00, 0x00, 0x41, 0x4d, 0x32, 0x00, 0x08, 0x00, 0x00, 0x00, 0xc0,
    0x44, 0x00, 0x00, 0x83, 0xff, 0x83, 0x00, 0x08, 0xc0, 0x44, 0x00, 0x00, 0x41, 0x4d, 0x32, 0x00,
    0x09, 0x83, 0x00, 0x02, 0x46, 0x00, 0x00, 0x83, 0xff, 0x84, 0x00, 0x0e, 0x46, 0x00, 0x00, 0x41,
    0x4d, 0x32, 0x00, 0x0a, 0x00, 0x00, 0x00, 0x40, 0x47, 0x00, 0x00, 0x83, 0xff, 0x83, 0x00, 0x0f,
    0x40, 0x47, 0x00, 0x00, 0x41, 0x4d, 0x32, 0x00, 0x0b, 0x00, 0x00, 0x00, 0x80, 0x48, 0x00, 0x00,
    0x83, 0xff, 0x83, 0x00, 0x0f, 0x80, 0x48, 0x00, 0x00, 0x41, 0x4d, 0x32, 0x00, 0x0c, 0x00, 0x00,
    0x00, 0xc0, 0x49, 0x00, 0x00, 0x83, 0xff, 0x83, 0x00, 0x08, 0xc0, 0x49, 0x00, 0x00, 0x41, 0x4d,
    0x32, 0x00, 0x0d, 0x83, 0x00, 0x02, 0x4b, 0x00, 0x00, 0x83, 0xff, 0x84, 0x00, 0x0e, 0x4b, 0x00,
    0x00, 0x41, 0x4d, 0x32, 0x00, 0x0e, 0x00, 0x00, 0x00, 0x40, 0x4c, 0x00, 0x00, 0x83, 0xff, 0x83,
    0x00, 0x0f, 0x40, 0x4c, 0x00, 0x00, 0x41, 0x4d, 0x32, 0x00, 0x0f, 0x00, 0x00, 0x00, 0x80, 0x4d,
    0x00, 0x00, 0x83, 0xff, 0x83, 0x00, 0x0f, 0x80, 0x4d, 0x00, 0x00, 0x41, 0x4d, 0x32, 0x00, 0x10,
    0x00, 0x00, 0x00, 0xc0, 0x4e, 0x00, 0x00, 0x83, 0xff, 0x83, 0x00, 0x08, 0xc0, 0x4e, 0x00, 0x00,
    0x41, 0x4d, 0x32, 0x00, 0x11, 0x83, 0x00, 0x02, 0x50, 0x00, 0x00, 0x83, 0xff, 0x84, 0x00, 0x0e,
    0x50, 0x00, 0x00, 0x41, 0x4d, 0x32, 0x00, 0x12, 0x00, 0x00, 0x00, 0x40, 0x51, 0x00, 0x00, 0x83,
    0xff, 0x83, 0x00, 0x0f, 0x40, 0x51, 0x00, 0x00, 0x41, 0x4d, 0x32, 0x00, 0x13, 0x00, 0x00, 0x00,
    0x80, 0x52, 0x00, 0x00, 0x83, 0xff, 0x83, 0x00, 0x0f, 0x80, 0x52, 0x00, 0x00, 0x41, 0x4d, 0x32,
    0x00, 0x14, 0x00, 0x00, 0x00, 0xc0, 0x53, 0x00, 0x00, 0x83, 0xff, 0x83, 0x00, 0x08, 0xc0, 0x53,
    0x00, 0x00, 0x41, 0x4d, 0x32, 0x00, 0x15, 0x83, 0x00, 0x02, 0x55, 0x00, 0x00, 0x83, 0xff, 0x84,
    0x00, 0x0e, 0x55, 0x00, 0x00, 0x41, 0x4d, 0x32, 0x00, 0x16, 0x00, 0x00, 0x00, 0x40, 0x56, 0x00,
    0x00, 0x83, 0xff, 0x83, 0x00, 0x0f, 0x40, 0x56, 0x00, 0x00, 0x41, 0x4d, 0x32, 0x00, 0x17, 0x00,
    0x00, 0x00, 0x80, 0x57, 0x00, 0x00, 0x83, 0xff, 0x83, 0x00, 0x0f, 0x80, 0x57, 0x00, 0x00, 0x41,
    0x4d, 0x32, 0x00, 0x18, 0x00, 0x00, 0x00, 0xc0, 0x58, 0x00, 0x00, 0x83, 0xff, 0x83, 0x00, 0x08,
    0xc0, 0x58, 0x00, 0x00, 0x41, 0x4d, 0x32, 0x00, 0x01, 0x83, 0x00, 0x02, 0x3c, 0x00, 0x00, 0x83,
    0xff, 0x84, 0x00, 0x0e, 0x3c, 0x00, 0x00, 0x4d, 0x41, 0x53, 0x00, 0x02, 0x00, 0x00, 0x00, 0x40,
    0x3d, 0x00, 0x00, 0x83, 0xff, 0x13, 0x01, 0x00, 0x00, 0x00, 0x40, 0x3d, 0x00, 0x00, 0x4d, 0x49,
    0x54, 0x00, 0x03, 0x00, 0x00, 0x00, 0x80, 0x3e, 0x00, 0x00, 0x83, 0xff, 0x83, 0x00, 0x0f, 0x80,
    0x3e, 0x00, 0x00, 0x44, 0x45, 0x4b, 0x00, 0x04, 0x00, 0x00, 0x00, 0xc0, 0x3f, 0x00, 0x00, 0x83,
    0xff, 0x0c, 0x01, 0x00, 0x00, 0x00, 0xc0, 0x3f, 0x00, 0x00, 0x44, 0x2e, 0x4b, 0x00, 0x05, 0x83,
    0x00, 0x02, 0x41, 0x00, 0x00, 0x83, 0xff, 0x00, 0x02, 0x83, 0x00, 0x0e, 0x41, 0x00, 0x00, 0x4d,
    0x49, 0x59, 0x00, 0x06, 0x00, 0x00, 0x00, 0x40, 0x42, 0x00, 0x00, 0x83, 0xff, 0x83, 0x00, 0x0f,
    0x40, 0x42, 0x00, 0x00, 0x41, 0x4d, 0x32, 0x00, 0x07, 0x00, 0x00, 0x00, 0x80, 0x43, 0x00, 0x00,
    0x83, 0xff, 0x83, 0x00, 0x0f, 0x80, 0x43, 0x00, 0x00, 0x41, 0x4d, 0x32, 0x00, 0x08, 0x00, 0x00,
    0x00, 0xc0, 0x44, 0x00, 0x00, 0x83, 0xff, 0x83, 0x00, 0x08, 0xc0, 0x44, 0x00, 0x00, 0x41, 0x4d,
    0x32, 0x00, 0x09, 0x83, 0x00, 0x02, 0x46, 0x00, 0x00, 0x83, 0xff, 0x84, 0x00, 0x0e, 0x46, 0x00,
    0x00, 0x41, 0x4d, 0x32, 0x00, 0x0a, 0x00, 0x00, 0x00, 0x40, 0x47, 0x00, 0x00, 0x83, 0xff, 0x83,
    0x00, 0x0f, 0x40, 0x47, 0x00, 0x00, 0x41, 0x4d, 0x32, 0x00, 0x0b, 0x00, 0x00, 0x00, 0x80, 0x48,
    0x00, 0x00, 0x83, 0xff, 0x83, 0x00, 0x0f, 0x80, 0x48, 0x00, 0x00, 0x41, 0x4d, 0x32, 0x00, 0x0c,
    0x00, 0x00, 0x00, 0xc0, 0x49, 0x00, 0x00, 0x83, 0xff, 0x83, 0x00, 0x08, 0xc0, 0x49, 0x00, 0x00,
    0x41, 0x4d, 0x32, 0x00, 0x0d, 0x83, 0x00, 0x02, 0x4b, 0x00, 0x00, 0x83, 0xff, 0x84, 0x00, 0x0e,
    0x4b, 0x00, 0x00, 0x41, 0x4d, 0x32, 0x00, 0x0e, 0x00, 0x00, 0x00, 0x40, 0x4c, 0x00, 0x00, 0x83,
    0xff, 0x83, 0x00, 0x0f, 0x40, 0x4c, 0x00, 0x00, 0x41, 0x4d, 0x32, 0x00, 0x0f, 0x00, 0x00, 0x00,
    0x80, 0x4d, 0x00, 0x00, 0x83, 0xff, 0x83, 0x00, 0x0f, 0x80, 0x4d, 0x00, 0x00, 0x41, 0x4d, 0x32,
    0x00, 0x10, 0x00, 0x00, 0x00, 0xc0, 0x4e, 0x00, 0x00, 0x83, 0xff, 0x83, 0x00, 0x08, 0xc0, 0x4e,
    0x00, 0x00, 0x41, 0x4d, 0x32, 0x00, 0x11, 0x83, 0x00, 0x02, 0x50, 0x00, 0x00, 0x83, 0xff, 0x84,
    0x00, 0x0e, 0x50, 0x00, 0x00, 0x41, 0x4d, 0x32, 0x00, 0x12, 0x00, 0x00, 0x00, 0x40, 0x51, 0x00,
    0x00, 0x83, 0xff, 0x83, 0x00, 0x0f, 0x40, 0x51, 0x00, 0x00, 0x41, 0x4d, 0x32, 0x00, 0x13, 0x00,
    0x00, 0x00, 0x80, 0x52, 0x00, 0x00, 0x83, 0xff, 0x83, 0x00, 0x0f, 0x80, 0x52, 0x00, 0x00, 0x41,
    0x4d, 0x32, 0x00, 0x14, 0x00, 0x00, 0x00, 0xc0, 0x53, 0x00, 0x00, 0x83, 0xff, 0x83, 0x00, 0x08,
    0xc0, 0x53, 0x00, 0x00, 0x41, 0x4d, 0x32, 0x00, 0x15, 0x83, 0x00, 0x02, 0x55, 0x00, 0x00, 0x83,
    0xff, 0x84, 0x00, 0x0e, 0x55, 0x00, 0x00, 0x41, 0x4d, 0x32, 0x00, 0x16, 0x00, 0x00, 0x00, 0x40,
    0x56, 0x00, 0x00, 0x83, 0xff, 0x83, 0x00, 0x0f, 0x40, 0x56, 0x00, 0x00, 0x41, 0x4d, 0x32, 0x00,
    0x17, 0x00, 0x00, 0x00, 0x80, 0x57, 0x00, 0x00, 0x83, 0xff, 0x83, 0x00, 0x0f, 0x80, 0x57, 0x00,
    0x00, 0x41, 0x4d, 0x32, 0x00, 0x18, 0x00, 0x00, 0x00, 0xc0, 0x58, 0x00, 0x00, 0x83, 0xff, 0x83,
    0x00, 0x07, 0xc0, 0x58, 0x00, 0x00, 0x41, 0x4d, 0x32, 0x00, 0xff, 0xff, 0xff, 0xff, 0xbf, 0xff,
    0x0b, 0x00, 0x05, 0x00, 0x00, 0x00, 0x0f, 0x00, 0x00, 0x00, 0x1e, 0x00, 0x00, 0x83, 0xff, 0x0b,
    0x00, 0x28, 0x00, 0x00, 0x00, 0x3c, 0x00, 0x00, 0x00, 0x3c, 0x00, 0x00, 0x83, 0xff, 0x0b, 0x00,
    0x05, 0x00, 0x00, 0x00, 0x0f, 0x00, 0x00, 0x00, 0x1e, 0x00, 0x00, 0x83, 0xff, 0x0b, 0x00, 0x28,
    0x00, 0x00, 0x00, 0x3c, 0x00, 0x00, 0x00, 0x3c, 0x00, 0x00, 0x83, 0xff, 0x83, 0x00, 0xbb, 0xff,
    0x47, 0xc0, 0x18, 0x00, 0x00, 0xc0, 0x18, 0x00, 0x00, 0xc0, 0x18, 0x00, 0x00, 0xc0, 0x18, 0x00,
    0x00, 0xc0, 0x18, 0x00, 0x00, 0xc0, 0x18, 0x00, 0x00, 0xc0, 0x18, 0x00, 0x00, 0xc0, 0x18, 0x00,
    0x00, 0xc0, 0x18, 0x00, 0x00, 0xc0, 0x18, 0x00, 0x00, 0xc0, 0x18, 0x00, 0x00, 0xc0, 0x18, 0x00,
    0x00, 0xc0, 0x18, 0x00, 0x00, 0xc0, 0x18, 0x00, 0x00, 0xc0, 0x18, 0x00, 0x00, 0xc0, 0x18, 0x00,
    0x00, 0xc0, 0x18, 0x00, 0x00, 0xc0, 0x18, 0x00, 0x00, 0xff, 0xff, 0xff, 0xff, 0xff, 0xff, 0xff,
    0xff, 0xff, 0xff, 0xff, 0xff, 0xff, 0xff, 0xff, 0xff, 0xff, 0xff, 0xff, 0xff, 0xff, 0xff, 0xff,
    0xff, 0xff, 0xff, 0xff, 0xff, 0xff, 0xff, 0xff, 0xff, 0xff, 0xff, 0xff, 0xff, 0xff, 0xff, 0xff,
    0xff, 0xff, 0xff, 0xff, 0xff, 0xff, 0xff, 0xff, 0xff, 0xff, 0xff, 0xff, 0xff, 0xff, 0xff, 0xff,
    0xff, 0xff, 0xff, 0xff, 0xff, 0xff, 0xff, 0xff, 0xff, 0xff, 0xff, 0xff, 0xff, 0xff, 0xff, 0xff,
    0xff, 0xff, 0xff, 0xff, 0xff, 0xff, 0xff, 0xff, 0xff, 0xff, 0xff, 0xff, 0xff, 0xff, 0xff, 0xff,
    0xff, 0xff, 0xff, 0xff, 0xff, 0xff, 0xff, 0xff, 0xff, 0xff, 0xff, 0xff, 0xff, 0xff, 0xff, 0xff,
    0xff, 0xff, 0xff, 0xff, 0xff, 0xff, 0xff, 0xff, 0xff, 0xff, 0xff, 0xff, 0xff, 0xff, 0xff, 0xff,
    0xff, 0xff, 0xff, 0xff, 0xff, 0xff, 0xff, 0xff, 0xff, 0xff, 0xff, 0xff, 0xff, 0xff, 0xff, 0xff,
    0xff, 0xff, 0xff, 0xff, 0xff, 0xff, 0xff, 0xff, 0xff, 0xff, 0xff, 0xff, 0xff, 0xff, 0xff, 0xff,
    0xff, 0xff, 0xff, 0xff, 0xff, 0xff, 0xff, 0xff, 0xff, 0xff, 0xff, 0xff, 0xff, 0xff, 0xff, 0xff,
    0xff, 0xff, 0xff, 0xff, 0xff, 0xff, 0xff, 0xff, 0xff, 0xff, 0xff, 0xff, 0xff, 0xff, 0xff, 0xff,
    0xff, 0xff, 0xff, 0xff, 0xff, 0xff, 0xff, 0xff, 0xff, 0xff, 0xff, 0xff, 0xff, 0xff, 0xff, 0xff,
    0xff, 0xff, 0xff, 0xff, 0xff, 0xff, 0xff, 0xd7, 0xff, 0x0a, 0x45, 0x53, 0x41, 0x47, 0x82, 0x40,
    0x00, 0x02, 0x27, 0xf8, 0x01, 0x84, 0x00, 0x0b, 0x01, 0x00, 0x01, 0x01, 0x01, 0x00, 0x00, 0x01,
    0x00, 0x00, 0x01, 0x01, 0x84, 0x00, 0x00, 0x01, 0x8d, 0x00, 0x09, 0x02, 0x02, 0x1c, 0x14, 0x01,
    0x00, 0x01, 0x00, 0x01, 0x04, 0xc2, 0x00, 0x02, 0x01, 0x00, 0x00,
};

static constexpr u8 kDesert[] = {
    0x0a, 0x53, 0x45, 0x47, 0x41, 0x3e, 0x82, 0x01, 0x00, 0x1b, 0xd6, 0xff, 0x85, 0x00, 0x08, 0x01,
    0x01, 0x01, 0x00, 0x01, 0x01, 0xff, 0xff, 0x01, 0x85, 0x00, 0x04, 0x01, 0x00, 0x00, 0x00, 0x01,
    0xd6, 0x00, 0x00, 0x01, 0xff, 0x00, 0xff, 0x00, 0xff, 0x00, 0xff, 0x00, 0xff, 0x00, 0xff, 0x00,
    0xff, 0x00, 0xff, 0x00, 0xff, 0x00, 0xff, 0x00, 0xff, 0x00, 0xff, 0x00, 0xff, 0x00, 0xff, 0x00,
    0xff, 0x00, 0xff, 0x00, 0xff, 0x00, 0xff, 0x00, 0xff, 0x00, 0xff, 0x00, 0xff, 0x00, 0xff, 0x00,
    0xff, 0x00, 0xff, 0x00, 0xff, 0x00, 0xff, 0x00, 0xff, 0x00, 0xff, 0x00, 0xff, 0x00, 0xff, 0x00,
    0xff, 0x00, 0xff, 0x00, 0xff, 0x00, 0xff, 0x00, 0xff, 0x00, 0xff, 0x00, 0xff, 0x00, 0xff, 0x00,
    0xff, 0x00, 0xff, 0x00, 0xff, 0x00, 0xff, 0x00, 0xff, 0x00, 0xff, 0x00, 0xff, 0x00, 0xff, 0x00,
    0xff, 0x00, 0xff, 0x00, 0xff, 0x00, 0xff, 0x00, 0xff, 0x00, 0xff, 0x00, 0xff, 0x00, 0xff, 0x00,
    0xff, 0x00, 0xff, 0x00, 0xff, 0x00, 0xff, 0x00, 0xff, 0x00, 0xff, 0x00, 0xff, 0x00, 0xff, 0x00,
    0xff, 0x00, 0xff, 0x00, 0xff, 0x00, 0xff, 0x00, 0xff, 0x00, 0xff, 0x00, 0xff, 0x00, 0xff, 0x00,
    0xff, 0x00, 0xff, 0x00, 0xff, 0x00, 0xff, 0x00, 0xff, 0x00, 0xff, 0x00, 0xff, 0x00, 0xff, 0x00,
    0xff, 0x00, 0xff, 0x00, 0xff, 0x00, 0xff, 0x00, 0xff, 0x00, 0xff, 0x00, 0xff, 0x00, 0xff, 0x00,
    0xff, 0x00, 0xff, 0x00, 0xff, 0x00, 0xff, 0x00, 0xff, 0x00, 0xff, 0x00, 0xff, 0x00, 0xff, 0x00,
    0xff, 0x00, 0xff, 0x00, 0xff, 0x00, 0xff, 0x00, 0xff, 0x00, 0xff, 0x00, 0xff, 0x00, 0xff, 0x00,
    0xff, 0x00, 0xb2, 0x00, 0x0b, 0x40, 0x34, 0xd0, 0x01, 0x80, 0x36, 0xd0, 0x01, 0xc0, 0x38, 0xd0,
    0x01, 0x83, 0x00, 0x06, 0x01, 0x00, 0x00, 0x00, 0x80, 0x4f, 0x12, 0x88, 0x00, 0x0e, 0x80, 0x25,
    0x00, 0x00, 0x4c, 0x47, 0x53, 0x00, 0x02, 0x00, 0x00, 0x00, 0x30, 0x8c, 0x11, 0x88, 0x00, 0x0e,
    0x80, 0x25, 0x00, 0x00, 0x48, 0x4a, 0x57, 0x00, 0x03, 0x00, 0x00, 0x00, 0xe0, 0xc8, 0x10, 0x88,
    0x00, 0x0e, 0x80, 0x25, 0x00, 0x00, 0x50, 0x4c, 0x50, 0x00, 0x04, 0x00, 0x00, 0x00, 0x90, 0x05,
    0x10, 0x88, 0x00, 0x0e, 0x80, 0x25, 0x00, 0x00, 0x44, 0x53, 0x4c, 0x00, 0x05, 0x00, 0x00, 0x00,
    0x40, 0x42, 0x0f, 0x88, 0x00, 0x0e, 0x80, 0x25, 0x00, 0x00, 0x4d, 0x49, 0x52, 0x00, 0x06, 0x00,
    0x00, 0x00, 0xf0, 0x7e, 0x0e, 0x88, 0x00, 0x0e, 0x80, 0x25, 0x00, 0x00, 0x4d, 0x50, 0x4e, 0x00,
    0x07, 0x00, 0x00, 0x00, 0xa0, 0xbb, 0x0d, 0x88, 0x00, 0x0e, 0x80, 0x25, 0x00, 0x00, 0x59, 0x55,
    0x2e, 0x00, 0x08, 0x00, 0x00, 0x00, 0x50, 0xf8, 0x0c, 0x88, 0x00, 0x08, 0x80, 0x25, 0x00, 0x00,
    0x4b, 0x41, 0x54, 0x00, 0x09, 0x83, 0x00, 0x01, 0x35, 0x0c, 0x88, 0x00, 0x0e, 0x80, 0x25, 0x00,
    0x00, 0x4f, 0x53, 0x41, 0x00, 0x0a, 0x00, 0x00, 0x00, 0xb0, 0x71, 0x0b, 0x88, 0x00, 0x0e, 0x80,
    0x25, 0x00, 0x00, 0x44, 0x52, 0x4c, 0x00, 0x0b, 0x00, 0x00, 0x00, 0x60, 0xae, 0x0a, 0x88, 0x00,
    0x0e, 0x80, 0x25, 0x00, 0x00, 0x53, 0x57, 0x48, 0x00, 0x0c, 0x00, 0x00, 0x00, 0x10, 0xeb, 0x09,
    0x88, 0x00, 0x06, 0x80, 0x25, 0x00, 0x00, 0x4a, 0x53, 0x4c, 0xff, 0x00, 0xff, 0x00, 0xa0, 0x00,
    0x06, 0x01, 0x00, 0x00, 0x00, 0x80, 0x4f, 0x12, 0x88, 0x00, 0x0e, 0x80, 0x25, 0x00, 0x00, 0x4c,
    0x47, 0x53, 0x00, 0x02, 0x00, 0x00, 0x00, 0x30, 0x8c, 0x11, 0x88, 0x00, 0x0e, 0x80, 0x25, 0x00,
    0x00, 0x48, 0x4a, 0x57, 0x00, 0x03, 0x00, 0x00, 0x00, 0xe0, 0xc8, 0x10, 0x88, 0x00, 0x0e, 0x80,
    0x25, 0x00, 0x00, 0x50, 0x4c, 0x50, 0x00, 0x04, 0x00, 0x00, 0x00, 0x90, 0x05, 0x10, 0x88, 0x00,
    0x0e, 0x80, 0x25, 0x00, 0x00, 0x44, 0x53, 0x4c, 0x00, 0x05, 0x00, 0x00, 0x00, 0x40, 0x42, 0x0f,
    0x88, 0x00, 0x0e, 0x80, 0x25, 0x00, 0x00, 0x4d, 0x49, 0x52, 0x00, 0x06, 0x00, 0x00, 0x00, 0xf0,
    0x7e, 0x0e, 0x88, 0x00, 0x0e, 0x80, 0x25, 0x00, 0x00, 0x4d, 0x50, 0x4e, 0x00, 0x07, 0x00, 0x00,
    0x00, 0xa0, 0xbb, 0x0d, 0x88, 0x00, 0x0e, 0x80, 0x25, 0x00, 0x00, 0x59, 0x55, 0x2e, 0x00, 0x08,
    0x00, 0x00, 0x00, 0x50, 0xf8, 0x0c, 0x88, 0x00, 0x08, 0x80, 0x25, 0x00, 0x00, 0x4b, 0x41, 0x54,
    0x00, 0x09, 0x83, 0x00, 0x01, 0x35, 0x0c, 0x88, 0x00, 0x0e, 0x80, 0x25, 0x00, 0x00, 0x4f, 0x53,
    0x41, 0x00, 0x0a, 0x00, 0x00, 0x00, 0xb0, 0x71, 0x0b, 0x88, 0x00, 0x0e, 0x80, 0x25, 0x00, 0x00,
    0x44, 0x52, 0x4c, 0x00, 0x0b, 0x00, 0x00, 0x00, 0x60, 0xae, 0x0a, 0x88, 0x00, 0x0e, 0x80, 0x25,
    0x00, 0x00, 0x53, 0x57, 0x48, 0x00, 0x0c, 0x00, 0x00, 0x00, 0x10, 0xeb, 0x09, 0x88, 0x00, 0x06,
    0x80, 0x25, 0x00, 0x00, 0x4a, 0x53, 0x4c, 0xff, 0x00, 0xff, 0x00, 0xa0, 0x00, 0x00, 0x01, 0x83,
    0x00, 0x01, 0x6a, 0x18, 0x88, 0x00, 0x0e, 0x80, 0x25, 0x00, 0x00, 0x45, 0x53, 0x44, 0x00, 0x02,
    0x00, 0x00, 0x00, 0xb0, 0xa6, 0x17, 0x88, 0x00, 0x0e, 0x80, 0x25, 0x00, 0x00, 0x53, 0x43, 0x50,
    0x00, 0x03, 0x00, 0x00, 0x00, 0x60, 0xe3, 0x16, 0x88, 0x00, 0x0e, 0x80, 0x25, 0x00, 0x00, 0x44,
    0x4a, 0x4f, 0x00, 0x04, 0x00, 0x00, 0x00, 0x10, 0x20, 0x16, 0x88, 0x00, 0x0e, 0x80, 0x25, 0x00,
    0x00, 0x53, 0x41, 0x43, 0x00, 0x05, 0x00, 0x00, 0x00, 0xc0, 0x5c, 0x15, 0x88, 0x00, 0x0e, 0x80,
    0x25, 0x00, 0x00, 0x52, 0x43, 0x48, 0x00, 0x06, 0x00, 0x00, 0x00, 0x70, 0x99, 0x14, 0x88, 0x00,
    0x0e, 0x80, 0x25, 0x00, 0x00, 0x52, 0x4c, 0x57, 0x00, 0x07, 0x00, 0x00, 0x00, 0x20, 0xd6, 0x13,
    0x88, 0x00, 0x0e, 0x80, 0x25, 0x00, 0x00, 0x57, 0x52, 0x53, 0x00, 0x08, 0x00, 0x00, 0x00, 0xd0,
    0x12, 0x13, 0x88, 0x00, 0x0e, 0x80, 0x25, 0x00, 0x00, 0x47, 0x2e, 0x44, 0x00, 0x09, 0x00, 0x00,
    0x00, 0x80, 0x4f, 0x12, 0x88, 0x00, 0x0e, 0x80, 0x25, 0x00, 0x00, 0x52, 0x4d, 0x5a, 0x00, 0x0a,
    0x00, 0x00, 0x00, 0x30, 0x8c, 0x11, 0x88, 0x00, 0x0e, 0x80, 0x25, 0x00, 0x00, 0x57, 0x54, 0x4d,
    0x00, 0x0b, 0x00, 0x00, 0x00, 0xe0, 0xc8, 0x10, 0x88, 0x00, 0x0e, 0x80, 0x25, 0x00, 0x00, 0x53,
    0x4d, 0x42, 0x00, 0x0c, 0x00, 0x00, 0x00, 0x90, 0x05, 0x10, 0x88, 0x00, 0x06, 0x80, 0x25, 0x00,
    0x00, 0x43, 0x41, 0x4d, 0xff, 0x00, 0xff, 0x00, 0xa0, 0x00, 0x11, 0x53, 0x2d, 0x52, 0x41, 0x4d,
    0x20, 0x43, 0x48, 0x45, 0x43, 0x4b, 0x20, 0x4f, 0x4b, 0x20, 0x21, 0x21, 0x21, 0xff, 0x00, 0xff,
    0x00, 0xff, 0x00, 0xff, 0x00, 0xff, 0x00, 0xf5, 0x00, 0x04, 0x01, 0x00, 0x00, 0x00, 0x01, 0xff,
    0x00, 0xe2, 0x00, 0x01, 0xae, 0x05, 0x85, 0x00, 0x00, 0x50, 0x84, 0x00, 0x01, 0x65, 0x6c, 0x87,
    0x00, 0x04, 0x01, 0x00, 0x00, 0x00, 0x01, 0xff, 0x00, 0xe2, 0x00, 0x01, 0xae, 0x05, 0x85, 0x00,
    0x00, 0x50, 0x84, 0x00, 0x0d, 0x65, 0x6c, 0x45, 0x53, 0x41, 0x47, 0x82, 0x3e, 0x00, 0x01, 0xd6,
    0x1b, 0x00, 0xff, 0x83, 0x00, 0x09, 0x01, 0x00, 0x01, 0x01, 0x01, 0x00, 0xff, 0x01, 0x01, 0xff,
    0x86, 0x00, 0x04, 0x01, 0x00, 0x00, 0x00, 0x01, 0xd6, 0x00, 0x02, 0x01, 0x00, 0x00,
};

static constexpr u8 kDoa[] = {
    0x87, 0x00, 0x01, 0x3d, 0x2d, 0x91, 0x00, 0x83, 0xff, 0xff, 0x00, 0xff, 0x00, 0xff, 0x00, 0xff,
    0x00, 0xbb, 0x00, 0x0d, 0xa0, 0x8c, 0x00, 0x00, 0x0c, 0x00, 0x41, 0x00, 0x4b, 0x00, 0x55, 0x00,
    0xb0, 0x9a, 0x83, 0x00, 0x7f, 0x48, 0x00, 0x2e, 0x00, 0x4e, 0x00, 0xc0, 0xa8, 0x00, 0x00, 0x08,
    0x00, 0x45, 0x00, 0x44, 0x00, 0x20, 0x00, 0xd0, 0xb6, 0x00, 0x00, 0x06, 0x00, 0x54, 0x00, 0x53,
    0x00, 0x55, 0x00, 0xe0, 0xc4, 0x00, 0x00, 0x04, 0x00, 0x47, 0x00, 0x32, 0x00, 0x4f, 0x00, 0xf0,
    0xd2, 0x00, 0x00, 0x02, 0x00, 0x4d, 0x00, 0x41, 0x00, 0x5a, 0x00, 0x00, 0xe1, 0x00, 0x00, 0x05,
    0x00, 0x4b, 0x00, 0x45, 0x00, 0x49, 0x00, 0x10, 0xef, 0x00, 0x00, 0x01, 0x00, 0x4f, 0x00, 0x53,
    0x00, 0x41, 0x00, 0x20, 0xfd, 0x00, 0x00, 0x0c, 0x00, 0x45, 0x00, 0x2e, 0x00, 0x4d, 0x00, 0x30,
    0x0b, 0x01, 0x00, 0x00, 0x00, 0x4e, 0x00, 0x4f, 0x00, 0x42, 0x00, 0xa0, 0x8c, 0x00, 0x00, 0x08,
    0x00, 0x45, 0x00, 0x48, 0x00, 0x41, 0x00, 0xb0, 0x9a, 0x00, 0x00, 0x06, 0x00, 0x41, 0x00, 0x42,
    0x00, 0x55, 0x00, 0xc0, 0xa8, 0x2f, 0x00, 0x00, 0x04, 0x00, 0x44, 0x00, 0x44, 0x00, 0x54, 0x00,
    0xd0, 0xb6, 0x00, 0x00, 0x02, 0x00, 0x44, 0x00, 0x52, 0x00, 0x41, 0x00, 0xe0, 0xc4, 0x00, 0x00,
    0x05, 0x00, 0x53, 0x00, 0x57, 0x00, 0x54, 0x00, 0xf0, 0xd2, 0x00, 0x00, 0x01, 0x00, 0x59, 0x00,
    0x2e, 0x00, 0x4d, 0x00, 0x00, 0xe1, 0x83, 0x00, 0x2b, 0x48, 0x00, 0x44, 0x00, 0x4b, 0x00, 0x10,
    0xef, 0x00, 0x00, 0x04, 0x00, 0x4b, 0x00, 0x41, 0x00, 0x54, 0x00, 0x20, 0xfd, 0x00, 0x00, 0x02,
    0x00, 0x49, 0x00, 0x54, 0x00, 0x41, 0x00, 0x30, 0x0b, 0x01, 0x00, 0x05, 0x00, 0x59, 0x00, 0x2e,
    0x00, 0x48, 0x00, 0x3d, 0x2d, 0x91, 0x00, 0x83, 0xff, 0xff, 0x00, 0xff, 0x00, 0xff, 0x00, 0xff,
    0x00, 0xbb, 0x00, 0x0d, 0xa0, 0x8c, 0x00, 0x00, 0x0c, 0x00, 0x41, 0x00, 0x4b, 0x00, 0x55, 0x00,
    0xb0, 0x9a, 0x83, 0x00, 0x7f, 0x48, 0x00, 0x2e, 0x00, 0x4e, 0x00, 0xc0, 0xa8, 0x00, 0x00, 0x08,
    0x00, 0x45, 0x00, 0x44, 0x00, 0x20, 0x00, 0xd0, 0xb6, 0x00, 0x00, 0x06, 0x00, 0x54, 0x00, 0x53,
    0x00, 0x55, 0x00, 0xe0, 0xc4, 0x00, 0x00, 0x04, 0x00, 0x47, 0x00, 0x32, 0x00, 0x4f, 0x00, 0xf0,
    0xd2, 0x00, 0x00, 0x02, 0x00, 0x4d, 0x00, 0x41, 0x00, 0x5a, 0x00, 0x00, 0xe1, 0x00, 0x00, 0x05,
    0x00, 0x4b, 0x00, 0x45, 0x00, 0x49, 0x00, 0x10, 0xef, 0x00, 0x00, 0x01, 0x00, 0x4f, 0x00, 0x53,
    0x00, 0x41, 0x00, 0x20, 0xfd, 0x00, 0x00, 0x0c, 0x00, 0x45, 0x00, 0x2e, 0x00, 0x4d, 0x00, 0x30,
    0x0b, 0x01, 0x00, 0x00, 0x00, 0x4e, 0x00, 0x4f, 0x00, 0x42, 0x00, 0xa0, 0x8c, 0x00, 0x00, 0x08,
    0x00, 0x45, 0x00, 0x48, 0x00, 0x41, 0x00, 0xb0, 0x9a, 0x00, 0x00, 0x06, 0x00, 0x41, 0x00, 0x42,
    0x00, 0x55, 0x00, 0xc0, 0xa8, 0x2f, 0x00, 0x00, 0x04, 0x00, 0x44, 0x00, 0x44, 0x00, 0x54, 0x00,
    0xd0, 0xb6, 0x00, 0x00, 0x02, 0x00, 0x44, 0x00, 0x52, 0x00, 0x41, 0x00, 0xe0, 0xc4, 0x00, 0x00,
    0x05, 0x00, 0x53, 0x00, 0x57, 0x00, 0x54, 0x00, 0xf0, 0xd2, 0x00, 0x00, 0x01, 0x00, 0x59, 0x00,
    0x2e, 0x00, 0x4d, 0x00, 0x00, 0xe1, 0x83, 0x00, 0x29, 0x48, 0x00, 0x44, 0x00, 0x4b, 0x00, 0x10,
    0xef, 0x00, 0x00, 0x04, 0x00, 0x4b, 0x00, 0x41, 0x00, 0x54, 0x00, 0x20, 0xfd, 0x00, 0x00, 0x02,
    0x00, 0x49, 0x00, 0x54, 0x00, 0x41, 0x00, 0x30, 0x0b, 0x01, 0x00, 0x05, 0x00, 0x59, 0x00, 0x2e,
    0x00, 0x48, 0x00, 0xff, 0xff, 0xff, 0xff, 0xff, 0xff, 0xff, 0xff, 0xff, 0xff, 0xff, 0xff, 0xff,
    0xff, 0xff, 0xff, 0xff, 0xff, 0xff, 0xff, 0xff, 0xff, 0xff, 0xff, 0xff, 0xff, 0xff, 0xff, 0xff,
    0xff, 0xff, 0xff, 0xff, 0xff, 0xff, 0xff, 0xff, 0xff, 0xff, 0xff, 0xff, 0xff, 0xff, 0xff, 0xff,
    0xff, 0xff, 0xff, 0xff, 0xff, 0xff, 0xff, 0xff, 0xff, 0xff, 0xff, 0xff, 0xff, 0xff, 0xff, 0xff,
    0xff, 0xff, 0xff, 0xff, 0xff, 0xff, 0xff, 0xff, 0xff, 0xff, 0xff, 0xff, 0xff, 0xff, 0xff, 0xff,
    0xff, 0xff, 0xff, 0xff, 0xff, 0xff, 0xff, 0xff, 0xff, 0xff, 0xff, 0xff, 0xff, 0xff, 0xff, 0xff,
    0xff, 0xff, 0xff, 0xff, 0xff, 0xff, 0xff, 0xff, 0xff, 0xff, 0xff, 0xff, 0xff, 0xff, 0xff, 0xff,
    0xff, 0xff, 0xff, 0xff, 0xff, 0xff, 0xff, 0xff, 0xff, 0xff, 0xff, 0xff, 0xff, 0xff, 0xff, 0xff,
    0xff, 0xff, 0xff, 0xff, 0xff, 0xff, 0xff, 0xff, 0xff, 0xff, 0xff, 0xff, 0xff, 0xff, 0xff, 0xff,
    0xff, 0xff, 0xff, 0xff, 0xff, 0xff, 0xff, 0xff, 0xff, 0xff, 0xff, 0xff, 0xff, 0xff, 0xff, 0xff,
    0xff, 0xff, 0xff, 0xff, 0xff, 0xff, 0xff, 0xff, 0xff, 0xff, 0xff, 0xff, 0xff, 0xff, 0xff, 0xff,
    0xff, 0xff, 0xff, 0xff, 0xff, 0xff, 0xff, 0xff, 0xff, 0xff, 0xff, 0xff, 0xff, 0xff, 0xff, 0xff,
    0xff, 0xff, 0xff, 0xff, 0xff, 0xff, 0xff, 0xff, 0xff, 0xff, 0xff, 0xff, 0xff, 0xff, 0xff, 0xff,
    0xff, 0xff, 0xff, 0xff, 0xff, 0xff, 0xff, 0xff, 0xff, 0xff, 0xff, 0xff, 0xff, 0xff, 0xff, 0xff,
    0xff, 0xff, 0xff, 0xff, 0xff, 0xff, 0xff, 0xef, 0xff, 0x0c, 0x53, 0x33, 0x32, 0x41, 0x77, 0x07,
    0x00, 0x00, 0x0d, 0x00, 0x00, 0x00, 0x02, 0x83, 0x00, 0x01, 0x01, 0x00, 0x83, 0x01, 0x06, 0x00,
    0x00, 0x00, 0x02, 0x02, 0x01, 0x01, 0x8d, 0x00, 0x04, 0x0d, 0x00, 0x00, 0x00, 0x02, 0x83, 0x00,
    0x01, 0x01, 0x00, 0x83, 0x01, 0x06, 0x00, 0x00, 0x00, 0x02, 0x02, 0x01, 0x01, 0x8d, 0x00, 0xaf,
    0xff,
};

static constexpr u8 kDynabb[] = {
    0x11, 0x44, 0x59, 0x4e, 0x41, 0x4d, 0x49, 0x54, 0x45, 0x20, 0x42, 0x2e, 0x42, 0x2e, 0x20, 0x30,
    0x32, 0xbb, 0x6d, 0xa5, 0x00, 0x01, 0x24, 0x0e, 0x85, 0x00, 0x01, 0xbb, 0x6d, 0xa6, 0x00, 0x00,
    0x0e, 0x85, 0x00, 0xff, 0xff, 0xff, 0xff, 0xff, 0xff, 0xff, 0xff, 0xff, 0xff, 0xff, 0xff, 0xff,
    0xff, 0xff, 0xff, 0xff, 0xff, 0xff, 0xff, 0xff, 0xff, 0xff, 0xff, 0xff, 0xff, 0xff, 0xff, 0xff,
    0xff, 0xff, 0xff, 0xff, 0xff, 0xff, 0xff, 0xff, 0xff, 0xff, 0xff, 0xff, 0xff, 0xff, 0xff, 0xff,
    0xff, 0xff, 0xff, 0xff, 0xff, 0xff, 0xff, 0xff, 0xff, 0xff, 0xff, 0xff, 0xff, 0xff, 0xff, 0xff,
    0xff, 0xff, 0xff, 0xff, 0xff, 0xff, 0xff, 0xff, 0xff, 0xff, 0xff, 0xff, 0xff, 0xff, 0xff, 0xff,
    0xff, 0xff, 0xff, 0xff, 0xff, 0xff, 0xff, 0xff, 0xff, 0xff, 0xff, 0xff, 0xff, 0xff, 0xff, 0xff,
    0xff, 0xff, 0xff, 0xff, 0xff, 0xff, 0xff, 0xff, 0xff, 0xff, 0xff, 0xff, 0xff, 0xff, 0xff, 0xff,
    0xff, 0xff, 0xff, 0xff, 0xff, 0xff, 0xff, 0xff, 0xff, 0xff, 0xff, 0xff, 0xff, 0xff, 0xff, 0xff,
    0xff, 0xff, 0xff, 0xff, 0xff, 0xff, 0xff, 0xff, 0xff, 0xff, 0xff, 0xff, 0xff, 0xff, 0xff, 0xff,
    0xff, 0xff, 0xff, 0xff, 0xff, 0xff, 0xff, 0xff, 0xff, 0xff, 0xff, 0xff, 0xff, 0xff, 0xff, 0xff,
    0xff, 0xff, 0xff, 0xff, 0xff, 0xff, 0xff, 0xff, 0xff, 0xff, 0xff, 0xff, 0xff, 0xff, 0xff, 0xff,
    0xff, 0xff, 0xff, 0xff, 0xff, 0xff, 0xff, 0xff, 0xff, 0xff, 0xff, 0xff, 0xff, 0xff, 0xff, 0xff,
    0xff, 0xff, 0xff, 0xff, 0xff, 0xff, 0xff, 0xff, 0xff, 0xff, 0xff, 0xff, 0xff, 0xff, 0xff, 0xff,
    0xff, 0xff, 0xff, 0xff, 0xff, 0xff, 0xff, 0xff, 0xff, 0xff, 0xff, 0xff, 0xff, 0xff, 0xff, 0xff,
    0xff, 0xff, 0xff, 0xff, 0xff, 0xff, 0xff, 0xff, 0xff, 0xff, 0xff, 0xff, 0xff, 0xff, 0xff, 0xff,
    0xff, 0xff, 0xff, 0xff, 0xff, 0xff, 0xff, 0xff, 0xff, 0xff, 0xff, 0xff, 0xff, 0xff, 0xff, 0xff,
    0xff, 0x8f, 0xff, 0x0c, 0x53, 0x33, 0x32, 0x41, 0x22, 0x22, 0x00, 0x00, 0xa7, 0x64, 0x00, 0x00,
    0x01, 0x83, 0x00, 0x17, 0x01, 0x01, 0x01, 0x00, 0x01, 0x01, 0x00, 0x01, 0x01, 0x0c, 0x02, 0x00,
    0x01, 0x50, 0x50, 0xc0, 0xc0, 0x00, 0x00, 0xa7, 0x64, 0x00, 0x00, 0x01, 0x83, 0x00, 0x12, 0x01,
    0x01, 0x01, 0x00, 0x01, 0x01, 0x00, 0x01, 0x01, 0x0c, 0x02, 0x00, 0x01, 0x50, 0x50, 0xc0, 0xc0,
    0x00, 0x00, 0xbf, 0xff,
};

static constexpr u8 kDynabb97[] = {
    0x11, 0x44, 0x59, 0x4e, 0x41, 0x4d, 0x49, 0x54, 0x45, 0x20, 0x42, 0x2e, 0x42, 0x2e, 0x20, 0x39,
    0x37, 0xbb, 0x6d, 0xa5, 0x00, 0x01, 0x23, 0x0e, 0x85, 0x00, 0x7f, 0x81, 0xff, 0x00, 0x00, 0x01,
    0x00, 0x02, 0x00, 0x03, 0x00, 0x04, 0x00, 0x05, 0x00, 0x06, 0x00, 0x07, 0x00, 0x08, 0x00, 0x09,
    0x00, 0x0a, 0x00, 0x0b, 0x00, 0x0c, 0x00, 0x0d, 0x00, 0x0e, 0x00, 0x0f, 0x00, 0x10, 0x00, 0x11,
    0x00, 0x12, 0x00, 0x13, 0x00, 0x14, 0x00, 0x15, 0x00, 0x16, 0x00, 0x17, 0x00, 0x18, 0x00, 0x00,
    0x00, 0x01, 0x00, 0x02, 0x00, 0x03, 0x00, 0x04, 0x00, 0x05, 0x00, 0x06, 0x00, 0x07, 0x00, 0x08,
    0x00, 0x09, 0x00, 0x0a, 0x00, 0x0b, 0x00, 0x0c, 0x00, 0x0d, 0x00, 0x0e, 0x00, 0x0f, 0x00, 0x10,
    0x00, 0x11, 0x00, 0x12, 0x00, 0x13, 0x00, 0x14, 0x00, 0x15, 0x00, 0x16, 0x00, 0x17, 0x00, 0x18,
    0x00, 0x00, 0x00, 0x01, 0x00, 0x02, 0x00, 0x03, 0x00, 0x04, 0x00, 0x05, 0x00, 0x06, 0x00, 0x07,
    0x00, 0x08, 0x00, 0x09, 0x00, 0x0a, 0x00, 0x0b, 0x00, 0x0c, 0x00, 0x7f, 0x0d, 0x00, 0x0e, 0x00,
    0x0f, 0x00, 0x10, 0x00, 0x11, 0x00, 0x12, 0x00, 0x13, 0x00, 0x14, 0x00, 0x15, 0x00, 0x16, 0x00,
    0x17, 0x00, 0x18, 0x00, 0x00, 0x00, 0x01, 0x00, 0x02, 0x00, 0x03, 0x00, 0x04, 0x00, 0x05, 0x00,
    0x06, 0x00, 0x07, 0x00, 0x08, 0x00, 0x09, 0x00, 0x0a, 0x00, 0x0b, 0x00, 0x0c, 0x00, 0x0d, 0x00,
    0x0e, 0x00, 0x0f, 0x00, 0x10, 0x00, 0x11, 0x00, 0x12, 0x00, 0x13, 0x00, 0x14, 0x00, 0x15, 0x00,
    0x16, 0x00, 0x17, 0x00, 0x18, 0x00, 0x00, 0x00, 0x01, 0x00, 0x02, 0x00, 0x03, 0x00, 0x04, 0x00,
    0x05, 0x00, 0x06, 0x00, 0x07, 0x00, 0x08, 0x00, 0x09, 0x00, 0x0a, 0x00, 0x0b, 0x00, 0x0c, 0x00,
    0x0d, 0x00, 0x0e, 0x00, 0x0f, 0x00, 0x10, 0x00, 0x11, 0x00, 0x12, 0x00, 0x13, 0x00, 0x14, 0x00,
    0x15, 0x00, 0x16, 0x00, 0x17, 0x00, 0x18, 0x00, 0x00, 0x00, 0x01, 0x00, 0x7f, 0x02, 0x00, 0x03,
    0x00, 0x04, 0x00, 0x05, 0x00, 0x06, 0x00, 0x07, 0x00, 0x08, 0x00, 0x09, 0x00, 0x0a, 0x00, 0x0b,
    0x00, 0x0c, 0x00, 0x0d, 0x00, 0x0e, 0x00, 0x0f, 0x00, 0x10, 0x00, 0x11, 0x00, 0x12, 0x00, 0x13,
    0x00, 0x14, 0x00, 0x15, 0x00, 0x16, 0x00, 0x17, 0x00, 0x18, 0x00, 0x00, 0x00, 0x01, 0x00, 0x02,
    0x00, 0x03, 0x00, 0x04, 0x00, 0x05, 0x00, 0x06, 0x00, 0x07, 0x00, 0x08, 0x00, 0x09, 0x00, 0x0a,
    0x00, 0x0b, 0x00, 0x0c, 0x00, 0x0d, 0x00, 0x0e, 0x00, 0x0f, 0x00, 0x10, 0x00, 0x11, 0x00, 0x12,
    0x00, 0x13, 0x00, 0x14, 0x00, 0x15, 0x00, 0x16, 0x00, 0x17, 0x00, 0x18, 0x00, 0x00, 0x00, 0x01,
    0x00, 0x02, 0x00, 0x03, 0x00, 0x04, 0x00, 0x05, 0x00, 0x06, 0x00, 0x07, 0x00, 0x08, 0x00, 0x09,
    0x00, 0x0a, 0x00, 0x0b, 0x00, 0x0c, 0x00, 0x0d, 0x00, 0x0e, 0x00, 0x0f, 0x00, 0x7f, 0x10, 0x00,
    0x11, 0x00, 0x12, 0x00, 0x13, 0x00, 0x14, 0x00, 0x15, 0x00, 0x16, 0x00, 0x17, 0x00, 0x18, 0x00,
    0x00, 0x00, 0x01, 0x00, 0x02, 0x00, 0x03, 0x00, 0x04, 0x00, 0x05, 0x00, 0x06, 0x00, 0x07, 0x00,
    0x08, 0x00, 0x09, 0x00, 0x0a, 0x00, 0x0b, 0x00, 0x0c, 0x00, 0x0d, 0x00, 0x0e, 0x00, 0x0f, 0x00,
    0x10, 0x00, 0x11, 0x00, 0x12, 0x00, 0x13, 0x00, 0x14, 0x00, 0x15, 0x00, 0x16, 0x00, 0x17, 0x00,
    0x18, 0x00, 0x00, 0x00, 0x01, 0x00, 0x02, 0x00, 0x03, 0x00, 0x04, 0x00, 0x05, 0x00, 0x06, 0x00,
    0x07, 0x00, 0x08, 0x00, 0x09, 0x00, 0x0a, 0x00, 0x0b, 0x00, 0x0c, 0x00, 0x0d, 0x00, 0x0e, 0x00,
    0x0f, 0x00, 0x10, 0x00, 0x11, 0x00, 0x12, 0x00, 0x13, 0x00, 0x14, 0x00, 0x15, 0x00, 0x16, 0x00,
    0x17, 0x00, 0x18, 0x00, 0x00, 0x00, 0x01, 0x00, 0x02, 0x00, 0x03, 0x00, 0x04, 0x00, 0x5d, 0x05,
    0x00, 0x06, 0x00, 0x07, 0x00, 0x08, 0x00, 0x09, 0x00, 0x0a, 0x00, 0x0b, 0x00, 0x0c, 0x00, 0x0d,
    0x00, 0x0e, 0x00, 0x0f, 0x00, 0x10, 0x00, 0x11, 0x00, 0x12, 0x00, 0x13, 0x00, 0x14, 0x00, 0x15,
    0x00, 0x16, 0x00, 0x17, 0x00, 0x18, 0x00, 0x00, 0x00, 0x01, 0x00, 0x02, 0x00, 0x03, 0x00, 0x04,
    0x00, 0x05, 0x00, 0x06, 0x00, 0x07, 0x00, 0x08, 0x00, 0x09, 0x00, 0x0a, 0x00, 0x0b, 0x00, 0x0c,
    0x00, 0x0d, 0x00, 0x0e, 0x00, 0x0f, 0x00, 0x10, 0x00, 0x11, 0x00, 0x12, 0x00, 0x13, 0x00, 0x14,
    0x00, 0x15, 0x00, 0x16, 0x00, 0x17, 0x00, 0x18, 0x00, 0x00, 0x00, 0xbb, 0x6d, 0xa6, 0x00, 0x00,
    0x0e, 0x85, 0x00, 0x7f, 0x81, 0xff, 0x00, 0x00, 0x01, 0x00, 0x02, 0x00, 0x03, 0x00, 0x04, 0x00,
    0x05, 0x00, 0x06, 0x00, 0x07, 0x00, 0x08, 0x00, 0x09, 0x00, 0x0a, 0x00, 0x0b, 0x00, 0x0c, 0x00,
    0x0d, 0x00, 0x0e, 0x00, 0x0f, 0x00, 0x10, 0x00, 0x11, 0x00, 0x12, 0x00, 0x13, 0x00, 0x14, 0x00,
    0x15, 0x00, 0x16, 0x00, 0x17, 0x00, 0x18, 0x00, 0x00, 0x00, 0x01, 0x00, 0x02, 0x00, 0x03, 0x00,
    0x04, 0x00, 0x05, 0x00, 0x06, 0x00, 0x07, 0x00, 0x08, 0x00, 0x09, 0x00, 0x0a, 0x00, 0x0b, 0x00,
    0x0c, 0x00, 0x0d, 0x00, 0x0e, 0x00, 0x0f, 0x00, 0x10, 0x00, 0x11, 0x00, 0x12, 0x00, 0x13, 0x00,
    0x14, 0x00, 0x15, 0x00, 0x16, 0x00, 0x17, 0x00, 0x18, 0x00, 0x00, 0x00, 0x01, 0x00, 0x02, 0x00,
    0x03, 0x00, 0x04, 0x00, 0x05, 0x00, 0x06, 0x00, 0x07, 0x00, 0x08, 0x00, 0x09, 0x00, 0x0a, 0x00,
    0x0b, 0x00, 0x0c, 0x00, 0x7f, 0x0d, 0x00, 0x0e, 0x00, 0x0f, 0x00, 0x10, 0x00, 0x11, 0x00, 0x12,
    0x00, 0x13, 0x00, 0x14, 0x00, 0x15, 0x00, 0x16, 0x00, 0x17, 0x00, 0x18, 0x00, 0x00, 0x00, 0x01,
    0x00, 0x02, 0x00, 0x03, 0x00, 0x04, 0x00, 0x05, 0x00, 0x06, 0x00, 0x07, 0x00, 0x08, 0x00, 0x09,
    0x00, 0x0a, 0x00, 0x0b, 0x00, 0x0c, 0x00, 0x0d, 0x00, 0x0e, 0x00, 0x0f, 0x00, 0x10, 0x00, 0x11,
    0x00, 0x12, 0x00, 0x13, 0x00, 0x14, 0x00, 0x15, 0x00, 0x16, 0x00, 0x17, 0x00, 0x18, 0x00, 0x00,
    0x00, 0x01, 0x00, 0x02, 0x00, 0x03, 0x00, 0x04, 0x00, 0x05, 0x00, 0x06, 0x00, 0x07, 0x00, 0x08,
    0x00, 0x09, 0x00, 0x0a, 0x00, 0x0b, 0x00, 0x0c, 0x00, 0x0d, 0x00, 0x0e, 0x00, 0x0f, 0x00, 0x10,
    0x00, 0x11, 0x00, 0x12, 0x00, 0x13, 0x00, 0x14, 0x00, 0x15, 0x00, 0x16, 0x00, 0x17, 0x00, 0x18,
    0x00, 0x00, 0x00, 0x01, 0x00, 0x7f, 0x02, 0x00, 0x03, 0x00, 0x04, 0x00, 0x05, 0x00, 0x06, 0x00,
    0x07, 0x00, 0x08, 0x00, 0x09, 0x00, 0x0a, 0x00, 0x0b, 0x00, 0x0c, 0x00, 0x0d, 0x00, 0x0e, 0x00,
    0x0f, 0x00, 0x10, 0x00, 0x11, 0x00, 0x12, 0x00, 0x13, 0x00, 0x14, 0x00, 0x15, 0x00, 0x16, 0x00,
    0x17, 0x00, 0x18, 0x00, 0x00, 0x00, 0x01, 0x00, 0x02, 0x00, 0x03, 0x00, 0x04, 0x00, 0x05, 0x00,
    0x06, 0x00, 0x07, 0x00, 0x08, 0x00, 0x09, 0x00, 0x0a, 0x00, 0x0b, 0x00, 0x0c, 0x00, 0x0d, 0x00,
    0x0e, 0x00, 0x0f, 0x00, 0x10, 0x00, 0x11, 0x00, 0x12, 0x00, 0x13, 0x00, 0x14, 0x00, 0x15, 0x00,
    0x16, 0x00, 0x17, 0x00, 0x18, 0x00, 0x00, 0x00, 0x01, 0x00, 0x02, 0x00, 0x03, 0x00, 0x04, 0x00,
    0x05, 0x00, 0x06, 0x00, 0x07, 0x00, 0x08, 0x00, 0x09, 0x00, 0x0a, 0x00, 0x0b, 0x00, 0x0c, 0x00,
    0x0d, 0x00, 0x0e, 0x00, 0x0f, 0x00, 0x7f, 0x10, 0x00, 0x11, 0x00, 0x12, 0x00, 0x13, 0x00, 0x14,
    0x00, 0x15, 0x00, 0x16, 0x00, 0x17, 0x00, 0x18, 0x00, 0x00, 0x00, 0x01, 0x00, 0x02, 0x00, 0x03,
    0x00, 0x04, 0x00, 0x05, 0x00, 0x06, 0x00, 0x07, 0x00, 0x08, 0x00, 0x09, 0x00, 0x0a, 0x00, 0x0b,
    0x00, 0x0c, 0x00, 0x0d, 0x00, 0x0e, 0x00, 0x0f, 0x00, 0x10, 0x00, 0x11, 0x00, 0x12, 0x00, 0x13,
    0x00, 0x14, 0x00, 0x15, 0x00, 0x16, 0x00, 0x17, 0x00, 0x18, 0x00, 0x00, 0x00, 0x01, 0x00, 0x02,
    0x00, 0x03, 0x00, 0x04, 0x00, 0x05, 0x00, 0x06, 0x00, 0x07, 0x00, 0x08, 0x00, 0x09, 0x00, 0x0a,
    0x00, 0x0b, 0x00, 0x0c, 0x00, 0x0d, 0x00, 0x0e, 0x00, 0x0f, 0x00, 0x10, 0x00, 0x11, 0x00, 0x12,
    0x00, 0x13, 0x00, 0x14, 0x00, 0x15, 0x00, 0x16, 0x00, 0x17, 0x00, 0x18, 0x00, 0x00, 0x00, 0x01,
    0x00, 0x02, 0x00, 0x03, 0x00, 0x04, 0x00, 0x5b, 0x05, 0x00, 0x06, 0x00, 0x07, 0x00, 0x08, 0x00,
    0x09, 0x00, 0x0a, 0x00, 0x0b, 0x00, 0x0c, 0x00, 0x0d, 0x00, 0x0e, 0x00, 0x0f, 0x00, 0x10, 0x00,
    0x11, 0x00, 0x12, 0x00, 0x13, 0x00, 0x14, 0x00, 0x15, 0x00, 0x16, 0x00, 0x17, 0x00, 0x18, 0x00,
    0x00, 0x00, 0x01, 0x00, 0x02, 0x00, 0x03, 0x00, 0x04, 0x00, 0x05, 0x00, 0x06, 0x00, 0x07, 0x00,
    0x08, 0x00, 0x09, 0x00, 0x0a, 0x00, 0x0b, 0x00, 0x0c, 0x00, 0x0d, 0x00, 0x0e, 0x00, 0x0f, 0x00,
    0x10, 0x00, 0x11, 0x00, 0x12, 0x00, 0x13, 0x00, 0x14, 0x00, 0x15, 0x00, 0x16, 0x00, 0x17, 0x00,
    0x18, 0x00, 0x00, 0x00, 0xff, 0xff, 0xff, 0xff, 0xff, 0xff, 0xff, 0xff, 0xff, 0xff, 0xff, 0xff,
    0xff, 0xff, 0xff, 0xff, 0xff, 0xff, 0xff, 0xff, 0xff, 0xff, 0xff, 0xff, 0xff, 0xff, 0xff, 0xff,
    0xff, 0xff, 0xff, 0xff, 0xff, 0xff, 0xff, 0xff, 0xff, 0xff, 0xff, 0xff, 0xff, 0xff, 0xff, 0xff,
    0xff, 0xff, 0xff, 0xff, 0xff, 0xff, 0xff, 0xff, 0xff, 0xff, 0xff, 0xff, 0xff, 0xff, 0xff, 0xff,
    0xff, 0xff, 0xff, 0xff, 0xff, 0xff, 0xff, 0xff, 0xff, 0xff, 0xff, 0xff, 0xff, 0xff, 0xff, 0xff,
    0xff, 0xff, 0xff, 0xff, 0xff, 0xff, 0xff, 0xff, 0xff, 0xff, 0xff, 0xff, 0xff, 0xff, 0xff, 0xff,
    0xff, 0xff, 0xff, 0xff, 0xff, 0xff, 0xff, 0xff, 0xff, 0xff, 0xff, 0xff, 0xff, 0xff, 0xff, 0xff,
    0xff, 0xff, 0xff, 0xff, 0xff, 0xff, 0xff, 0xff, 0xff, 0xff, 0xff, 0xff, 0xff, 0xff, 0xff, 0xff,
    0xff, 0xff, 0xff, 0xff, 0xff, 0xff, 0xff, 0xff, 0xff, 0xff, 0xff, 0xff, 0xff, 0xff, 0xff, 0xff,
    0xff, 0xff, 0xff, 0xff, 0xff, 0xff, 0xff, 0xff, 0xff, 0xff, 0xff, 0xff, 0xff, 0xff, 0xff, 0xff,
    0xff, 0xff, 0xff, 0xff, 0xff, 0xff, 0xff, 0xff, 0xff, 0xff, 0xff, 0xff, 0xff, 0xff, 0xff, 0xff,
    0xff, 0xff, 0xff, 0xff, 0xff, 0xff, 0xff, 0xff, 0xff, 0xff, 0xff, 0xff, 0xff, 0xff, 0xff, 0xff,
    0xff, 0xff, 0xff, 0xff, 0xff, 0xff, 0xff, 0xff, 0xff, 0xff, 0xff, 0xff, 0xff, 0xff, 0xff, 0xff,
    0xff, 0xff, 0xff, 0xff, 0xff, 0xff, 0xff, 0xff, 0xff, 0xff, 0xff, 0xff, 0xff, 0xff, 0xff, 0xff,
    0xff, 0xff, 0xff, 0xff, 0xff, 0xff, 0xff, 0xff, 0xff, 0xff, 0xff, 0xff, 0xff, 0xff, 0xd7, 0xff,
    0x0c, 0x53, 0x33, 0x32, 0x41, 0x23, 0x22, 0x00, 0x00, 0xa7, 0x64, 0x00, 0x00, 0x01, 0x83, 0x00,
    0x17, 0x01, 0x01, 0x01, 0x00, 0x01, 0x01, 0x00, 0x01, 0x01, 0x0c, 0x02, 0x00, 0x01, 0x50, 0x50,
    0xc0, 0xc0, 0x00, 0x00, 0xa7, 0x64, 0x00, 0x00, 0x01, 0x83, 0x00, 0x12, 0x01, 0x01, 0x01, 0x00,
    0x01, 0x01, 0x00, 0x01, 0x01, 0x0c, 0x02, 0x00, 0x01, 0x50, 0x50, 0xc0, 0xc0, 0x00, 0x00, 0xbf,
    0xff,
};

static constexpr u8 kDynamcop[] = {
    0x84, 0x00, 0x04, 0x41, 0x63, 0x00, 0xeb, 0x94, 0xa9, 0x00, 0x0d, 0x20, 0x1c, 0x00, 0x00, 0x20,
    0x1c, 0x00, 0x00, 0x20, 0x1c, 0x00, 0x00, 0x20, 0x1c, 0xff, 0x00, 0xff, 0x00, 0xff, 0x00, 0xff,
    0x00, 0xff, 0x00, 0xff, 0x00, 0xff, 0x00, 0xff, 0x00, 0xff, 0x00, 0xc1, 0x00, 0x01, 0xeb, 0x94,
    0xa9, 0x00, 0x0d, 0x20, 0x1c, 0x00, 0x00, 0x20, 0x1c, 0x00, 0x00, 0x20, 0x1c, 0x00, 0x00, 0x20,
    0x1c, 0xff, 0x00, 0xff, 0x00, 0xff, 0x00, 0xff, 0x00, 0xff, 0x00, 0xff, 0x00, 0xff, 0x00, 0xff,
    0x00, 0xff, 0x00, 0xff, 0x00, 0xff, 0x00, 0xff, 0x00, 0xff, 0x00, 0xff, 0x00, 0xff, 0x00, 0xff,
    0x00, 0xff, 0x00, 0xff, 0x00, 0xff, 0x00, 0xff, 0x00, 0xff, 0x00, 0xff, 0x00, 0xff, 0x00, 0xff,
    0x00, 0xff, 0x00, 0xff, 0x00, 0xff, 0x00, 0xff, 0x00, 0xff, 0x00, 0xff, 0x00, 0xff, 0x00, 0xff,
    0x00, 0xff, 0x00, 0xff, 0x00, 0xff, 0x00, 0xff, 0x00, 0xff, 0x00, 0xff, 0x00, 0xff, 0x00, 0xff,
    0x00, 0xff, 0x00, 0xff, 0x00, 0xff, 0x00, 0xff, 0x00, 0xff, 0x00, 0xff, 0x00, 0xff, 0x00, 0xff,
    0x00, 0xff, 0x00, 0xff, 0x00, 0xff, 0x00, 0xff, 0x00, 0xff, 0x00, 0xff, 0x00, 0xff, 0x00, 0xff,
    0x00, 0xff, 0x00, 0xff, 0x00, 0xff, 0x00, 0xff, 0x00, 0xff, 0x00, 0xff, 0x00, 0xff, 0x00, 0xff,
    0x00, 0xff, 0x00, 0xff, 0x00, 0xff, 0x00, 0xff, 0x00, 0xff, 0x00, 0xff, 0x00, 0xff, 0x00, 0xff,
    0x00, 0xff, 0x00, 0xff, 0x00, 0xff, 0x00, 0xff, 0x00, 0xff, 0x00, 0xff, 0x00, 0xff, 0x00, 0xff,
    0x00, 0xff, 0x00, 0xff, 0x00, 0xff, 0x00, 0xff, 0x00, 0xff, 0x00, 0xff, 0x00, 0xff, 0x00, 0xff,
    0x00, 0xff, 0x00, 0xff, 0x00, 0xff, 0x00, 0xff, 0x00, 0xff, 0x00, 0xff, 0x00, 0xff, 0x00, 0xff,
    0x00, 0xff, 0x00, 0xff, 0x00, 0xff, 0x00, 0xff, 0x00, 0xff, 0x00, 0xff, 0x00, 0xff, 0x00, 0xff,
    0x00, 0xff, 0x00, 0xff, 0x00, 0xff, 0x00, 0xff, 0x00, 0xff, 0x00, 0xff, 0x00, 0xff, 0x00, 0xff,
    0x00, 0xff, 0x00, 0xff, 0x00, 0xff, 0x00, 0xff, 0x00, 0xff, 0x00, 0xc1, 0x00, 0x0c, 0x53, 0x33,
    0x32, 0x41, 0xf5, 0x0e, 0x00, 0x00, 0x2d, 0xf5, 0x00, 0x00, 0x65, 0x84, 0x00, 0x22, 0x01, 0x01,
    0x01, 0x00, 0x01, 0x01, 0x00, 0x00, 0x03, 0x01, 0x00, 0x00, 0x00, 0x01, 0x00, 0x00, 0x01, 0x01,
    0x05, 0x00, 0x80, 0xff, 0x00, 0x80, 0xff, 0x00, 0x80, 0xff, 0x00, 0x00, 0x2d, 0xf5, 0x00, 0x00,
    0x65, 0x84, 0x00, 0x1d, 0x01, 0x01, 0x01, 0x00, 0x01, 0x01, 0x00, 0x00, 0x03, 0x01, 0x00, 0x00,
    0x00, 0x01, 0x00, 0x00, 0x01, 0x01, 0x05, 0x00, 0x80, 0xff, 0x00, 0x80, 0xff, 0x00, 0x80, 0xff,
    0x00, 0x00, 0xa7, 0xff,
};

static constexpr u8 kFvipers[] = {
    0xff, 0xff, 0xff, 0xff, 0xff, 0xff, 0xff, 0xff, 0xff, 0xff, 0xff, 0xff, 0xff, 0xff, 0xff, 0xff,
    0xff, 0xff, 0xff, 0xff, 0xff, 0xff, 0xff, 0xff, 0xff, 0xff, 0xff, 0xff, 0xff, 0xff, 0xff, 0xff,
    0xff, 0xff, 0xff, 0xff, 0xff, 0xff, 0xff, 0xff, 0xff, 0xff, 0xff, 0xff, 0xff, 0xff, 0xff, 0xff,
    0xff, 0xff, 0xff, 0xff, 0xff, 0xff, 0xff, 0xff, 0xff, 0xff, 0xff, 0xff, 0xff, 0xff, 0xff, 0xff,
    0xff, 0xff, 0xff, 0xff, 0xff, 0xff, 0xff, 0xff, 0xff, 0xff, 0xff, 0xff, 0xff, 0xff, 0xff, 0xff,
    0xff, 0xff, 0xff, 0xff, 0xff, 0xff, 0xff, 0xff, 0xff, 0xff, 0xff, 0xff, 0xff, 0xff, 0xff, 0xff,
    0xff, 0xff, 0xff, 0xff, 0xff, 0xff, 0xff, 0xff, 0xff, 0xff, 0xff, 0xff, 0xff, 0xff, 0xff, 0xff,
    0xff, 0xff, 0xff, 0xff, 0xff, 0xff, 0xff, 0xff, 0xff, 0xff, 0xff, 0xff, 0xff, 0xff, 0xff, 0xff,
    0xff, 0xff, 0xff, 0xff, 0xff, 0xff, 0xff, 0xff, 0xff, 0xff, 0xff, 0xff, 0xff, 0xff, 0xff, 0xff,
    0xff, 0xff, 0xff, 0xff, 0xff, 0xff, 0xff, 0xff, 0xff, 0xff, 0xff, 0xff, 0xff, 0xff, 0xff, 0xff,
    0xff, 0xff, 0xff, 0xff, 0xff, 0xff, 0xff, 0xff, 0xff, 0xff, 0xff, 0xff, 0xff, 0xff, 0xff, 0xff,
    0xff, 0xff, 0xff, 0xff, 0xff, 0xff, 0xff, 0xff, 0xff, 0xff, 0xff, 0xff, 0xff, 0xff, 0xff, 0xff,
    0x00, 0x00, 0xff, 0xff, 0xfe, 0xff, 0x0a, 0xe0, 0x93, 0x04, 0x00, 0x4b, 0x41, 0x54, 0x00, 0x00,
    0x00, 0x05, 0x84, 0x00, 0x0a, 0x98, 0x9f, 0x04, 0x00, 0x49, 0x54, 0x41, 0x00, 0x00, 0x00, 0x06,
    0x84, 0x00, 0x0a, 0x50, 0xab, 0x04, 0x00, 0x44, 0x2e, 0x4b, 0x00, 0x00, 0x00, 0x07, 0x84, 0x00,
    0x06, 0x08, 0xb7, 0x04, 0x00, 0x4d, 0x4f, 0x52, 0x88, 0x00, 0x0a, 0xc0, 0xc2, 0x04, 0x00, 0x49,
    0x4b, 0x55, 0x00, 0x00, 0x00, 0x01, 0x84, 0x00, 0x0a, 0x78, 0xce, 0x04, 0x00, 0x59, 0x41, 0x53,
    0x00, 0x00, 0x00, 0x02, 0x84, 0x00, 0x0a, 0x30, 0xda, 0x04, 0x00, 0x53, 0x55, 0x47, 0x00, 0x00,
    0x00, 0x03, 0x84, 0x00, 0x0a, 0xe8, 0xe5, 0x04, 0x00, 0x4f, 0x48, 0x2e, 0x00, 0x00, 0x00, 0x04,
    0x84, 0x00, 0x0a, 0xa0, 0xf1, 0x04, 0x00, 0x54, 0x41, 0x4b, 0x00, 0x00, 0x00, 0x05, 0x84, 0x00,
    0x0a, 0x58, 0xfd, 0x04, 0x00, 0x4b, 0x41, 0x57, 0x00, 0x00, 0x00, 0x06, 0x84, 0x00, 0x0a, 0x10,
    0x09, 0x05, 0x00, 0x53, 0x41, 0x54, 0x00, 0x00, 0x00, 0x07, 0x84, 0x00, 0x06, 0xc8, 0x14, 0x05,
    0x00, 0x49, 0x57, 0x41, 0x88, 0x00, 0x0a, 0x80, 0x20, 0x05, 0x00, 0x4d, 0x41, 0x53, 0x00, 0x00,
    0x00, 0x01, 0x84, 0x00, 0x0a, 0x38, 0x2c, 0x05, 0x00, 0x44, 0x45, 0x56, 0x00, 0x00, 0x00, 0x02,
    0x84, 0x00, 0x0a, 0xf0, 0x37, 0x05, 0x00, 0x20, 0x20, 0x20, 0x00, 0x00, 0x00, 0x03, 0xff, 0x00,
    0x94, 0x00, 0x3e, 0x08, 0xb7, 0x04, 0x00, 0x4d, 0x4f, 0x52, 0x00, 0xc0, 0xc2, 0x04, 0x00, 0x49,
    0x4b, 0x55, 0x00, 0x78, 0xce, 0x04, 0x00, 0x59, 0x41, 0x53, 0x00, 0x30, 0xda, 0x04, 0x00, 0x53,
    0x55, 0x47, 0x00, 0xe8, 0xe5, 0x04, 0x00, 0x4f, 0x48, 0x2e, 0x00, 0xe0, 0x93, 0x04, 0x00, 0x4b,
    0x41, 0x54, 0x00, 0x98, 0x9f, 0x04, 0x00, 0x49, 0x54, 0x41, 0x00, 0x50, 0xab, 0x04, 0x00, 0x44,
    0x2e, 0x4b, 0xc0, 0x00, 0x19, 0xf5, 0xff, 0x43, 0xaf, 0x00, 0x00, 0x12, 0x00, 0x56, 0x49, 0x52,
    0x54, 0x55, 0x41, 0x20, 0x46, 0x49, 0x47, 0x48, 0x54, 0x45, 0x52, 0x20, 0x32, 0x55, 0x01, 0x8f,
    0x00, 0x04, 0x01, 0x01, 0x00, 0x01, 0x01, 0x90, 0xff, 0x01, 0x02, 0x02, 0x8c, 0x01, 0x0d, 0xff,
    0x00, 0x00, 0xa0, 0x00, 0xc8, 0x00, 0x40, 0x40, 0x40, 0x25, 0x25, 0x25, 0x1f, 0xa2, 0xff, 0xff,
    0x00, 0xff, 0x00, 0xff, 0x00, 0xff, 0x00, 0xff, 0x00, 0xff, 0x00, 0xff, 0x00, 0xff, 0x00, 0xff,
    0x00, 0xff, 0x00, 0xff, 0x00, 0xff, 0x00, 0xff, 0x00, 0xff, 0x00, 0xff, 0x00, 0xff, 0x00, 0xff,
    0x00, 0xff, 0x00, 0xff, 0x00, 0xff, 0x00, 0xff, 0x00, 0xff, 0x00, 0xff, 0x00, 0xff, 0x00, 0xff,
    0x00, 0xff, 0xff,
};

static constexpr u8 kGunblade[] = {
    0x03, 0x56, 0x00, 0x20, 0x0c, 0x85, 0x00, 0x01, 0xff, 0xff, 0x87, 0x00, 0x02, 0x01, 0x00, 0x01,
    0x8c, 0x00, 0x02, 0x02, 0x00, 0x02, 0x8c, 0x00, 0x00, 0x0a, 0xff, 0x00, 0xff, 0x00, 0xbe, 0x00,
    0x04, 0xa8, 0x13, 0x0b, 0x00, 0x0a, 0x84, 0x00, 0x01, 0xff, 0xff, 0x83, 0x00, 0x00, 0x0a, 0x86,
    0x00, 0x03, 0xa0, 0xe0, 0xff, 0xff, 0xfb, 0x00, 0x00, 0x01, 0x8a, 0x00, 0x07, 0x50, 0x9f, 0xff,
    0xff, 0x00, 0xff, 0xff, 0xff, 0xff, 0x00, 0xff, 0x00, 0xff, 0x00, 0xff, 0x00, 0x8b, 0x00, 0x01,
    0x30, 0x75, 0x89, 0x00, 0x09, 0x03, 0x00, 0x00, 0x00, 0x4d, 0x49, 0x59, 0x20, 0x0c, 0x7b, 0x89,
    0x00, 0x09, 0x02, 0x00, 0x00, 0x00, 0x4f, 0x4d, 0x5a, 0x20, 0xe8, 0x80, 0x89, 0x00, 0x09, 0x02,
    0x00, 0x00, 0x00, 0x4d, 0x41, 0x54, 0x20, 0xc4, 0x86, 0x89, 0x00, 0x09, 0x01, 0x00, 0x00, 0x00,
    0x4e, 0x41, 0x42, 0x20, 0xa0, 0x8c, 0x89, 0x00, 0x09, 0x01, 0x00, 0x00, 0x00, 0x48, 0x41, 0x54,
    0x20, 0x7c, 0x92, 0x89, 0x00, 0x09, 0x01, 0x00, 0x00, 0x00, 0x48, 0x49, 0x53, 0x20, 0x58, 0x98,
    0x8d, 0x00, 0x05, 0x4f, 0x5a, 0x49, 0x20, 0x34, 0x9e, 0x8d, 0x00, 0x05, 0x41, 0x4d, 0x33, 0x20,
    0x10, 0xa4, 0x8d, 0x00, 0x05, 0x41, 0x4d, 0x34, 0x20, 0xec, 0xa9, 0x8d, 0x00, 0x03, 0x41, 0x4d,
    0x36, 0x20, 0xff, 0x00, 0xcb, 0x00, 0x01, 0x30, 0x75, 0x89, 0x00, 0x09, 0x03, 0x00, 0x00, 0x00,
    0x54, 0x4f, 0x4d, 0x20, 0x0c, 0x7b, 0x89, 0x00, 0x09, 0x02, 0x00, 0x00, 0x00, 0x49, 0x54, 0x4f,
    0x20, 0xe8, 0x80, 0x89, 0x00, 0x09, 0x02, 0x00, 0x00, 0x00, 0x48, 0x41, 0x4d, 0x20, 0xc4, 0x86,
    0x89, 0x00, 0x09, 0x01, 0x00, 0x00, 0x00, 0x4f, 0x47, 0x43, 0x20, 0xa0, 0x8c, 0x89, 0x00, 0x09,
    0x01, 0x00, 0x00, 0x00, 0x4b, 0x55, 0x4d, 0x20, 0x7c, 0x92, 0x89, 0x00, 0x09, 0x01, 0x00, 0x00,
    0x00, 0x59, 0x41, 0x4d, 0x20, 0x58, 0x98, 0x8d, 0x00, 0x05, 0x4f, 0x47, 0x41, 0x20, 0x34, 0x9e,
    0x8d, 0x00, 0x05, 0x59, 0x41, 0x54, 0x20, 0x10, 0xa4, 0x8d, 0x00, 0x05, 0x4b, 0x4f, 0x59, 0x20,
    0xec, 0xa9, 0x8d, 0x00, 0x03, 0x54, 0x4f, 0x4b, 0x20, 0xff, 0x00, 0xcb, 0x00, 0x01, 0x30, 0x75,
    0x8d, 0x00, 0x05, 0x4d, 0x2e, 0x53, 0x20, 0xa8, 0x61, 0x8d, 0x00, 0x05, 0x49, 0x2e, 0x48, 0x20,
    0x20, 0x4e, 0x8d, 0x00, 0x05, 0x59, 0x2e, 0x49, 0x20, 0x98, 0x3a, 0x8d, 0x00, 0x05, 0x41, 0x2e,
    0x4e, 0x20, 0x10, 0x27, 0x8d, 0x00, 0x05, 0x4d, 0x2e, 0x53, 0x20, 0x28, 0x23, 0x8d, 0x00, 0x05,
    0x55, 0x2e, 0x55, 0x20, 0x40, 0x1f, 0x8d, 0x00, 0x05, 0x52, 0x2e, 0x4b, 0x20, 0x58, 0x1b, 0x8d,
    0x00, 0x05, 0x41, 0x2e, 0x45, 0x20, 0x70, 0x17, 0x8d, 0x00, 0x05, 0x21, 0x2e, 0x21, 0x20, 0x88,
    0x13, 0x8d, 0x00, 0x03, 0x47, 0x42, 0x4e, 0x20, 0x87, 0x00, 0x01, 0x30, 0x75, 0x89, 0x00, 0x09,
    0x03, 0x00, 0x00, 0x00, 0x4d, 0x49, 0x59, 0x20, 0x0c, 0x7b, 0x89, 0x00, 0x09, 0x02, 0x00, 0x00,
    0x00, 0x4f, 0x4d, 0x5a, 0x20, 0xe8, 0x80, 0x89, 0x00, 0x09, 0x02, 0x00, 0x00, 0x00, 0x4d, 0x41,
    0x54, 0x20, 0xc4, 0x86, 0x89, 0x00, 0x09, 0x01, 0x00, 0x00, 0x00, 0x4e, 0x41, 0x42, 0x20, 0xa0,
    0x8c, 0x89, 0x00, 0x09, 0x01, 0x00, 0x00, 0x00, 0x48, 0x41, 0x54, 0x20, 0x7c, 0x92, 0x89, 0x00,
    0x09, 0x01, 0x00, 0x00, 0x00, 0x48, 0x49, 0x53, 0x20, 0x58, 0x98, 0x8d, 0x00, 0x05, 0x4f, 0x5a,
    0x49, 0x20, 0x34, 0x9e, 0x8d, 0x00, 0x05, 0x41, 0x4d, 0x33, 0x20, 0x10, 0xa4, 0x8d, 0x00, 0x05,
    0x41, 0x4d, 0x34, 0x20, 0xec, 0xa9, 0x8d, 0x00, 0x03, 0x41, 0x4d, 0x36, 0x20, 0xff, 0x00, 0xcb,
    0x00, 0x01, 0x30, 0x75, 0x89, 0x00, 0x09, 0x03, 0x00, 0x00, 0x00, 0x54, 0x4f, 0x4d, 0x20, 0x0c,
    0x7b, 0x89, 0x00, 0x09, 0x02, 0x00, 0x00, 0x00, 0x49, 0x54, 0x4f, 0x20, 0xe8, 0x80, 0x89, 0x00,
    0x09, 0x02, 0x00, 0x00, 0x00, 0x48, 0x41, 0x4d, 0x20, 0xc4, 0x86, 0x89, 0x00, 0x09, 0x01, 0x00,
    0x00, 0x00, 0x4f, 0x47, 0x43, 0x20, 0xa0, 0x8c, 0x89, 0x00, 0x09, 0x01, 0x00, 0x00, 0x00, 0x4b,
    0x55, 0x4d, 0x20, 0x7c, 0x92, 0x89, 0x00, 0x09, 0x01, 0x00, 0x00, 0x00, 0x59, 0x41, 0x4d, 0x20,
    0x58, 0x98, 0x8d, 0x00, 0x05, 0x4f, 0x47, 0x41, 0x20, 0x34, 0x9e, 0x8d, 0x00, 0x05, 0x59, 0x41,
    0x54, 0x20, 0x10, 0xa4, 0x8d, 0x00, 0x05, 0x4b, 0x4f, 0x59, 0x20, 0xec, 0xa9, 0x8d, 0x00, 0x03,
    0x54, 0x4f, 0x4b, 0x20, 0xff, 0x00, 0xcb, 0x00, 0x01, 0x30, 0x75, 0x8d, 0x00, 0x05, 0x4d, 0x2e,
    0x53, 0x20, 0xa8, 0x61, 0x8d, 0x00, 0x05, 0x49, 0x2e, 0x48, 0x20, 0x20, 0x4e, 0x8d, 0x00, 0x05,
    0x59, 0x2e, 0x49, 0x20, 0x98, 0x3a, 0x8d, 0x00, 0x05, 0x41, 0x2e, 0x4e, 0x20, 0x10, 0x27, 0x8d,
    0x00, 0x05, 0x4d, 0x2e, 0x53, 0x20, 0x28, 0x23, 0x8d, 0x00, 0x05, 0x55, 0x2e, 0x55, 0x20, 0x40,
    0x1f, 0x8d, 0x00, 0x05, 0x52, 0x2e, 0x4b, 0x20, 0x58, 0x1b, 0x8d, 0x00, 0x05, 0x41, 0x2e, 0x45,
    0x20, 0x70, 0x17, 0x8d, 0x00, 0x05, 0x21, 0x2e, 0x21, 0x20, 0x88, 0x13, 0x8d, 0x00, 0x03, 0x47,
    0x42, 0x4e, 0x20, 0x87, 0x00, 0x83, 0xff, 0x03, 0x56, 0x00, 0x20, 0x0c, 0x85, 0x00, 0x01, 0xff,
    0xff, 0x87, 0x00, 0x02, 0x01, 0x00, 0x01, 0x8c, 0x00, 0x02, 0x02, 0x00, 0x02, 0x8c, 0x00, 0x00,
    0x0a, 0xff, 0x00, 0xff, 0x00, 0xbe, 0x00, 0x04, 0xa8, 0x13, 0x0b, 0x00, 0x0a, 0x84, 0x00, 0x01,
    0xff, 0xff, 0x83, 0x00, 0x00, 0x0a, 0x86, 0x00, 0x03, 0xa0, 0xe0, 0xff, 0xff, 0xfb, 0x00, 0x00,
    0x01, 0x8a, 0x00, 0x07, 0x50, 0x9f, 0xff, 0xff, 0x00, 0xff, 0xff, 0xff, 0xff, 0x00, 0xff, 0x00,
    0xff, 0x00, 0xff, 0x00, 0x8b, 0x00, 0x01, 0x30, 0x75, 0x89, 0x00, 0x09, 0x03, 0x00, 0x00, 0x00,
    0x4d, 0x49, 0x59, 0x20, 0x0c, 0x7b, 0x89, 0x00, 0x09, 0x02, 0x00, 0x00, 0x00, 0x4f, 0x4d, 0x5a,
    0x20, 0xe8, 0x80, 0x89, 0x00, 0x09, 0x02, 0x00, 0x00, 0x00, 0x4d, 0x41, 0x54, 0x20, 0xc4, 0x86,
    0x89, 0x00, 0x09, 0x01, 0x00, 0x00, 0x00, 0x4e, 0x41, 0x42, 0x20, 0xa0, 0x8c, 0x89, 0x00, 0x09,
    0x01, 0x00, 0x00, 0x00, 0x48, 0x41, 0x54, 0x20, 0x7c, 0x92, 0x89, 0x00, 0x09, 0x01, 0x00, 0x00,
    0x00, 0x48, 0x49, 0x53, 0x20, 0x58, 0x98, 0x8d, 0x00, 0x05, 0x4f, 0x5a, 0x49, 0x20, 0x34, 0x9e,
    0x8d, 0x00, 0x05, 0x41, 0x4d, 0x33, 0x20, 0x10, 0xa4, 0x8d, 0x00, 0x05, 0x41, 0x4d, 0x34, 0x20,
    0xec, 0xa9, 0x8d, 0x00, 0x03, 0x41, 0x4d, 0x36, 0x20, 0xff, 0x00, 0xcb, 0x00, 0x01, 0x30, 0x75,
    0x89, 0x00, 0x09, 0x03, 0x00, 0x00, 0x00, 0x54, 0x4f, 0x4d, 0x20, 0x0c, 0x7b, 0x89, 0x00, 0x09,
    0x02, 0x00, 0x00, 0x00, 0x49, 0x54, 0x4f, 0x20, 0xe8, 0x80, 0x89, 0x00, 0x09, 0x02, 0x00, 0x00,
    0x00, 0x48, 0x41, 0x4d, 0x20, 0xc4, 0x86, 0x89, 0x00, 0x09, 0x01, 0x00, 0x00, 0x00, 0x4f, 0x47,
    0x43, 0x20, 0xa0, 0x8c, 0x89, 0x00, 0x09, 0x01, 0x00, 0x00, 0x00, 0x4b, 0x55, 0x4d, 0x20, 0x7c,
    0x92, 0x89, 0x00, 0x09, 0x01, 0x00, 0x00, 0x00, 0x59, 0x41, 0x4d, 0x20, 0x58, 0x98, 0x8d, 0x00,
    0x05, 0x4f, 0x47, 0x41, 0x20, 0x34, 0x9e, 0x8d, 0x00, 0x05, 0x59, 0x41, 0x54, 0x20, 0x10, 0xa4,
    0x8d, 0x00, 0x05, 0x4b, 0x4f, 0x59, 0x20, 0xec, 0xa9, 0x8d, 0x00, 0x03, 0x54, 0x4f, 0x4b, 0x20,
    0xff, 0x00, 0xcb, 0x00, 0x01, 0x30, 0x75, 0x8d, 0x00, 0x05, 0x4d, 0x2e, 0x53, 0x20, 0xa8, 0x61,
    0x8d, 0x00, 0x05, 0x49, 0x2e, 0x48, 0x20, 0x20, 0x4e, 0x8d, 0x00, 0x05, 0x59, 0x2e, 0x49, 0x20,
    0x98, 0x3a, 0x8d, 0x00, 0x05, 0x41, 0x2e, 0x4e, 0x20, 0x10, 0x27, 0x8d, 0x00, 0x05, 0x4d, 0x2e,
    0x53, 0x20, 0x28, 0x23, 0x8d, 0x00, 0x05, 0x55, 0x2e, 0x55, 0x20, 0x40, 0x1f, 0x8d, 0x00, 0x05,
    0x52, 0x2e, 0x4b, 0x20, 0x58, 0x1b, 0x8d, 0x00, 0x05, 0x41, 0x2e, 0x45, 0x20, 0x70, 0x17, 0x8d,
    0x00, 0x05, 0x21, 0x2e, 0x21, 0x20, 0x88, 0x13, 0x8d, 0x00, 0x03, 0x47, 0x42, 0x4e, 0x20, 0x87,
    0x00, 0x01, 0x30, 0x75, 0x89, 0x00, 0x09, 0x03, 0x00, 0x00, 0x00, 0x4d, 0x49, 0x59, 0x20, 0x0c,
    0x7b, 0x89, 0x00, 0x09, 0x02, 0x00, 0x00, 0x00, 0x4f, 0x4d, 0x5a, 0x20, 0xe8, 0x80, 0x89, 0x00,
    0x09, 0x02, 0x00, 0x00, 0x00, 0x4d, 0x41, 0x54, 0x20, 0xc4, 0x86, 0x89, 0x00, 0x09, 0x01, 0x00,
    0x00, 0x00, 0x4e, 0x41, 0x42, 0x20, 0xa0, 0x8c, 0x89, 0x00, 0x09, 0x01, 0x00, 0x00, 0x00, 0x48,
    0x41, 0x54, 0x20, 0x7c, 0x92, 0x89, 0x00, 0x09, 0x01, 0x00, 0x00, 0x00, 0x48, 0x49, 0x53, 0x20,
    0x58, 0x98, 0x8d, 0x00, 0x05, 0x4f, 0x5a, 0x49, 0x20, 0x34, 0x9e, 0x8d, 0x00, 0x05, 0x41, 0x4d,
    0x33, 0x20, 0x10, 0xa4, 0x8d, 0x00, 0x05, 0x41, 0x4d, 0x34, 0x20, 0xec, 0xa9, 0x8d, 0x00, 0x03,
    0x41, 0x4d, 0x36, 0x20, 0xff, 0x00, 0xcb, 0x00, 0x01, 0x30, 0x75, 0x89, 0x00, 0x09, 0x03, 0x00,
    0x00, 0x00, 0x54, 0x4f, 0x4d, 0x20, 0x0c, 0x7b, 0x89, 0x00, 0x09, 0x02, 0x00, 0x00, 0x00, 0x49,
    0x54, 0x4f, 0x20, 0xe8, 0x80, 0x89, 0x00, 0x09, 0x02, 0x00, 0x00, 0x00, 0x48, 0x41, 0x4d, 0x20,
    0xc4, 0x86, 0x89, 0x00, 0x09, 0x01, 0x00, 0x00, 0x00, 0x4f, 0x47, 0x43, 0x20, 0xa0, 0x8c, 0x89,
    0x00, 0x09, 0x01, 0x00, 0x00, 0x00, 0x4b, 0x55, 0x4d, 0x20, 0x7c, 0x92, 0x89, 0x00, 0x09, 0x01,
    0x00, 0x00, 0x00, 0x59, 0x41, 0x4d, 0x20, 0x58, 0x98, 0x8d, 0x00, 0x05, 0x4f, 0x47, 0x41, 0x20,
    0x34, 0x9e, 0x8d, 0x00, 0x05, 0x59, 0x41, 0x54, 0x20, 0x10, 0xa4, 0x8d, 0x00, 0x05, 0x4b, 0x4f,
    0x59, 0x20, 0xec, 0xa9, 0x8d, 0x00, 0x03, 0x54, 0x4f, 0x4b, 0x20, 0xff, 0x00, 0xcb, 0x00, 0x01,
    0x30, 0x75, 0x8d, 0x00, 0x05, 0x4d, 0x2e, 0x53, 0x20, 0xa8, 0x61, 0x8d, 0x00, 0x05, 0x49, 0x2e,
    0x48, 0x20, 0x20, 0x4e, 0x8d, 0x00, 0x05, 0x59, 0x2e, 0x49, 0x20, 0x98, 0x3a, 0x8d, 0x00, 0x05,
    0x41, 0x2e, 0x4e, 0x20, 0x10, 0x27, 0x8d, 0x00, 0x05, 0x4d, 0x2e, 0x53, 0x20, 0x28, 0x23, 0x8d,
    0x00, 0x05, 0x55, 0x2e, 0x55, 0x20, 0x40, 0x1f, 0x8d, 0x00, 0x05, 0x52, 0x2e, 0x4b, 0x20, 0x58,
    0x1b, 0x8d, 0x00, 0x05, 0x41, 0x2e, 0x45, 0x20, 0x70, 0x17, 0x8d, 0x00, 0x05, 0x21, 0x2e, 0x21,
    0x20, 0x88, 0x13, 0x8d, 0x00, 0x03, 0x47, 0x42, 0x4e, 0x20, 0x87, 0x00, 0xff, 0xff, 0xff, 0xff,
    0xff, 0xff, 0xff, 0xff, 0xff, 0xff, 0xff, 0xff, 0xff, 0xff, 0xff, 0xff, 0xff, 0xff, 0xff, 0xff,
    0xff, 0xff, 0xff, 0xff, 0xff, 0xff, 0xff, 0xff, 0xff, 0xff, 0xff, 0xff, 0xff, 0xff, 0xff, 0xff,
    0xff, 0xff, 0xff, 0xff, 0xff, 0xff, 0xff, 0xff, 0xff, 0xff, 0xff, 0xff, 0xff, 0xff, 0xff, 0xff,
    0xff, 0xff, 0xff, 0xff, 0xff, 0xff, 0xff, 0xff, 0xff, 0xff, 0xff, 0xff, 0xff, 0xff, 0xff, 0xff,
    0xff, 0xff, 0xff, 0xff, 0xff, 0xff, 0xff, 0xff, 0xff, 0xff, 0xff, 0xff, 0xff, 0xff, 0xff, 0xff,
    0xff, 0xff, 0xff, 0xff, 0xff, 0xff, 0xff, 0xff, 0xff, 0xff, 0xff, 0xff, 0xff, 0xff, 0xff, 0xff,
    0xff, 0xff, 0xff, 0xff, 0xff, 0xff, 0xff, 0xff, 0xff, 0xff, 0xff, 0xff, 0xff, 0xff, 0xff, 0xff,
    0xff, 0xff, 0xff, 0xff, 0xff, 0xff, 0xff, 0xff, 0xff, 0xff, 0xff, 0xff, 0xff, 0xff, 0xff, 0xff,
    0xff, 0xff, 0xff, 0xff, 0xff, 0xff, 0xff, 0xff, 0xff, 0xff, 0xff, 0xff, 0xff, 0xff, 0xff, 0xff,
    0xff, 0xff, 0xff, 0xff, 0xff, 0xff, 0xff, 0xff, 0xff, 0xff, 0xc3, 0xff, 0x4a, 0x53, 0x45, 0x47,
    0x41, 0x47, 0x42, 0x4e, 0x59, 0x24, 0xd7, 0xff, 0xff, 0x01, 0x00, 0x00, 0x00, 0x58, 0x00, 0xff,
    0xff, 0x01, 0x00, 0x00, 0x03, 0xff, 0x03, 0x03, 0x00, 0x01, 0x01, 0x00, 0x40, 0xc0, 0x40, 0xc0,
    0x80, 0x80, 0xff, 0xff, 0xff, 0xcd, 0xcc, 0x4c, 0xc0, 0x00, 0x00, 0xc0, 0xbf, 0x40, 0xc0, 0x40,
    0xc0, 0x80, 0x80, 0xff, 0xff, 0xcd, 0xcc, 0x4c, 0x40, 0x00, 0x00, 0xc0, 0xbf, 0xf2, 0xff, 0xff,
    0xff, 0x00, 0x00, 0x01, 0x00, 0x01, 0x00, 0x01, 0x84, 0x00, 0x05, 0x01, 0x00, 0x01, 0x00, 0x01,
    0x00, 0xa9, 0xff,
};

static constexpr u8 kHotd[] = {
    0x84, 0x00, 0x04, 0x4c, 0xcc, 0x12, 0x98, 0x17, 0xd1, 0x00, 0x01, 0x98, 0x17, 0xd1, 0x00, 0xcf,
    0xff, 0x14, 0x38, 0x97, 0x00, 0x00, 0x54, 0x46, 0x46, 0x00, 0x04, 0x00, 0x00, 0x00, 0x70, 0x94,
    0x00, 0x00, 0x53, 0x4e, 0x42, 0x00, 0x05, 0x83, 0x00, 0x77, 0x7d, 0x00, 0x00, 0x48, 0x4f, 0x52,
    0x00, 0x06, 0x00, 0x00, 0x00, 0x60, 0x6d, 0x00, 0x00, 0x4e, 0x41, 0x49, 0x00, 0x06, 0x00, 0x00,
    0x00, 0x90, 0x65, 0x00, 0x00, 0x4d, 0x49, 0x59, 0x00, 0x07, 0x00, 0x00, 0x00, 0xc0, 0x5d, 0x00,
    0x00, 0x54, 0x41, 0x47, 0x00, 0x07, 0x00, 0x00, 0x00, 0xf0, 0x55, 0x00, 0x00, 0x4b, 0x41, 0x57,
    0x00, 0x07, 0x00, 0x00, 0x00, 0x20, 0x4e, 0x00, 0x00, 0x54, 0x4f, 0x5a, 0x00, 0x07, 0x00, 0x00,
    0x00, 0x50, 0x46, 0x00, 0x00, 0x4b, 0x55, 0x44, 0x00, 0x07, 0x00, 0x00, 0x00, 0x80, 0x3e, 0x00,
    0x00, 0x4b, 0x4f, 0x42, 0x00, 0x07, 0x00, 0x00, 0x00, 0xb0, 0x36, 0x00, 0x00, 0x38, 0x97, 0x00,
    0x00, 0x54, 0x46, 0x46, 0x00, 0x04, 0x00, 0x00, 0x00, 0x70, 0x94, 0x00, 0x00, 0x53, 0x4e, 0x42,
    0x00, 0x05, 0x83, 0x00, 0x62, 0x7d, 0x00, 0x00, 0x48, 0x4f, 0x52, 0x00, 0x06, 0x00, 0x00, 0x00,
    0x60, 0x6d, 0x00, 0x00, 0x4e, 0x41, 0x49, 0x00, 0x06, 0x00, 0x00, 0x00, 0x90, 0x65, 0x00, 0x00,
    0x4d, 0x49, 0x59, 0x00, 0x07, 0x00, 0x00, 0x00, 0xc0, 0x5d, 0x00, 0x00, 0x54, 0x41, 0x47, 0x00,
    0x07, 0x00, 0x00, 0x00, 0xf0, 0x55, 0x00, 0x00, 0x4b, 0x41, 0x57, 0x00, 0x07, 0x00, 0x00, 0x00,
    0x20, 0x4e, 0x00, 0x00, 0x54, 0x4f, 0x5a, 0x00, 0x07, 0x00, 0x00, 0x00, 0x50, 0x46, 0x00, 0x00,
    0x4b, 0x55, 0x44, 0x00, 0x07, 0x00, 0x00, 0x00, 0x80, 0x3e, 0x00, 0x00, 0x4b, 0x4f, 0x42, 0x00,
    0x07, 0x00, 0x00, 0x00, 0xb0, 0x36, 0x00, 0x00, 0xff, 0xff, 0xff, 0xff, 0xff, 0xff, 0xff, 0xff,
    0xff, 0xff, 0xff, 0xff, 0xff, 0xff, 0xff, 0xff, 0xff, 0xff, 0xff, 0xff, 0xff, 0xff, 0xff, 0xff,
    0xff, 0xff, 0xff, 0xff, 0xff, 0xff, 0xff, 0xff, 0xff, 0xff, 0xff, 0xff, 0xff, 0xff, 0xff, 0xff,
    0xff, 0xff, 0xff, 0xff, 0xff, 0xff, 0xff, 0xff, 0xff, 0xff, 0xff, 0xff, 0xff, 0xff, 0xff, 0xff,
    0xff, 0xff, 0xff, 0xff, 0xff, 0xff, 0xff, 0xff, 0xff, 0xff, 0xff, 0xff, 0xff, 0xff, 0xff, 0xff,
    0xff, 0xff, 0xff, 0xff, 0xff, 0xff, 0xff, 0xff, 0xff, 0xff, 0xff, 0xff, 0xff, 0xff, 0xff, 0xff,
    0xff, 0xff, 0xff, 0xff, 0xff, 0xff, 0xff, 0xff, 0xff, 0xff, 0xff, 0xff, 0xff, 0xff, 0xff, 0xff,
    0xff, 0xff, 0xff, 0xff, 0xff, 0xff, 0xff, 0xff, 0xff, 0xff, 0xff, 0xff, 0xff, 0xff, 0xff, 0xff,
    0xff, 0xff, 0xff, 0xff, 0xff, 0xff, 0xff, 0xff, 0xff, 0xff, 0xff, 0xff, 0xff, 0xff, 0xff, 0xff,
    0xff, 0xff, 0xff, 0xff, 0xff, 0xff, 0xff, 0xff, 0xff, 0xff, 0xff, 0xff, 0xff, 0xff, 0xff, 0xff,
    0xff, 0xff, 0xff, 0xff, 0xff, 0xff, 0xff, 0xff, 0xff, 0xff, 0xff, 0xff, 0xff, 0xff, 0xff, 0xff,
    0xff, 0xff, 0xff, 0xff, 0xff, 0xff, 0xff, 0xff, 0xff, 0xff, 0xff, 0xff, 0xff, 0xff, 0xff, 0xff,
    0xff, 0xff, 0xff, 0xff, 0xff, 0xff, 0xff, 0xff, 0xff, 0xff, 0xff, 0xff, 0xff, 0xff, 0xff, 0xff,
    0xff, 0xff, 0xff, 0xff, 0xff, 0xff, 0xff, 0xff, 0xff, 0xff, 0xff, 0xff, 0xff, 0xff, 0xff, 0xff,
    0xff, 0xff, 0xff, 0xff, 0xff, 0xff, 0xff, 0xff, 0xff, 0xff, 0xff, 0xff, 0xff, 0xff, 0xff, 0xff,
    0xff, 0xff, 0xff, 0xff, 0xff, 0xff, 0xff, 0xff, 0xff, 0xff, 0xff, 0xff, 0xff, 0xff, 0xff, 0xff,
    0x87, 0xff, 0x0c, 0x53, 0x33, 0x32, 0x41, 0x55, 0x66, 0x00, 0x00, 0xae, 0x25, 0x00, 0x00, 0x01,
    0x84, 0x00, 0x22, 0x01, 0x01, 0x01, 0x00, 0x02, 0x01, 0x00, 0x00, 0x02, 0x01, 0x09, 0x01, 0x00,
    0x00, 0xad, 0x00, 0x57, 0x00, 0x54, 0x02, 0x7c, 0x01, 0xa3, 0x00, 0x57, 0x00, 0x54, 0x02, 0x7c,
    0x01, 0xae, 0x25, 0x00, 0x00, 0x01, 0x84, 0x00, 0x1d, 0x01, 0x01, 0x01, 0x00, 0x02, 0x01, 0x00,
    0x00, 0x02, 0x01, 0x09, 0x01, 0x00, 0x00, 0xad, 0x00, 0x57, 0x00, 0x54, 0x02, 0x7c, 0x01, 0xa3,
    0x00, 0x57, 0x00, 0x54, 0x02, 0x7c, 0x01, 0xa7, 0xff,
};

static constexpr u8 kHpyagu98[] = {
    0x11, 0x39, 0x38, 0x4b, 0x4f, 0x52, 0x45, 0x41, 0x20, 0x50, 0x52, 0x4f, 0x20, 0x42, 0x2e, 0x42,
    0x2e, 0xbd, 0x23, 0xa5, 0x00, 0x01, 0x28, 0x09, 0x85, 0x00, 0x7f, 0x54, 0x82, 0x00, 0x00, 0x01,
    0x00, 0x02, 0x00, 0x03, 0x00, 0x04, 0x00, 0x05, 0x00, 0x06, 0x00, 0x07, 0x00, 0x08, 0x00, 0x09,
    0x00, 0x0a, 0x00, 0x0b, 0x00, 0x0c, 0x00, 0x0d, 0x00, 0x0e, 0x00, 0x0f, 0x00, 0x10, 0x00, 0x11,
    0x00, 0x12, 0x00, 0x13, 0x00, 0x14, 0x00, 0x15, 0x00, 0x16, 0x00, 0x17, 0x00, 0x18, 0x00, 0x00,
    0x00, 0x01, 0x00, 0x02, 0x00, 0x03, 0x00, 0x04, 0x00, 0x05, 0x00, 0x06, 0x00, 0x07, 0x00, 0x08,
    0x00, 0x09, 0x00, 0x0a, 0x00, 0x0b, 0x00, 0x0c, 0x00, 0x0d, 0x00, 0x0e, 0x00, 0x0f, 0x00, 0x10,
    0x00, 0x11, 0x00, 0x12, 0x00, 0x13, 0x00, 0x14, 0x00, 0x15, 0x00, 0x16, 0x00, 0x17, 0x00, 0x18,
    0x00, 0x00, 0x00, 0x01, 0x00, 0x02, 0x00, 0x03, 0x00, 0x04, 0x00, 0x05, 0x00, 0x06, 0x00, 0x07,
    0x00, 0x08, 0x00, 0x09, 0x00, 0x0a, 0x00, 0x0b, 0x00, 0x0c, 0x00, 0x7f, 0x0d, 0x00, 0x0e, 0x00,
    0x0f, 0x00, 0x10, 0x00, 0x11, 0x00, 0x12, 0x00, 0x13, 0x00, 0x14, 0x00, 0x15, 0x00, 0x16, 0x00,
    0x17, 0x00, 0x18, 0x00, 0x00, 0x00, 0x01, 0x00, 0x02, 0x00, 0x03, 0x00, 0x04, 0x00, 0x05, 0x00,
    0x06, 0x00, 0x07, 0x00, 0x08, 0x00, 0x09, 0x00, 0x0a, 0x00, 0x0b, 0x00, 0x0c, 0x00, 0x0d, 0x00,
    0x0e, 0x00, 0x0f, 0x00, 0x10, 0x00, 0x11, 0x00, 0x12, 0x00, 0x13, 0x00, 0x14, 0x00, 0x15, 0x00,
    0x16, 0x00, 0x17, 0x00, 0x18, 0x00, 0x00, 0x00, 0x01, 0x00, 0x02, 0x00, 0x03, 0x00, 0x04, 0x00,
    0x05, 0x00, 0x06, 0x00, 0x07, 0x00, 0x08, 0x00, 0x09, 0x00, 0x0a, 0x00, 0x0b, 0x00, 0x0c, 0x00,
    0x0d, 0x00, 0x0e, 0x00, 0x0f, 0x00, 0x10, 0x00, 0x11, 0x00, 0x12, 0x00, 0x13, 0x00, 0x14, 0x00,
    0x15, 0x00, 0x16, 0x00, 0x17, 0x00, 0x18, 0x00, 0x00, 0x00, 0x01, 0x00, 0x7f, 0x02, 0x00, 0x03,
    0x00, 0x04, 0x00, 0x05, 0x00, 0x06, 0x00, 0x07, 0x00, 0x08, 0x00, 0x09, 0x00, 0x0a, 0x00, 0x0b,
    0x00, 0x0c, 0x00, 0x0d, 0x00, 0x0e, 0x00, 0x0f, 0x00, 0x10, 0x00, 0x11, 0x00, 0x12, 0x00, 0x13,
    0x00, 0x14, 0x00, 0x15, 0x00, 0x16, 0x00, 0x17, 0x00, 0x18, 0x00, 0x00, 0x00, 0x01, 0x00, 0x02,
    0x00, 0x03, 0x00, 0x04, 0x00, 0x05, 0x00, 0x06, 0x00, 0x07, 0x00, 0x08, 0x00, 0x09, 0x00, 0x0a,
    0x00, 0x0b, 0x00, 0x0c, 0x00, 0x0d, 0x00, 0x0e, 0x00, 0x0f, 0x00, 0x10, 0x00, 0x11, 0x00, 0x12,
    0x00, 0x13, 0x00, 0x14, 0x00, 0x15, 0x00, 0x16, 0x00, 0x17, 0x00, 0x18, 0x00, 0x00, 0x00, 0x01,
    0x00, 0x02, 0x00, 0x03, 0x00, 0x04, 0x00, 0x05, 0x00, 0x06, 0x00, 0x07, 0x00, 0x08, 0x00, 0x09,
    0x00, 0x0a, 0x00, 0x0b, 0x00, 0x0c, 0x00, 0x0d, 0x00, 0x0e, 0x00, 0x0f, 0x00, 0x15, 0x10, 0x00,
    0x11, 0x00, 0x12, 0x00, 0x13, 0x00, 0x14, 0x00, 0x15, 0x00, 0x16, 0x00, 0x17, 0x00, 0x18, 0x00,
    0xff, 0xff, 0xbd, 0x23, 0xa6, 0x00, 0x00, 0x09, 0x85, 0x00, 0x7f, 0x54, 0x82, 0x00, 0x00, 0x01,
    0x00, 0x02, 0x00, 0x03, 0x00, 0x04, 0x00, 0x05, 0x00, 0x06, 0x00, 0x07, 0x00, 0x08, 0x00, 0x09,
    0x00, 0x0a, 0x00, 0x0b, 0x00, 0x0c, 0x00, 0x0d, 0x00, 0x0e, 0x00, 0x0f, 0x00, 0x10, 0x00, 0x11,
    0x00, 0x12, 0x00, 0x13, 0x00, 0x14, 0x00, 0x15, 0x00, 0x16, 0x00, 0x17, 0x00, 0x18, 0x00, 0x00,
    0x00, 0x01, 0x00, 0x02, 0x00, 0x03, 0x00, 0x04, 0x00, 0x05, 0x00, 0x06, 0x00, 0x07, 0x00, 0x08,
    0x00, 0x09, 0x00, 0x0a, 0x00, 0x0b, 0x00, 0x0c, 0x00, 0x0d, 0x00, 0x0e, 0x00, 0x0f, 0x00, 0x10,
    0x00, 0x11, 0x00, 0x12, 0x00, 0x13, 0x00, 0x14, 0x00, 0x15, 0x00, 0x16, 0x00, 0x17, 0x00, 0x18,
    0x00, 0x00, 0x00, 0x01, 0x00, 0x02, 0x00, 0x03, 0x00, 0x04, 0x00, 0x05, 0x00, 0x06, 0x00, 0x07,
    0x00, 0x08, 0x00, 0x09, 0x00, 0x0a, 0x00, 0x0b, 0x00, 0x0c, 0x00, 0x7f, 0x0d, 0x00, 0x0e, 0x00,
    0x0f, 0x00, 0x10, 0x00, 0x11, 0x00, 0x12, 0x00, 0x13, 0x00, 0x14, 0x00, 0x15, 0x00, 0x16, 0x00,
    0x17, 0x00, 0x18, 0x00, 0x00, 0x00, 0x01, 0x00, 0x02, 0x00, 0x03, 0x00, 0x04, 0x00, 0x05, 0x00,
    0x06, 0x00, 0x07, 0x00, 0x08, 0x00, 0x09, 0x00, 0x0a, 0x00, 0x0b, 0x00, 0x0c, 0x00, 0x0d, 0x00,
    0x0e, 0x00, 0x0f, 0x00, 0x10, 0x00, 0x11, 0x00, 0x12, 0x00, 0x13, 0x00, 0x14, 0x00, 0x15, 0x00,
    0x16, 0x00, 0x17, 0x00, 0x18, 0x00, 0x00, 0x00, 0x01, 0x00, 0x02, 0x00, 0x03, 0x00, 0x04, 0x00,
    0x05, 0x00, 0x06, 0x00, 0x07, 0x00, 0x08, 0x00, 0x09, 0x00, 0x0a, 0x00, 0x0b, 0x00, 0x0c, 0x00,
    0x0d, 0x00, 0x0e, 0x00, 0x0f, 0x00, 0x10, 0x00, 0x11, 0x00, 0x12, 0x00, 0x13, 0x00, 0x14, 0x00,
    0x15, 0x00, 0x16, 0x00, 0x17, 0x00, 0x18, 0x00, 0x00, 0x00, 0x01, 0x00, 0x7f, 0x02, 0x00, 0x03,
    0x00, 0x04, 0x00, 0x05, 0x00, 0x06, 0x00, 0x07, 0x00, 0x08, 0x00, 0x09, 0x00, 0x0a, 0x00, 0x0b,
    0x00, 0x0c, 0x00, 0x0d, 0x00, 0x0e, 0x00, 0x0f, 0x00, 0x10, 0x00, 0x11, 0x00, 0x12, 0x00, 0x13,
    0x00, 0x14, 0x00, 0x15, 0x00, 0x16, 0x00, 0x17, 0x00, 0x18, 0x00, 0x00, 0x00, 0x01, 0x00, 0x02,
    0x00, 0x03, 0x00, 0x04, 0x00, 0x05, 0x00, 0x06, 0x00, 0x07, 0x00, 0x08, 0x00, 0x09, 0x00, 0x0a,
    0x00, 0x0b, 0x00, 0x0c, 0x00, 0x0d, 0x00, 0x0e, 0x00, 0x0f, 0x00, 0x10, 0x00, 0x11, 0x00, 0x12,
    0x00, 0x13, 0x00, 0x14, 0x00, 0x15, 0x00, 0x16, 0x00, 0x17, 0x00, 0x18, 0x00, 0x00, 0x00, 0x01,
    0x00, 0x02, 0x00, 0x03, 0x00, 0x04, 0x00, 0x05, 0x00, 0x06, 0x00, 0x07, 0x00, 0x08, 0x00, 0x09,
    0x00, 0x0a, 0x00, 0x0b, 0x00, 0x0c, 0x00, 0x0d, 0x00, 0x0e, 0x00, 0x0f, 0x00, 0x17, 0x10, 0x00,
    0x11, 0x00, 0x12, 0x00, 0x13, 0x00, 0x14, 0x00, 0x15, 0x00, 0x16, 0x00, 0x17, 0x00, 0x18, 0x00,
    0xff, 0xff, 0x60, 0xc6, 0x42, 0x50, 0xff, 0xff, 0xff, 0xff, 0xff, 0xff, 0xff, 0xff, 0xff, 0xff,
    0xff, 0xff, 0xff, 0xff, 0xff, 0xff, 0xff, 0xff, 0xff, 0xff, 0xff, 0xff, 0xff, 0xff, 0xff, 0xff,
    0xff, 0xff, 0xff, 0xff, 0xff, 0xff, 0xff, 0xff, 0xff, 0xff, 0xff, 0xff, 0xff, 0xff, 0xff, 0xff,
    0xff, 0xff, 0xff, 0xff, 0xff, 0xff, 0xff, 0xff, 0xff, 0xff, 0xff, 0xff, 0xff, 0xff, 0xff, 0xff,
    0xff, 0xff, 0xff, 0xff, 0xff, 0xff, 0xff, 0xff, 0xff, 0xff, 0xff, 0xff, 0xff, 0xff, 0xff, 0xff,
    0xff, 0xff, 0xff, 0xff, 0xff, 0xff, 0xff, 0xff, 0xff, 0xff, 0xff, 0xff, 0xff, 0xff, 0xff, 0xff,
    0xff, 0xff, 0xff, 0xff, 0xff, 0xff, 0xff, 0xff, 0xff, 0xff, 0xff, 0xff, 0xff, 0xff, 0xff, 0xff,
    0xff, 0xff, 0xff, 0xff, 0xff, 0xff, 0xff, 0xff, 0xff, 0xff, 0xff, 0xff, 0xff, 0xff, 0xff, 0xff,
    0xff, 0xff, 0xff, 0xff, 0xff, 0xff, 0xff, 0xff, 0xff, 0xff, 0xff, 0xff, 0xff, 0xff, 0xff, 0xff,
    0xff, 0xff, 0xff, 0xff, 0xff, 0xff, 0xff, 0xff, 0xff, 0xff, 0xff, 0xff, 0xff, 0xff, 0xff, 0xff,
    0xff, 0xff, 0xff, 0xff, 0xff, 0xff, 0xff, 0xff, 0xff, 0xff, 0xff, 0xff, 0xff, 0xff, 0xff, 0xff,
    0xff, 0xff, 0xff, 0xff, 0xff, 0xff, 0xff, 0xff, 0xff, 0xff, 0xff, 0xff, 0xff, 0xff, 0xff, 0xff,
    0xff, 0xff, 0xff, 0xff, 0xff, 0xff, 0xff, 0xff, 0xff, 0xff, 0xff, 0xff, 0xff, 0xff, 0xff, 0xff,
    0xff, 0xff, 0xff, 0xff, 0xff, 0xff, 0xff, 0xff, 0xff, 0xff, 0xff, 0xff, 0xff, 0xff, 0xff, 0xff,
    0xff, 0xff, 0xff, 0xff, 0xff, 0xff, 0xff, 0xff, 0xff, 0xff, 0xff, 0xff, 0xff, 0xff, 0xff, 0xff,
    0xff, 0xff, 0xff, 0xff, 0xff, 0xff, 0xeb, 0xff, 0x07, 0xfa, 0xe3, 0xa6, 0x29, 0x85, 0x89, 0xff,
    0xff, 0x84, 0x00, 0x0c, 0x01, 0x01, 0x01, 0x00, 0x01, 0xff, 0x00, 0x01, 0x01, 0x08, 0x02, 0xff,
    0x01, 0x85, 0xff, 0x03, 0x85, 0x89, 0xff, 0xff, 0x84, 0x00, 0x0c, 0x01, 0x01, 0x01, 0x00, 0x01,
    0xff, 0x00, 0x01, 0x01, 0x08, 0x02, 0xff, 0x01, 0xc1, 0xff,
};

static constexpr u8 kIndy500[] = {
    0x83, 0x00, 0x05, 0x28, 0xf5, 0xaa, 0x8a, 0x03, 0xf7, 0x8d, 0x00, 0x87, 0xff, 0x9b, 0x00, 0x02,
    0x1c, 0x0e, 0x14, 0x86, 0x00, 0x05, 0x45, 0x43, 0x1c, 0x10, 0x20, 0x01, 0x85, 0x00, 0x04, 0x46,
    0x43, 0x19, 0x0e, 0x0e, 0x86, 0x00, 0x05, 0x47, 0x43, 0x19, 0x18, 0x0e, 0x01, 0x85, 0x00, 0x04,
    0x48, 0x43, 0x19, 0x1c, 0x12, 0x86, 0x00, 0x05, 0x49, 0x43, 0x0c, 0x11, 0x0a, 0x01, 0x85, 0x00,
    0x04, 0x4a, 0x43, 0x1b, 0x0a, 0x15, 0x86, 0x00, 0x05, 0x4b, 0x43, 0x12, 0x0e, 0x0e, 0x01, 0x85,
    0x00, 0x04, 0x4c, 0x43, 0x1e, 0x11, 0x22, 0x86, 0x00, 0x05, 0x4d, 0x43, 0x0a, 0x16, 0x01, 0x01,
    0x85, 0x00, 0x04, 0x4e, 0x43, 0x14, 0x17, 0x0d, 0x86, 0x00, 0x05, 0x18, 0x43, 0x17, 0x14, 0x13,
    0x01, 0x85, 0x00, 0x04, 0x19, 0x43, 0x20, 0x0a, 0x1d, 0x86, 0x00, 0x05, 0x1a, 0x43, 0x0b, 0x0a,
    0x0b, 0x01, 0x85, 0x00, 0x04, 0x1b, 0x43, 0x16, 0x0a, 0x1d, 0x86, 0x00, 0x05, 0x1c, 0x43, 0x14,
    0x0d, 0x18, 0x01, 0x85, 0x00, 0x04, 0x1d, 0x43, 0x18, 0x1d, 0x14, 0x86, 0x00, 0x05, 0x1e, 0x43,
    0x13, 0x18, 0x19, 0x01, 0x85, 0x00, 0x04, 0x1f, 0x43, 0x0e, 0x0e, 0x0e, 0x86, 0x00, 0x05, 0x20,
    0x43, 0x0a, 0x16, 0x01, 0x01, 0x85, 0x00, 0x04, 0x21, 0x43, 0x14, 0x0a, 0x20, 0x86, 0x00, 0x05,
    0x19, 0x43, 0x22, 0x14, 0x22, 0x01, 0x85, 0x00, 0x04, 0x1a, 0x43, 0x0a, 0x1d, 0x12, 0x86, 0x00,
    0x05, 0x1b, 0x43, 0x22, 0x0a, 0x1c, 0x01, 0x85, 0x00, 0x04, 0x1c, 0x43, 0x18, 0x1d, 0x0a, 0x86,
    0x00, 0x05, 0x1d, 0x43, 0x0d, 0x18, 0x0b, 0x01, 0x85, 0x00, 0x04, 0x1e, 0x43, 0x0a, 0x0b, 0x1e,
    0x86, 0x00, 0x05, 0x1f, 0x43, 0x0c, 0x11, 0x0a, 0x01, 0x85, 0x00, 0x04, 0x20, 0x43, 0x1b, 0x0a,
    0x15, 0x86, 0x00, 0x05, 0x21, 0x43, 0x0a, 0x16, 0x01, 0x01, 0x85, 0x00, 0x63, 0x22, 0x43, 0x00,
    0x00, 0xc0, 0x41, 0x00, 0x00, 0xb0, 0x41, 0x00, 0x00, 0xa0, 0x41, 0xf4, 0xfd, 0x14, 0x42, 0xf4,
    0xfd, 0x14, 0x42, 0xf4, 0xfd, 0x14, 0x42, 0x00, 0x00, 0xe0, 0x41, 0x00, 0x00, 0xc0, 0x41, 0x00,
    0x00, 0xc0, 0x41, 0x00, 0x00, 0xb0, 0x41, 0x00, 0x00, 0xc0, 0x41, 0x00, 0x00, 0xa0, 0x41, 0xf4,
    0xfd, 0x14, 0x42, 0xf4, 0xfd, 0x14, 0x42, 0xf4, 0xfd, 0x14, 0x42, 0x00, 0x00, 0xc0, 0x41, 0x00,
    0x00, 0xe0, 0x41, 0x00, 0x00, 0xe0, 0x41, 0x37, 0x09, 0x7a, 0x42, 0xf4, 0xfd, 0x14, 0x42, 0xb6,
    0x73, 0x4a, 0x42, 0x37, 0x09, 0x7a, 0x42, 0xf4, 0xfd, 0x14, 0x42, 0xb6, 0x73, 0x4a, 0x42, 0x03,
    0xf7, 0x8d, 0x00, 0x87, 0xff, 0x9b, 0x00, 0x02, 0x1c, 0x0e, 0x14, 0x86, 0x00, 0x05, 0x45, 0x43,
    0x1c, 0x10, 0x20, 0x01, 0x85, 0x00, 0x04, 0x46, 0x43, 0x19, 0x0e, 0x0e, 0x86, 0x00, 0x05, 0x47,
    0x43, 0x19, 0x18, 0x0e, 0x01, 0x85, 0x00, 0x04, 0x48, 0x43, 0x19, 0x1c, 0x12, 0x86, 0x00, 0x05,
    0x49, 0x43, 0x0c, 0x11, 0x0a, 0x01, 0x85, 0x00, 0x04, 0x4a, 0x43, 0x1b, 0x0a, 0x15, 0x86, 0x00,
    0x05, 0x4b, 0x43, 0x12, 0x0e, 0x0e, 0x01, 0x85, 0x00, 0x04, 0x4c, 0x43, 0x1e, 0x11, 0x22, 0x86,
    0x00, 0x05, 0x4d, 0x43, 0x0a, 0x16, 0x01, 0x01, 0x85, 0x00, 0x04, 0x4e, 0x43, 0x14, 0x17, 0x0d,
    0x86, 0x00, 0x05, 0x18, 0x43, 0x17, 0x14, 0x13, 0x01, 0x85, 0x00, 0x04, 0x19, 0x43, 0x20, 0x0a,
    0x1d, 0x86, 0x00, 0x05, 0x1a, 0x43, 0x0b, 0x0a, 0x0b, 0x01, 0x85, 0x00, 0x04, 0x1b, 0x43, 0x16,
    0x0a, 0x1d, 0x86, 0x00, 0x05, 0x1c, 0x43, 0x14, 0x0d, 0x18, 0x01, 0x85, 0x00, 0x04, 0x1d, 0x43,
    0x18, 0x1d, 0x14, 0x86, 0x00, 0x05, 0x1e, 0x43, 0x13, 0x18, 0x19, 0x01, 0x85, 0x00, 0x04, 0x1f,
    0x43, 0x0e, 0x0e, 0x0e, 0x86, 0x00, 0x05, 0x20, 0x43, 0x0a, 0x16, 0x01, 0x01, 0x85, 0x00, 0x04,
    0x21, 0x43, 0x14, 0x0a, 0x20, 0x86, 0x00, 0x05, 0x19, 0x43, 0x22, 0x14, 0x22, 0x01, 0x85, 0x00,
    0x04, 0x1a, 0x43, 0x0a, 0x1d, 0x12, 0x86, 0x00, 0x05, 0x1b, 0x43, 0x22, 0x0a, 0x1c, 0x01, 0x85,
    0x00, 0x04, 0x1c, 0x43, 0x18, 0x1d, 0x0a, 0x86, 0x00, 0x05, 0x1d, 0x43, 0x0d, 0x18, 0x0b, 0x01,
    0x85, 0x00, 0x04, 0x1e, 0x43, 0x0a, 0x0b, 0x1e, 0x86, 0x00, 0x05, 0x1f, 0x43, 0x0c, 0x11, 0x0a,
    0x01, 0x85, 0x00, 0x04, 0x20, 0x43, 0x1b, 0x0a, 0x15, 0x86, 0x00, 0x05, 0x21, 0x43, 0x0a, 0x16,
    0x01, 0x01, 0x85, 0x00, 0x61, 0x22, 0x43, 0x00, 0x00, 0xc0, 0x41, 0x00, 0x00, 0xb0, 0x41, 0x00,
    0x00, 0xa0, 0x41, 0xf4, 0xfd, 0x14, 0x42, 0xf4, 0xfd, 0x14, 0x42, 0xf4, 0xfd, 0x14, 0x42, 0x00,
    0x00, 0xe0, 0x41, 0x00, 0x00, 0xc0, 0x41, 0x00, 0x00, 0xc0, 0x41, 0x00, 0x00, 0xb0, 0x41, 0x00,
    0x00, 0xc0, 0x41, 0x00, 0x00, 0xa0, 0x41, 0xf4, 0xfd, 0x14, 0x42, 0xf4, 0xfd, 0x14, 0x42, 0xf4,
    0xfd, 0x14, 0x42, 0x00, 0x00, 0xc0, 0x41, 0x00, 0x00, 0xe0, 0x41, 0x00, 0x00, 0xe0, 0x41, 0x37,
    0x09, 0x7a, 0x42, 0xf4, 0xfd, 0x14, 0x42, 0xb6, 0x73, 0x4a, 0x42, 0x37, 0x09, 0x7a, 0x42, 0xf4,
    0xfd, 0x14, 0x42, 0xb6, 0x73, 0x4a, 0x42, 0xff, 0xff, 0xff, 0xff, 0xff, 0xff, 0xff, 0xff, 0xff,
    0xff, 0xff, 0xff, 0xff, 0xff, 0xff, 0xff, 0xff, 0xff, 0xff, 0xff, 0xff, 0xff, 0xff, 0xff, 0xff,
    0xff, 0xff, 0xff, 0xff, 0xff, 0xff, 0xff, 0xff, 0xff, 0xff, 0xff, 0xff, 0xff, 0xff, 0xff, 0xff,
    0xff, 0xff, 0xff, 0xff, 0xff, 0xff, 0xff, 0xff, 0xff, 0xff, 0xff, 0xff, 0xff, 0xff, 0xff, 0xff,
    0xff, 0xff, 0xff, 0xff, 0xff, 0xff, 0xff, 0xff, 0xff, 0xff, 0xff, 0xff, 0xff, 0xff, 0xff, 0xff,
    0xff, 0xff, 0xff, 0xff, 0xff, 0xff, 0xff, 0xff, 0xff, 0xff, 0xff, 0xff, 0xff, 0xff, 0xff, 0xff,
    0xff, 0xff, 0xff, 0xff, 0xff, 0xff, 0xff, 0xff, 0xff, 0xff, 0xff, 0xff, 0xff, 0xff, 0xff, 0xff,
    0xff, 0xff, 0xff, 0xff, 0xff, 0xff, 0xff, 0xff, 0xff, 0xff, 0xff, 0xff, 0xff, 0xff, 0xff, 0xff,
    0xff, 0xff, 0xff, 0xff, 0xff, 0xff, 0xff, 0xff, 0xff, 0xff, 0xff, 0xff, 0xff, 0xff, 0xff, 0xff,
    0xff, 0xff, 0xff, 0xff, 0xff, 0xff, 0xff, 0xff, 0xff, 0xff, 0xff, 0xff, 0xff, 0xff, 0xff, 0xff,
    0xff, 0xff, 0xff, 0xff, 0xff, 0xff, 0xff, 0xff, 0xff, 0xff, 0xff, 0xff, 0xff, 0xff, 0xff, 0xff,
    0xff, 0xff, 0xff, 0xff, 0xff, 0xff, 0xff, 0xff, 0xff, 0xff, 0xff, 0xff, 0xff, 0xff, 0xff, 0xff,
    0xff, 0xff, 0xff, 0xff, 0xff, 0xff, 0xff, 0xff, 0xff, 0xff, 0xff, 0xff, 0xff, 0xff, 0xff, 0xff,
    0xff, 0xff, 0xff, 0xff, 0xff, 0xff, 0xff, 0xff, 0xff, 0xff, 0xff, 0xff, 0xff, 0xff, 0xff, 0xff,
    0xff, 0xff, 0xff, 0xff, 0xff, 0xff, 0xff, 0xff, 0xff, 0xff, 0xff, 0xff, 0xff, 0xff, 0xff, 0xff,
    0xff, 0xff, 0xff, 0xff, 0xff, 0xff, 0xff, 0x4f, 0x53, 0x33, 0x32, 0x41, 0x07, 0x09, 0x00, 0x00,
    0x3f, 0x0f, 0x00, 0x00, 0x65, 0x00, 0x00, 0x00, 0x0b, 0x02, 0x01, 0x01, 0x00, 0x00, 0x01, 0x00,
    0x00, 0x02, 0x01, 0x00, 0x02, 0x03, 0x00, 0x00, 0x00, 0x40, 0x80, 0xc0, 0x40, 0x80, 0xc0, 0x40,
    0x80, 0xc0, 0x80, 0x00, 0x3f, 0x0f, 0x00, 0x00, 0x65, 0x00, 0x00, 0x00, 0x0b, 0x02, 0x01, 0x01,
    0x00, 0x00, 0x01, 0x00, 0x00, 0x02, 0x01, 0x00, 0x02, 0x03, 0x00, 0x00, 0x00, 0x40, 0x80, 0xc0,
    0x40, 0x80, 0xc0, 0x40, 0x80, 0xc0, 0x80, 0x00, 0xaf, 0xff,
};

static constexpr u8 kLastbrnx[] = {
    0x25, 0x41, 0x43, 0x54, 0x37, 0x20, 0x42, 0x61, 0x63, 0x6b, 0x55, 0x70, 0x20, 0x44, 0x61, 0x74,
    0x61, 0x20, 0x48, 0x65, 0x61, 0x64, 0x65, 0x72, 0x20, 0x39, 0x36, 0x2f, 0x30, 0x36, 0x2f, 0x30,
    0x34, 0x20, 0x32, 0x31, 0x3a, 0x35, 0x31, 0xc1, 0x00, 0x00, 0x09, 0xba, 0x00, 0x1b, 0xa0, 0xf1,
    0x04, 0x00, 0x61, 0x6b, 0x61, 0x00, 0x59, 0x55, 0x53, 0x41, 0x4b, 0x55, 0x00, 0x00, 0xa8, 0xf8,
    0x04, 0x00, 0x42, 0x45, 0x41, 0x00, 0x4e, 0x41, 0x47, 0x49, 0x83, 0x00, 0x1b, 0xb0, 0xff, 0x04,
    0x00, 0x59, 0x41, 0x4d, 0x00, 0x5a, 0x41, 0x49, 0x4d, 0x4f, 0x4b, 0x55, 0x00, 0xb8, 0x06, 0x05,
    0x00, 0x6b, 0x61, 0x77, 0x00, 0x4c, 0x49, 0x53, 0x41, 0x83, 0x00, 0x0a, 0xc0, 0x0d, 0x05, 0x00,
    0x73, 0x61, 0x6e, 0x00, 0x4a, 0x4f, 0x45, 0x84, 0x00, 0x1b, 0xc8, 0x14, 0x05, 0x00, 0x6b, 0x61,
    0x6b, 0x00, 0x54, 0x4f, 0x4d, 0x4d, 0x59, 0x00, 0x00, 0x00, 0xd0, 0x1b, 0x05, 0x00, 0x6e, 0x61,
    0x6b, 0x00, 0x59, 0x4f, 0x4b, 0x4f, 0x83, 0x00, 0x2b, 0xd8, 0x22, 0x05, 0x00, 0x68, 0x6f, 0x73,
    0x00, 0x4b, 0x55, 0x52, 0x4f, 0x53, 0x41, 0x57, 0x41, 0xe0, 0x29, 0x05, 0x00, 0x79, 0x65, 0x6d,
    0x00, 0x59, 0x55, 0x53, 0x41, 0x4b, 0x55, 0x00, 0x00, 0xe8, 0x30, 0x05, 0x00, 0x6b, 0x69, 0x6b,
    0x00, 0x4e, 0x41, 0x47, 0x49, 0x83, 0x00, 0x1b, 0xf0, 0x37, 0x05, 0x00, 0x6f, 0x6e, 0x6f, 0x00,
    0x5a, 0x41, 0x49, 0x4d, 0x4f, 0x4b, 0x55, 0x00, 0xf8, 0x3e, 0x05, 0x00, 0x79, 0x61, 0x73, 0x00,
    0x4c, 0x49, 0x53, 0x41, 0x84, 0x00, 0x09, 0x46, 0x05, 0x00, 0x73, 0x69, 0x6d, 0x00, 0x4a, 0x4f,
    0x45, 0x84, 0x00, 0x1b, 0x08, 0x4d, 0x05, 0x00, 0x74, 0x61, 0x6b, 0x00, 0x54, 0x4f, 0x4d, 0x4d,
    0x59, 0x00, 0x00, 0x00, 0x10, 0x54, 0x05, 0x00, 0x73, 0x61, 0x74, 0x00, 0x59, 0x4f, 0x4b, 0x4f,
    0x83, 0x00, 0x46, 0xd0, 0x1b, 0x05, 0x00, 0x6e, 0x61, 0x6b, 0x00, 0xc0, 0x0d, 0x05, 0x00, 0x73,
    0x61, 0x6e, 0x00, 0xa8, 0xf8, 0x04, 0x00, 0x42, 0x45, 0x41, 0x00, 0xd8, 0x22, 0x05, 0x00, 0x68,
    0x6f, 0x73, 0x00, 0xa0, 0xf1, 0x04, 0x00, 0x61, 0x6b, 0x61, 0x00, 0xc8, 0x14, 0x05, 0x00, 0x6b,
    0x61, 0x6b, 0x00, 0xb8, 0x06, 0x05, 0x00, 0x6b, 0x61, 0x77, 0x00, 0xb0, 0xff, 0x04, 0x00, 0x59,
    0x41, 0x4d, 0x00, 0x04, 0x7e, 0x05, 0x00, 0x79, 0x65, 0x6d, 0x84, 0x00, 0x02, 0x59, 0x4b, 0x4f,
    0x84, 0x00, 0x02, 0x4a, 0x4f, 0x45, 0x84, 0x00, 0x02, 0x4e, 0x41, 0x47, 0x84, 0x00, 0x02, 0x4b,
    0x52, 0x53, 0x84, 0x00, 0x02, 0x59, 0x53, 0x4b, 0x84, 0x00, 0x02, 0x54, 0x4f, 0x4d, 0x84, 0x00,
    0x02, 0x4c, 0x49, 0x53, 0x84, 0x00, 0x02, 0x5a, 0x4d, 0x4b, 0x84, 0x00, 0x7f, 0x52, 0x45, 0x44,
    0x00, 0x88, 0x13, 0x00, 0x00, 0x59, 0x4b, 0x4f, 0x00, 0xa0, 0x0f, 0x00, 0x00, 0x59, 0x4b, 0x4f,
    0x00, 0xb8, 0x0b, 0x00, 0x00, 0x59, 0x4b, 0x4f, 0x00, 0xd0, 0x07, 0x00, 0x00, 0x59, 0x4b, 0x4f,
    0x00, 0xe8, 0x03, 0x00, 0x00, 0x59, 0x4b, 0x4f, 0x00, 0x88, 0x13, 0x00, 0x00, 0x4a, 0x4f, 0x45,
    0x00, 0xa0, 0x0f, 0x00, 0x00, 0x4a, 0x4f, 0x45, 0x00, 0xb8, 0x0b, 0x00, 0x00, 0x4a, 0x4f, 0x45,
    0x00, 0xd0, 0x07, 0x00, 0x00, 0x4a, 0x4f, 0x45, 0x00, 0xe8, 0x03, 0x00, 0x00, 0x4a, 0x4f, 0x45,
    0x00, 0x88, 0x13, 0x00, 0x00, 0x4e, 0x41, 0x47, 0x00, 0xa0, 0x0f, 0x00, 0x00, 0x4e, 0x41, 0x47,
    0x00, 0xb8, 0x0b, 0x00, 0x00, 0x4e, 0x41, 0x47, 0x00, 0xd0, 0x07, 0x00, 0x00, 0x4e, 0x41, 0x47,
    0x00, 0xe8, 0x03, 0x00, 0x00, 0x4e, 0x41, 0x47, 0x00, 0x88, 0x13, 0x00, 0x00, 0x7f, 0x4b, 0x52,
    0x53, 0x00, 0xa0, 0x0f, 0x00, 0x00, 0x4b, 0x52, 0x53, 0x00, 0xb8, 0x0b, 0x00, 0x00, 0x4b, 0x52,
    0x53, 0x00, 0xd0, 0x07, 0x00, 0x00, 0x4b, 0x52, 0x53, 0x00, 0xe8, 0x03, 0x00, 0x00, 0x4b, 0x52,
    0x53, 0x00, 0x88, 0x13, 0x00, 0x00, 0x59, 0x53, 0x4b, 0x00, 0xa0, 0x0f, 0x00, 0x00, 0x59, 0x53,
    0x4b, 0x00, 0xb8, 0x0b, 0x00, 0x00, 0x59, 0x53, 0x4b, 0x00, 0xd0, 0x07, 0x00, 0x00, 0x59, 0x53,
    0x4b, 0x00, 0xe8, 0x03, 0x00, 0x00, 0x59, 0x53, 0x4b, 0x00, 0x88, 0x13, 0x00, 0x00, 0x54, 0x4f,
    0x4d, 0x00, 0xa0, 0x0f, 0x00, 0x00, 0x54, 0x4f, 0x4d, 0x00, 0xb8, 0x0b, 0x00, 0x00, 0x54, 0x4f,
    0x4d, 0x00, 0xd0, 0x07, 0x00, 0x00, 0x54, 0x4f, 0x4d, 0x00, 0xe8, 0x03, 0x00, 0x00, 0x54, 0x4f,
    0x4d, 0x00, 0x88, 0x13, 0x00, 0x00, 0x4c, 0x49, 0x53, 0x00, 0xa0, 0x0f, 0x00, 0x00, 0x6c, 0x4c,
    0x49, 0x53, 0x00, 0xb8, 0x0b, 0x00, 0x00, 0x4c, 0x49, 0x53, 0x00, 0xd0, 0x07, 0x00, 0x00, 0x4c,
    0x49, 0x53, 0x00, 0xe8, 0x03, 0x00, 0x00, 0x4c, 0x49, 0x53, 0x00, 0x88, 0x13, 0x00, 0x00, 0x5a,
    0x4d, 0x4b, 0x00, 0xa0, 0x0f, 0x00, 0x00, 0x5a, 0x4d, 0x4b, 0x00, 0xb8, 0x0b, 0x00, 0x00, 0x5a,
    0x4d, 0x4b, 0x00, 0xd0, 0x07, 0x00, 0x00, 0x5a, 0x4d, 0x4b, 0x00, 0xe8, 0x03, 0x00, 0x00, 0x5a,
    0x4d, 0x4b, 0x00, 0x88, 0x13, 0x00, 0x00, 0x52, 0x45, 0x44, 0x00, 0xa0, 0x0f, 0x00, 0x00, 0x52,
    0x45, 0x44, 0x00, 0xb8, 0x0b, 0x00, 0x00, 0x52, 0x45, 0x44, 0x00, 0xd0, 0x07, 0x00, 0x00, 0x52,
    0x45, 0x44, 0x00, 0xe8, 0x03, 0x00, 0x00, 0x52, 0x45, 0x44, 0x00, 0x09, 0xff, 0x00, 0xff, 0x00,
    0xff, 0x00, 0xff, 0x00, 0xff, 0x00, 0xff, 0x00, 0xff, 0x00, 0xff, 0x00, 0xff, 0x00, 0xff, 0x00,
    0xff, 0x00, 0xff, 0x00, 0xff, 0x00, 0xff, 0x00, 0xff, 0x00, 0xff, 0x00, 0xff, 0x00, 0xff, 0x00,
    0xff, 0x00, 0xff, 0x00, 0xff, 0x00, 0xff, 0x00, 0xff, 0x00, 0xff, 0x00, 0xff, 0x00, 0xff, 0x00,
    0xff, 0x00, 0xff, 0x00, 0xff, 0x00, 0xff, 0x00, 0xff, 0x00, 0xff, 0x00, 0xff, 0x00, 0xff, 0x00,
    0xff, 0x00, 0xff, 0x00, 0xff, 0x00, 0xff, 0x00, 0xff, 0x00, 0xff, 0x00, 0xff, 0x00, 0xff, 0x00,
    0xff, 0x00, 0xff, 0x00, 0xff, 0x00, 0xff, 0x00, 0xff, 0x00, 0xff, 0x00, 0xff, 0x00, 0xff, 0x00,
    0xff, 0x00, 0xff, 0x00, 0xff, 0x00, 0xff, 0x00, 0xff, 0x00, 0xff, 0x00, 0xff, 0x00, 0xff, 0x00,
    0xff, 0x00, 0xff, 0x00, 0xff, 0x00, 0xff, 0x00, 0xff, 0x00, 0xff, 0x00, 0xff, 0x00, 0xff, 0x00,
    0xff, 0x00, 0xff, 0x00, 0xff, 0x00, 0xff, 0x00, 0xff, 0x00, 0xff, 0x00, 0xff, 0x00, 0xff, 0x00,
    0xff, 0x00, 0xff, 0x00, 0xff, 0x00, 0xff, 0x00, 0xff, 0x00, 0xff, 0x00, 0xff, 0x00, 0xff, 0x00,
    0xff, 0x00, 0xff, 0x00, 0xff, 0x00, 0xff, 0x00, 0xff, 0x00, 0xff, 0x00, 0xff, 0x00, 0xff, 0x00,
    0xff, 0x00, 0xff, 0x00, 0xff, 0x00, 0xff, 0x00, 0xff, 0x00, 0xff, 0x00, 0xff, 0x00, 0xff, 0x00,
    0xff, 0x00, 0xff, 0x00, 0xff, 0x00, 0xff, 0x00, 0xff, 0x00, 0xff, 0x00, 0xff, 0x00, 0xff, 0x00,
    0xff, 0x00, 0xff, 0x00, 0xff, 0x00, 0xff, 0x00, 0xff, 0x00, 0xff, 0x00, 0xff, 0x00, 0xff, 0x00,
    0xff, 0x00, 0xff, 0x00, 0xff, 0x00, 0xff, 0x00, 0xff, 0x00, 0xff, 0x00, 0xf2, 0x00, 0x3a, 0x53,
    0x33, 0x32, 0x41, 0x69, 0x21, 0xff, 0xff, 0x58, 0x7e, 0x01, 0x00, 0x00, 0x00, 0x20, 0x07, 0x22,
    0x05, 0x00, 0x01, 0x01, 0x01, 0x00, 0x01, 0x00, 0x01, 0x01, 0x00, 0x01, 0x01, 0x00, 0x01, 0x02,
    0x02, 0x00, 0x00, 0x03, 0x00, 0x01, 0x02, 0x00, 0x28, 0x36, 0x28, 0x36, 0x28, 0x36, 0x0c, 0x2d,
    0x0c, 0x2d, 0x0c, 0x2d, 0x28, 0x29, 0x28, 0x29, 0x28, 0x29, 0x88, 0x00, 0x32, 0x58, 0x7e, 0x01,
    0x00, 0x00, 0x00, 0x20, 0x07, 0x22, 0x05, 0x00, 0x01, 0x01, 0x01, 0x00, 0x01, 0x00, 0x01, 0x01,
    0x00, 0x01, 0x01, 0x00, 0x01, 0x02, 0x02, 0x00, 0x00, 0x03, 0x00, 0x01, 0x02, 0x00, 0x28, 0x36,
    0x28, 0x36, 0x28, 0x36, 0x0c, 0x2d, 0x0c, 0x2d, 0x0c, 0x2d, 0x28, 0x29, 0x28, 0x29, 0x28, 0x29,
    0x88, 0x00,
};

static constexpr u8 kManxtt[] = {
    0x03, 0x7e, 0x6f, 0xac, 0x16, 0x85, 0x00, 0x01, 0xff, 0xff, 0x87, 0x00, 0x02, 0x01, 0x00, 0x01,
    0x8c, 0x00, 0x02, 0x02, 0x00, 0x02, 0x8c, 0x00, 0x00, 0x10, 0xff, 0x00, 0xfe, 0x00, 0x04, 0xb8,
    0xd0, 0x02, 0x00, 0x10, 0x84, 0x00, 0x01, 0xff, 0xff, 0x83, 0x00, 0x00, 0x10, 0x86, 0x00, 0x03,
    0x5b, 0x7b, 0xff, 0xff, 0xf3, 0x00, 0x00, 0x01, 0xff, 0x00, 0xff, 0x00, 0x88, 0x00, 0x01, 0xff,
    0xff, 0x83, 0x00, 0x03, 0x26, 0x70, 0xff, 0xff, 0x8b, 0x00, 0x07, 0x50, 0x4f, 0x00, 0x00, 0xa8,
    0x27, 0x00, 0x00, 0xff, 0xff, 0xff, 0xff, 0x9f, 0xff, 0x7f, 0x7a, 0x1d, 0x00, 0x00, 0x45, 0x4c,
    0x4c, 0x00, 0x01, 0x00, 0xff, 0xff, 0x9c, 0x1d, 0x00, 0x00, 0x41, 0x4e, 0x5a, 0x00, 0x01, 0x00,
    0xff, 0xff, 0xa6, 0x1d, 0x00, 0x00, 0x47, 0x4f, 0x49, 0x00, 0x01, 0x00, 0xff, 0xff, 0xb6, 0x1d,
    0x00, 0x00, 0x44, 0x45, 0x4e, 0x00, 0x00, 0x00, 0xff, 0xff, 0xfe, 0x1d, 0x00, 0x00, 0x4f, 0x4b,
    0x41, 0x00, 0x00, 0x00, 0xff, 0xff, 0x24, 0x1e, 0x00, 0x00, 0x46, 0x55, 0x5a, 0x00, 0x00, 0x00,
    0xff, 0xff, 0xd8, 0x1e, 0x00, 0x00, 0x52, 0x26, 0x44, 0x00, 0x01, 0x00, 0xff, 0xff, 0xb8, 0x1f,
    0x00, 0x00, 0x41, 0x4d, 0x33, 0x00, 0x01, 0x00, 0xff, 0xff, 0x9a, 0x20, 0x00, 0x00, 0x4d, 0x41,
    0x4e, 0x00, 0x01, 0x00, 0xff, 0xff, 0x7c, 0x21, 0x00, 0x00, 0x54, 0x2e, 0x54, 0x00, 0x01, 0x00,
    0xff, 0xff, 0xbd, 0x0e, 0x00, 0x00, 0x45, 0x4c, 0x4c, 0x00, 0x6d, 0x01, 0x00, 0xff, 0xff, 0xce,
    0x0e, 0x00, 0x00, 0x41, 0x4e, 0x5a, 0x00, 0x01, 0x00, 0xff, 0xff, 0xd3, 0x0e, 0x00, 0x00, 0x47,
    0x4f, 0x49, 0x00, 0x01, 0x00, 0xff, 0xff, 0xdb, 0x0e, 0x00, 0x00, 0x44, 0x45, 0x4e, 0x00, 0x00,
    0x00, 0xff, 0xff, 0xff, 0x0e, 0x00, 0x00, 0x4f, 0x4b, 0x41, 0x00, 0x00, 0x00, 0xff, 0xff, 0x12,
    0x0f, 0x00, 0x00, 0x46, 0x55, 0x5a, 0x00, 0x00, 0x00, 0xff, 0xff, 0x6c, 0x0f, 0x00, 0x00, 0x52,
    0x26, 0x44, 0x00, 0x01, 0x00, 0xff, 0xff, 0xdc, 0x0f, 0x00, 0x00, 0x41, 0x4d, 0x33, 0x00, 0x01,
    0x00, 0xff, 0xff, 0x4d, 0x10, 0x00, 0x00, 0x4d, 0x41, 0x4e, 0x00, 0x01, 0x00, 0xff, 0xff, 0xbe,
    0x10, 0x00, 0x00, 0x54, 0x2e, 0x54, 0x00, 0x01, 0x00, 0xff, 0xff, 0xff, 0xff, 0xff, 0xff, 0xff,
    0xff, 0xff, 0xff, 0xd1, 0xff, 0x8b, 0x00, 0x07, 0x50, 0x4f, 0x00, 0x00, 0xa8, 0x27, 0x00, 0x00,
    0xff, 0xff, 0xff, 0xff, 0x9f, 0xff, 0x7f, 0x4c, 0x25, 0x00, 0x00, 0x44, 0x45, 0x4e, 0x00, 0x01,
    0x00, 0xff, 0xff, 0x56, 0x25, 0x00, 0x00, 0x45, 0x4c, 0x4c, 0x00, 0x01, 0x00, 0xff, 0xff, 0x5e,
    0x26, 0x00, 0x00, 0x55, 0x52, 0x49, 0x00, 0x00, 0x00, 0xff, 0xff, 0x66, 0x26, 0x00, 0x00, 0x54,
    0x45, 0x44, 0x00, 0x01, 0x00, 0xff, 0xff, 0x9c, 0x26, 0x00, 0x00, 0x41, 0x4e, 0x5a, 0x00, 0x00,
    0x00, 0xff, 0xff, 0x40, 0x27, 0x00, 0x00, 0x47, 0x4f, 0x49, 0x00, 0x00, 0x00, 0xff, 0xff, 0xa8,
    0x27, 0x00, 0x00, 0x52, 0x26, 0x44, 0x00, 0x01, 0x00, 0xff, 0xff, 0x88, 0x28, 0x00, 0x00, 0x41,
    0x4d, 0x33, 0x00, 0x01, 0x00, 0xff, 0xff, 0x6a, 0x29, 0x00, 0x00, 0x4d, 0x41, 0x4e, 0x00, 0x01,
    0x00, 0xff, 0xff, 0x4c, 0x2a, 0x00, 0x00, 0x54, 0x2e, 0x54, 0x00, 0x01, 0x00, 0xff, 0xff, 0xa6,
    0x12, 0x00, 0x00, 0x44, 0x45, 0x4e, 0x00, 0x6d, 0x01, 0x00, 0xff, 0xff, 0xab, 0x12, 0x00, 0x00,
    0x45, 0x4c, 0x4c, 0x00, 0x01, 0x00, 0xff, 0xff, 0x2f, 0x13, 0x00, 0x00, 0x55, 0x52, 0x49, 0x00,
    0x00, 0x00, 0xff, 0xff, 0x33, 0x13, 0x00, 0x00, 0x54, 0x45, 0x44, 0x00, 0x01, 0x00, 0xff, 0xff,
    0x4e, 0x13, 0x00, 0x00, 0x41, 0x4e, 0x5a, 0x00, 0x00, 0x00, 0xff, 0xff, 0xa0, 0x13, 0x00, 0x00,
    0x47, 0x4f, 0x49, 0x00, 0x00, 0x00, 0xff, 0xff, 0xd4, 0x13, 0x00, 0x00, 0x52, 0x26, 0x44, 0x00,
    0x01, 0x00, 0xff, 0xff, 0x44, 0x14, 0x00, 0x00, 0x41, 0x4d, 0x33, 0x00, 0x01, 0x00, 0xff, 0xff,
    0xb5, 0x14, 0x00, 0x00, 0x4d, 0x41, 0x4e, 0x00, 0x01, 0x00, 0xff, 0xff, 0x26, 0x15, 0x00, 0x00,
    0x54, 0x2e, 0x54, 0x00, 0x01, 0x00, 0xff, 0xff, 0xff, 0xff, 0xff, 0xff, 0xff, 0xff, 0xff, 0xff,
    0xd1, 0xff, 0x8b, 0x00, 0x07, 0x50, 0x4f, 0x00, 0x00, 0xa8, 0x27, 0x00, 0x00, 0xff, 0xff, 0xff,
    0xff, 0x9f, 0xff, 0x7f, 0xb6, 0x1b, 0x00, 0x00, 0x45, 0x4c, 0x4c, 0x00, 0x01, 0x00, 0xff, 0xff,
    0xd8, 0x1b, 0x00, 0x00, 0x41, 0x4e, 0x5a, 0x00, 0x01, 0x00, 0xff, 0xff, 0xe2, 0x1b, 0x00, 0x00,
    0x47, 0x4f, 0x49, 0x00, 0x01, 0x00, 0xff, 0xff, 0xf2, 0x1b, 0x00, 0x00, 0x44, 0x45, 0x4e, 0x00,
    0x00, 0x00, 0xff, 0xff, 0x3a, 0x1c, 0x00, 0x00, 0x4f, 0x4b, 0x41, 0x00, 0x00, 0x00, 0xff, 0xff,
    0x62, 0x1c, 0x00, 0x00, 0x46, 0x55, 0x5a, 0x00, 0x00, 0x00, 0xff, 0xff, 0x14, 0x1d, 0x00, 0x00,
    0x52, 0x26, 0x44, 0x00, 0x01, 0x00, 0xff, 0xff, 0xf6, 0x1d, 0x00, 0x00, 0x41, 0x4d, 0x33, 0x00,
    0x01, 0x00, 0xff, 0xff, 0xd8, 0x1e, 0x00, 0x00, 0x4d, 0x41, 0x4e, 0x00, 0x01, 0x00, 0xff, 0xff,
    0xb8, 0x1f, 0x00, 0x00, 0x54, 0x2e, 0x54, 0x00, 0x01, 0x00, 0xff, 0xff, 0xdb, 0x0d, 0x00, 0x00,
    0x45, 0x4c, 0x4c, 0x00, 0x6d, 0x01, 0x00, 0xff, 0xff, 0xec, 0x0d, 0x00, 0x00, 0x41, 0x4e, 0x5a,
    0x00, 0x01, 0x00, 0xff, 0xff, 0xf1, 0x0d, 0x00, 0x00, 0x47, 0x4f, 0x49, 0x00, 0x01, 0x00, 0xff,
    0xff, 0xf9, 0x0d, 0x00, 0x00, 0x44, 0x45, 0x4e, 0x00, 0x00, 0x00, 0xff, 0xff, 0x1d, 0x0e, 0x00,
    0x00, 0x4f, 0x4b, 0x41, 0x00, 0x00, 0x00, 0xff, 0xff, 0x31, 0x0e, 0x00, 0x00, 0x46, 0x55, 0x5a,
    0x00, 0x00, 0x00, 0xff, 0xff, 0x8a, 0x0e, 0x00, 0x00, 0x52, 0x26, 0x44, 0x00, 0x01, 0x00, 0xff,
    0xff, 0xfb, 0x0e, 0x00, 0x00, 0x41, 0x4d, 0x33, 0x00, 0x01, 0x00, 0xff, 0xff, 0x6c, 0x0f, 0x00,
    0x00, 0x4d, 0x41, 0x4e, 0x00, 0x01, 0x00, 0xff, 0xff, 0xdc, 0x0f, 0x00, 0x00, 0x54, 0x2e, 0x54,
    0x00, 0x01, 0x00, 0xff, 0xff, 0xff, 0xff, 0xff, 0xff, 0xff, 0xff, 0xff, 0xff, 0xd1, 0xff, 0x8b,
    0x00, 0x07, 0x50, 0x4f, 0x00, 0x00, 0xa8, 0x27, 0x00, 0x00, 0xff, 0xff, 0xff, 0xff, 0x9f, 0xff,
    0x7f, 0x88, 0x23, 0x00, 0x00, 0x44, 0x45, 0x4e, 0x00, 0x01, 0x00, 0xff, 0xff, 0x92, 0x23, 0x00,
    0x00, 0x45, 0x4c, 0x4c, 0x00, 0x01, 0x00, 0xff, 0xff, 0x9a, 0x24, 0x00, 0x00, 0x55, 0x52, 0x49,
    0x00, 0x00, 0x00, 0xff, 0xff, 0xa2, 0x24, 0x00, 0x00, 0x54, 0x45, 0x44, 0x00, 0x01, 0x00, 0xff,
    0xff, 0xda, 0x24, 0x00, 0x00, 0x41, 0x4e, 0x5a, 0x00, 0x00, 0x00, 0xff, 0xff, 0x7c, 0x25, 0x00,
    0x00, 0x47, 0x4f, 0x49, 0x00, 0x00, 0x00, 0xff, 0xff, 0xe4, 0x25, 0x00, 0x00, 0x52, 0x26, 0x44,
    0x00, 0x01, 0x00, 0xff, 0xff, 0xc6, 0x26, 0x00, 0x00, 0x41, 0x4d, 0x33, 0x00, 0x01, 0x00, 0xff,
    0xff, 0xa8, 0x27, 0x00, 0x00, 0x4d, 0x41, 0x4e, 0x00, 0x01, 0x00, 0xff, 0xff, 0x88, 0x28, 0x00,
    0x00, 0x54, 0x2e, 0x54, 0x00, 0x01, 0x00, 0xff, 0xff, 0xc4, 0x11, 0x00, 0x00, 0x44, 0x45, 0x4e,
    0x00, 0x6d, 0x01, 0x00, 0xff, 0xff, 0xc9, 0x11, 0x00, 0x00, 0x45, 0x4c, 0x4c, 0x00, 0x01, 0x00,
    0xff, 0xff, 0x4d, 0x12, 0x00, 0x00, 0x55, 0x52, 0x49, 0x00, 0x00, 0x00, 0xff, 0xff, 0x51, 0x12,
    0x00, 0x00, 0x54, 0x45, 0x44, 0x00, 0x01, 0x00, 0xff, 0xff, 0x6d, 0x12, 0x00, 0x00, 0x41, 0x4e,
    0x5a, 0x00, 0x00, 0x00, 0xff, 0xff, 0xbe, 0x12, 0x00, 0x00, 0x47, 0x4f, 0x49, 0x00, 0x00, 0x00,
    0xff, 0xff, 0xf2, 0x12, 0x00, 0x00, 0x52, 0x26, 0x44, 0x00, 0x01, 0x00, 0xff, 0xff, 0x63, 0x13,
    0x00, 0x00, 0x41, 0x4d, 0x33, 0x00, 0x01, 0x00, 0xff, 0xff, 0xd4, 0x13, 0x00, 0x00, 0x4d, 0x41,
    0x4e, 0x00, 0x01, 0x00, 0xff, 0xff, 0x44, 0x14, 0x00, 0x00, 0x54, 0x2e, 0x54, 0x00, 0x01, 0x00,
    0xff, 0xff, 0xff, 0xff, 0xff, 0xff, 0xff, 0xff, 0xff, 0xff, 0xd1, 0xff, 0x83, 0x00, 0x03, 0x7e,
    0x6f, 0xac, 0x16, 0x85, 0x00, 0x01, 0xff, 0xff, 0x87, 0x00, 0x02, 0x01, 0x00, 0x01, 0x8c, 0x00,
    0x02, 0x02, 0x00, 0x02, 0x8c, 0x00, 0x00, 0x10, 0xff, 0x00, 0xfe, 0x00, 0x04, 0xb8, 0xd0, 0x02,
    0x00, 0x10, 0x84, 0x00, 0x01, 0xff, 0xff, 0x83, 0x00, 0x00, 0x10, 0x86, 0x00, 0x03, 0x5b, 0x7b,
    0xff, 0xff, 0xf3, 0x00, 0x00, 0x01, 0xff, 0x00, 0xff, 0x00, 0x88, 0x00, 0x01, 0xff, 0xff, 0x83,
    0x00, 0x03, 0x26, 0x70, 0xff, 0xff, 0x8b, 0x00, 0x07, 0x50, 0x4f, 0x00, 0x00, 0xa8, 0x27, 0x00,
    0x00, 0xff, 0xff, 0xff, 0xff, 0x9f, 0xff, 0x7f, 0x7a, 0x1d, 0x00, 0x00, 0x45, 0x4c, 0x4c, 0x00,
    0x01, 0x00, 0xff, 0xff, 0x9c, 0x1d, 0x00, 0x00, 0x41, 0x4e, 0x5a, 0x00, 0x01, 0x00, 0xff, 0xff,
    0xa6, 0x1d, 0x00, 0x00, 0x47, 0x4f, 0x49, 0x00, 0x01, 0x00, 0xff, 0xff, 0xb6, 0x1d, 0x00, 0x00,
    0x44, 0x45, 0x4e, 0x00, 0x00, 0x00, 0xff, 0xff, 0xfe, 0x1d, 0x00, 0x00, 0x4f, 0x4b, 0x41, 0x00,
    0x00, 0x00, 0xff, 0xff, 0x24, 0x1e, 0x00, 0x00, 0x46, 0x55, 0x5a, 0x00, 0x00, 0x00, 0xff, 0xff,
    0xd8, 0x1e, 0x00, 0x00, 0x52, 0x26, 0x44, 0x00, 0x01, 0x00, 0xff, 0xff, 0xb8, 0x1f, 0x00, 0x00,
    0x41, 0x4d, 0x33, 0x00, 0x01, 0x00, 0xff, 0xff, 0x9a, 0x20, 0x00, 0x00, 0x4d, 0x41, 0x4e, 0x00,
    0x01, 0x00, 0xff, 0xff, 0x7c, 0x21, 0x00, 0x00, 0x54, 0x2e, 0x54, 0x00, 0x01, 0x00, 0xff, 0xff,
    0xbd, 0x0e, 0x00, 0x00, 0x45, 0x4c, 0x4c, 0x00, 0x6d, 0x01, 0x00, 0xff, 0xff, 0xce, 0x0e, 0x00,
    0x00, 0x41, 0x4e, 0x5a, 0x00, 0x01, 0x00, 0xff, 0xff, 0xd3, 0x0e, 0x00, 0x00, 0x47, 0x4f, 0x49,
    0x00, 0x01, 0x00, 0xff, 0xff, 0xdb, 0x0e, 0x00, 0x00, 0x44, 0x45, 0x4e, 0x00, 0x00, 0x00, 0xff,
    0xff, 0xff, 0x0e, 0x00, 0x00, 0x4f, 0x4b, 0x41, 0x00, 0x00, 0x00, 0xff, 0xff, 0x12, 0x0f, 0x00,
    0x00, 0x46, 0x55, 0x5a, 0x00, 0x00, 0x00, 0xff, 0xff, 0x6c, 0x0f, 0x00, 0x00, 0x52, 0x26, 0x44,
    0x00, 0x01, 0x00, 0xff, 0xff, 0xdc, 0x0f, 0x00, 0x00, 0x41, 0x4d, 0x33, 0x00, 0x01, 0x00, 0xff,
    0xff, 0x4d, 0x10, 0x00, 0x00, 0x4d, 0x41, 0x4e, 0x00, 0x01, 0x00, 0xff, 0xff, 0xbe, 0x10, 0x00,
    0x00, 0x54, 0x2e, 0x54, 0x00, 0x01, 0x00, 0xff, 0xff, 0xff, 0xff, 0xff, 0xff, 0xff, 0xff, 0xff,
    0xff, 0xd1, 0xff, 0x8b, 0x00, 0x07, 0x50, 0x4f, 0x00, 0x00, 0xa8, 0x27, 0x00, 0x00, 0xff, 0xff,
    0xff, 0xff, 0x9f, 0xff, 0x7f, 0x4c, 0x25, 0x00, 0x00, 0x44, 0x45, 0x4e, 0x00, 0x01, 0x00, 0xff,
    0xff, 0x56, 0x25, 0x00, 0x00, 0x45, 0x4c, 0x4c, 0x00, 0x01, 0x00, 0xff, 0xff, 0x5e, 0x26, 0x00,
    0x00, 0x55, 0x52, 0x49, 0x00, 0x00, 0x00, 0xff, 0xff, 0x66, 0x26, 0x00, 0x00, 0x54, 0x45, 0x44,
    0x00, 0x01, 0x00, 0xff, 0xff, 0x9c, 0x26, 0x00, 0x00, 0x41, 0x4e, 0x5a, 0x00, 0x00, 0x00, 0xff,
    0xff, 0x40, 0x27, 0x00, 0x00, 0x47, 0x4f, 0x49, 0x00, 0x00, 0x00, 0xff, 0xff, 0xa8, 0x27, 0x00,
    0x00, 0x52, 0x26, 0x44, 0x00, 0x01, 0x00, 0xff, 0xff, 0x88, 0x28, 0x00, 0x00, 0x41, 0x4d, 0x33,
    0x00, 0x01, 0x00, 0xff, 0xff, 0x6a, 0x29, 0x00, 0x00, 0x4d, 0x41, 0x4e, 0x00, 0x01, 0x00, 0xff,
    0xff, 0x4c, 0x2a, 0x00, 0x00, 0x54, 0x2e, 0x54, 0x00, 0x01, 0x00, 0xff, 0xff, 0xa6, 0x12, 0x00,
    0x00, 0x44, 0x45, 0x4e, 0x00, 0x6d, 0x01, 0x00, 0xff, 0xff, 0xab, 0x12, 0x00, 0x00, 0x45, 0x4c,
    0x4c, 0x00, 0x01, 0x00, 0xff, 0xff, 0x2f, 0x13, 0x00, 0x00, 0x55, 0x52, 0x49, 0x00, 0x00, 0x00,
    0xff, 0xff, 0x33, 0x13, 0x00, 0x00, 0x54, 0x45, 0x44, 0x00, 0x01, 0x00, 0xff, 0xff, 0x4e, 0x13,
    0x00, 0x00, 0x41, 0x4e, 0x5a, 0x00, 0x00, 0x00, 0xff, 0xff, 0xa0, 0x13, 0x00, 0x00, 0x47, 0x4f,
    0x49, 0x00, 0x00, 0x00, 0xff, 0xff, 0xd4, 0x13, 0x00, 0x00, 0x52, 0x26, 0x44, 0x00, 0x01, 0x00,
    0xff, 0xff, 0x44, 0x14, 0x00, 0x00, 0x41, 0x4d, 0x33, 0x00, 0x01, 0x00, 0xff, 0xff, 0xb5, 0x14,
    0x00, 0x00, 0x4d, 0x41, 0x4e, 0x00, 0x01, 0x00, 0xff, 0xff, 0x26, 0x15, 0x00, 0x00, 0x54, 0x2e,
    0x54, 0x00, 0x01, 0x00, 0xff, 0xff, 0xff, 0xff, 0xff, 0xff, 0xff, 0xff, 0xff, 0xff, 0xd1, 0xff,
    0x8b, 0x00, 0x07, 0x50, 0x4f, 0x00, 0x00, 0xa8, 0x27, 0x00, 0x00, 0xff, 0xff, 0xff, 0xff, 0x9f,
    0xff, 0x7f, 0xb6, 0x1b, 0x00, 0x00, 0x45, 0x4c, 0x4c, 0x00, 0x01, 0x00, 0xff, 0xff, 0xd8, 0x1b,
    0x00, 0x00, 0x41, 0x4e, 0x5a, 0x00, 0x01, 0x00, 0xff, 0xff, 0xe2, 0x1b, 0x00, 0x00, 0x47, 0x4f,
    0x49, 0x00, 0x01, 0x00, 0xff, 0xff, 0xf2, 0x1b, 0x00, 0x00, 0x44, 0x45, 0x4e, 0x00, 0x00, 0x00,
    0xff, 0xff, 0x3a, 0x1c, 0x00, 0x00, 0x4f, 0x4b, 0x41, 0x00, 0x00, 0x00, 0xff, 0xff, 0x62, 0x1c,
    0x00, 0x00, 0x46, 0x55, 0x5a, 0x00, 0x00, 0x00, 0xff, 0xff, 0x14, 0x1d, 0x00, 0x00, 0x52, 0x26,
    0x44, 0x00, 0x01, 0x00, 0xff, 0xff, 0xf6, 0x1d, 0x00, 0x00, 0x41, 0x4d, 0x33, 0x00, 0x01, 0x00,
    0xff, 0xff, 0xd8, 0x1e, 0x00, 0x00, 0x4d, 0x41, 0x4e, 0x00, 0x01, 0x00, 0xff, 0xff, 0xb8, 0x1f,
    0x00, 0x00, 0x54, 0x2e, 0x54, 0x00, 0x01, 0x00, 0xff, 0xff, 0xdb, 0x0d, 0x00, 0x00, 0x45, 0x4c,
    0x4c, 0x00, 0x6d, 0x01, 0x00, 0xff, 0xff, 0xec, 0x0d, 0x00, 0x00, 0x41, 0x4e, 0x5a, 0x00, 0x01,
    0x00, 0xff, 0xff, 0xf1, 0x0d, 0x00, 0x00, 0x47, 0x4f, 0x49, 0x00, 0x01, 0x00, 0xff, 0xff, 0xf9,
    0x0d, 0x00, 0x00, 0x44, 0x45, 0x4e, 0x00, 0x00, 0x00, 0xff, 0xff, 0x1d, 0x0e, 0x00, 0x00, 0x4f,
    0x4b, 0x41, 0x00, 0x00, 0x00, 0xff, 0xff, 0x31, 0x0e, 0x00, 0x00, 0x46, 0x55, 0x5a, 0x00, 0x00,
    0x00, 0xff, 0xff, 0x8a, 0x0e, 0x00, 0x00, 0x52, 0x26, 0x44, 0x00, 0x01, 0x00, 0xff, 0xff, 0xfb,
    0x0e, 0x00, 0x00, 0x41, 0x4d, 0x33, 0x00, 0x01, 0x00, 0xff, 0xff, 0x6c, 0x0f, 0x00, 0x00, 0x4d,
    0x41, 0x4e, 0x00, 0x01, 0x00, 0xff, 0xff, 0xdc, 0x0f, 0x00, 0x00, 0x54, 0x2e, 0x54, 0x00, 0x01,
    0x00, 0xff, 0xff, 0xff, 0xff, 0xff, 0xff, 0xff, 0xff, 0xff, 0xff, 0xd1, 0xff, 0x8b, 0x00, 0x07,
    0x50, 0x4f, 0x00, 0x00, 0xa8, 0x27, 0x00, 0x00, 0xff, 0xff, 0xff, 0xff, 0x9f, 0xff, 0x7f, 0x88,
    0x23, 0x00, 0x00, 0x44, 0x45, 0x4e, 0x00, 0x01, 0x00, 0xff, 0xff, 0x92, 0x23, 0x00, 0x00, 0x45,
    0x4c, 0x4c, 0x00, 0x01, 0x00, 0xff, 0xff, 0x9a, 0x24, 0x00, 0x00, 0x55, 0x52, 0x49, 0x00, 0x00,
    0x00, 0xff, 0xff, 0xa2, 0x24, 0x00, 0x00, 0x54, 0x45, 0x44, 0x00, 0x01, 0x00, 0xff, 0xff, 0xda,
    0x24, 0x00, 0x00, 0x41, 0x4e, 0x5a, 0x00, 0x00, 0x00, 0xff, 0xff, 0x7c, 0x25, 0x00, 0x00, 0x47,
    0x4f, 0x49, 0x00, 0x00, 0x00, 0xff, 0xff, 0xe4, 0x25, 0x00, 0x00, 0x52, 0x26, 0x44, 0x00, 0x01,
    0x00, 0xff, 0xff, 0xc6, 0x26, 0x00, 0x00, 0x41, 0x4d, 0x33, 0x00, 0x01, 0x00, 0xff, 0xff, 0xa8,
    0x27, 0x00, 0x00, 0x4d, 0x41, 0x4e, 0x00, 0x01, 0x00, 0xff, 0xff, 0x88, 0x28, 0x00, 0x00, 0x54,
    0x2e, 0x54, 0x00, 0x01, 0x00, 0xff, 0xff, 0xc4, 0x11, 0x00, 0x00, 0x44, 0x45, 0x4e, 0x00, 0x6d,
    0x01, 0x00, 0xff, 0xff, 0xc9, 0x11, 0x00, 0x00, 0x45, 0x4c, 0x4c, 0x00, 0x01, 0x00, 0xff, 0xff,
    0x4d, 0x12, 0x00, 0x00, 0x55, 0x52, 0x49, 0x00, 0x00, 0x00, 0xff, 0xff, 0x51, 0x12, 0x00, 0x00,
    0x54, 0x45, 0x44, 0x00, 0x01, 0x00, 0xff, 0xff, 0x6d, 0x12, 0x00, 0x00, 0x41, 0x4e, 0x5a, 0x00,
    0x00, 0x00, 0xff, 0xff, 0xbe, 0x12, 0x00, 0x00, 0x47, 0x4f, 0x49, 0x00, 0x00, 0x00, 0xff, 0xff,
    0xf2, 0x12, 0x00, 0x00, 0x52, 0x26, 0x44, 0x00, 0x01, 0x00, 0xff, 0xff, 0x63, 0x13, 0x00, 0x00,
    0x41, 0x4d, 0x33, 0x00, 0x01, 0x00, 0xff, 0xff, 0xd4, 0x13, 0x00, 0x00, 0x4d, 0x41, 0x4e, 0x00,
    0x01, 0x00, 0xff, 0xff, 0x44, 0x14, 0x00, 0x00, 0x54, 0x2e, 0x54, 0x00, 0x01, 0x00, 0xff, 0xff,
    0xff, 0xff, 0xff, 0xff, 0xff, 0xff, 0xff, 0xff, 0xd1, 0xff, 0x83, 0x00, 0xff, 0xff, 0xff, 0xff,
    0xff, 0xff, 0xff, 0xff, 0xff, 0xff, 0xff, 0xff, 0xff, 0xff, 0xff, 0xff, 0xff, 0xff, 0xff, 0xff,
    0xff, 0xff, 0xff, 0xff, 0xff, 0xff, 0xff, 0xff, 0xff, 0xff, 0xff, 0xff, 0xff, 0xff, 0xff, 0xff,
    0xff, 0xff, 0xff, 0xff, 0xff, 0xff, 0xff, 0xff, 0xff, 0xff, 0xff, 0xff, 0xff, 0xff, 0xff, 0xff,
    0xff, 0xff, 0xff, 0xff, 0xff, 0xff, 0xff, 0xff, 0xff, 0xff, 0xff, 0xff, 0xff, 0xff, 0xff, 0xff,
    0xff, 0xff, 0xff, 0xff, 0xff, 0xff, 0xa7, 0xff, 0x08, 0x10, 0x8b, 0x38, 0x00, 0x02, 0x00, 0x00,
    0x00, 0x01, 0x84, 0x00, 0x83, 0x01, 0x83, 0x02, 0x84, 0x01, 0x0f, 0x20, 0xe0, 0x20, 0xe0, 0x80,
    0x20, 0xe0, 0xff, 0xff, 0xf2, 0xff, 0xff, 0xff, 0x01, 0x00, 0x01, 0x84, 0x00, 0x05, 0x01, 0x00,
    0x01, 0x00, 0x01, 0x00, 0xc9, 0xff,
};

static constexpr u8 kMotoraid[] = {
    0x83, 0x00, 0x05, 0x71, 0x58, 0x90, 0x40, 0x66, 0xdf, 0x8d, 0x00, 0x87, 0xff, 0xf9, 0x00, 0x3f,
    0xf0, 0x42, 0x00, 0x00, 0xf0, 0x42, 0x00, 0x00, 0xf0, 0x42, 0x00, 0x00, 0xf0, 0x42, 0x00, 0x00,
    0xf0, 0x42, 0x00, 0x00, 0xf0, 0x42, 0x00, 0x00, 0xf0, 0x42, 0x00, 0x00, 0xf0, 0x42, 0x00, 0x00,
    0xfa, 0x43, 0x00, 0x00, 0xfa, 0x43, 0x00, 0x00, 0xfa, 0x43, 0x00, 0x00, 0xfa, 0x43, 0x00, 0x00,
    0xfa, 0x43, 0x00, 0x00, 0xfa, 0x43, 0x00, 0x00, 0xfa, 0x43, 0x00, 0x00, 0xfa, 0x43, 0x66, 0xdf,
    0x8d, 0x00, 0x87, 0xff, 0xf9, 0x00, 0x3d, 0xf0, 0x42, 0x00, 0x00, 0xf0, 0x42, 0x00, 0x00, 0xf0,
    0x42, 0x00, 0x00, 0xf0, 0x42, 0x00, 0x00, 0xf0, 0x42, 0x00, 0x00, 0xf0, 0x42, 0x00, 0x00, 0xf0,
    0x42, 0x00, 0x00, 0xf0, 0x42, 0x00, 0x00, 0xfa, 0x43, 0x00, 0x00, 0xfa, 0x43, 0x00, 0x00, 0xfa,
    0x43, 0x00, 0x00, 0xfa, 0x43, 0x00, 0x00, 0xfa, 0x43, 0x00, 0x00, 0xfa, 0x43, 0x00, 0x00, 0xfa,
    0x43, 0x00, 0x00, 0xfa, 0x43, 0x9b, 0x00, 0x0b, 0xc4, 0x48, 0x00, 0x00, 0x57, 0x41, 0x54, 0x00,
    0x00, 0x00, 0xd2, 0x43, 0x8f, 0x00, 0x08, 0x4d, 0x41, 0x54, 0x00, 0x00, 0x00, 0xd7, 0x43, 0x02,
    0x8e, 0x00, 0x08, 0x4f, 0x4f, 0x48, 0x00, 0x00, 0x00, 0xdc, 0x43, 0x03, 0x8e, 0x00, 0x08, 0x4b,
    0x49, 0x54, 0x00, 0x00, 0x00, 0xe1, 0x43, 0x01, 0x8e, 0x00, 0x07, 0x49, 0x4a, 0x49, 0x00, 0x00,
    0x00, 0xe6, 0x43, 0x8f, 0x00, 0x08, 0x54, 0x2e, 0x4f, 0x00, 0x00, 0x00, 0xeb, 0x43, 0x02, 0x8e,
    0x00, 0x08, 0x48, 0x41, 0x59, 0x00, 0x00, 0x00, 0xf0, 0x43, 0x03, 0x8e, 0x00, 0x08, 0x59, 0x41,
    0x53, 0x00, 0x00, 0x00, 0xf5, 0x43, 0x01, 0x8e, 0x00, 0x07, 0x57, 0x41, 0x54, 0x00, 0x00, 0x00,
    0x96, 0x43, 0x8f, 0x00, 0x08, 0x4d, 0x41, 0x54, 0x00, 0x00, 0x00, 0x9b, 0x43, 0x02, 0x8e, 0x00,
    0x08, 0x4f, 0x4f, 0x48, 0x00, 0x00, 0x00, 0xa0, 0x43, 0x03, 0x8e, 0x00, 0x08, 0x4b, 0x49, 0x54,
    0x00, 0x00, 0x00, 0xa5, 0x43, 0x01, 0x8e, 0x00, 0x07, 0x49, 0x4a, 0x49, 0x00, 0x00, 0x00, 0xaa,
    0x43, 0x8f, 0x00, 0x08, 0x54, 0x2e, 0x4f, 0x00, 0x00, 0x00, 0xaf, 0x43, 0x02, 0x8e, 0x00, 0x08,
    0x48, 0x41, 0x59, 0x00, 0x00, 0x00, 0xb4, 0x43, 0x03, 0x8e, 0x00, 0x08, 0x59, 0x41, 0x53, 0x00,
    0x00, 0x00, 0xb9, 0x43, 0x01, 0x8e, 0x00, 0x07, 0x57, 0x41, 0x54, 0x00, 0x00, 0x00, 0xb4, 0x43,
    0x8f, 0x00, 0x08, 0x4d, 0x41, 0x54, 0x00, 0x00, 0x00, 0xb9, 0x43, 0x02, 0x8e, 0x00, 0x08, 0x4f,
    0x4f, 0x48, 0x00, 0x00, 0x00, 0xbe, 0x43, 0x03, 0x8e, 0x00, 0x08, 0x4b, 0x49, 0x54, 0x00, 0x00,
    0x00, 0xc3, 0x43, 0x01, 0x8e, 0x00, 0x07, 0x49, 0x4a, 0x49, 0x00, 0x00, 0x00, 0xc8, 0x43, 0x8f,
    0x00, 0x08, 0x54, 0x2e, 0x4f, 0x00, 0x00, 0x00, 0xcd, 0x43, 0x02, 0x8e, 0x00, 0x08, 0x48, 0x41,
    0x59, 0x00, 0x00, 0x00, 0xd2, 0x43, 0x03, 0x8e, 0x00, 0x08, 0x59, 0x41, 0x53, 0x00, 0x00, 0x00,
    0xd7, 0x43, 0x01, 0x8e, 0x00, 0x07, 0x57, 0x41, 0x54, 0x00, 0x00, 0x00, 0x96, 0x43, 0x8f, 0x00,
    0x08, 0x4d, 0x41, 0x54, 0x00, 0x00, 0x00, 0x9b, 0x43, 0x02, 0x8e, 0x00, 0x08, 0x4f, 0x4f, 0x48,
    0x00, 0x00, 0x00, 0xa0, 0x43, 0x03, 0x8e, 0x00, 0x08, 0x4b, 0x49, 0x54, 0x00, 0x00, 0x00, 0xa5,
    0x43, 0x01, 0x8e, 0x00, 0x07, 0x49, 0x4a, 0x49, 0x00, 0x00, 0x00, 0xaa, 0x43, 0x8f, 0x00, 0x08,
    0x54, 0x2e, 0x4f, 0x00, 0x00, 0x00, 0xaf, 0x43, 0x02, 0x8e, 0x00, 0x08, 0x48, 0x41, 0x59, 0x00,
    0x00, 0x00, 0xb4, 0x43, 0x03, 0x8e, 0x00, 0x08, 0x59, 0x41, 0x53, 0x00, 0x00, 0x00, 0xb9, 0x43,
    0x01, 0x8e, 0x00, 0x07, 0x57, 0x41, 0x54, 0x00, 0x00, 0x00, 0xd2, 0x43, 0x8f, 0x00, 0x08, 0x4d,
    0x41, 0x54, 0x00, 0x00, 0x00, 0xd7, 0x43, 0x02, 0x8e, 0x00, 0x08, 0x4f, 0x4f, 0x48, 0x00, 0x00,
    0x00, 0xdc, 0x43, 0x03, 0x8e, 0x00, 0x08, 0x4b, 0x49, 0x54, 0x00, 0x00, 0x00, 0xe1, 0x43, 0x01,
    0x8e, 0x00, 0x07, 0x49, 0x4a, 0x49, 0x00, 0x00, 0x00, 0xe6, 0x43, 0x8f, 0x00, 0x08, 0x54, 0x2e,
    0x4f, 0x00, 0x00, 0x00, 0xeb, 0x43, 0x02, 0x8e, 0x00, 0x08, 0x48, 0x41, 0x59, 0x00, 0x00, 0x00,
    0xf0, 0x43, 0x03, 0x8e, 0x00, 0x08, 0x59, 0x41, 0x53, 0x00, 0x00, 0x00, 0xf5, 0x43, 0x01, 0x8e,
    0x00, 0x02, 0x52, 0x42, 0x4e, 0x88, 0x00, 0x0e, 0xb8, 0x0b, 0x00, 0x00, 0x01, 0x01, 0x02, 0x03,
    0xff, 0x00, 0x00, 0x00, 0x47, 0x4e, 0x5a, 0x88, 0x00, 0x0e, 0xb8, 0x0b, 0x00, 0x00, 0x01, 0x01,
    0x02, 0x03, 0xff, 0x00, 0x00, 0x00, 0x47, 0x4c, 0x41, 0x88, 0x00, 0x0e, 0xb8, 0x0b, 0x00, 0x00,
    0x01, 0x01, 0x02, 0x03, 0xff, 0x00, 0x00, 0x00, 0x49, 0x2e, 0x4f, 0x88, 0x00, 0x0e, 0xb8, 0x0b,
    0x00, 0x00, 0x01, 0x01, 0x02, 0x03, 0xff, 0x00, 0x00, 0x00, 0x52, 0x42, 0x4e, 0x88, 0x00, 0x0e,
    0xb8, 0x0b, 0x00, 0x00, 0x01, 0x01, 0x02, 0x03, 0xff, 0x00, 0x00, 0x00, 0x47, 0x4e, 0x5a, 0x88,
    0x00, 0x0e, 0xb8, 0x0b, 0x00, 0x00, 0x01, 0x01, 0x02, 0x03, 0xff, 0x00, 0x00, 0x00, 0x47, 0x4c,
    0x41, 0x88, 0x00, 0x0e, 0xb8, 0x0b, 0x00, 0x00, 0x01, 0x01, 0x02, 0x03, 0xff, 0x00, 0x00, 0x00,
    0x49, 0x2e, 0x4f, 0x88, 0x00, 0x17, 0xb8, 0x0b, 0x00, 0x00, 0x01, 0x01, 0x02, 0x03, 0xff, 0x00,
    0x00, 0x00, 0xc4, 0x48, 0x00, 0x00, 0x57, 0x41, 0x54, 0x00, 0x00, 0x00, 0xd2, 0x43, 0x8f, 0x00,
    0x08, 0x4d, 0x41, 0x54, 0x00, 0x00, 0x00, 0xd7, 0x43, 0x02, 0x8e, 0x00, 0x08, 0x4f, 0x4f, 0x48,
    0x00, 0x00, 0x00, 0xdc, 0x43, 0x03, 0x8e, 0x00, 0x08, 0x4b, 0x49, 0x54, 0x00, 0x00, 0x00, 0xe1,
    0x43, 0x01, 0x8e, 0x00, 0x07, 0x49, 0x4a, 0x49, 0x00, 0x00, 0x00, 0xe6, 0x43, 0x8f, 0x00, 0x08,
    0x54, 0x2e, 0x4f, 0x00, 0x00, 0x00, 0xeb, 0x43, 0x02, 0x8e, 0x00, 0x08, 0x48, 0x41, 0x59, 0x00,
    0x00, 0x00, 0xf0, 0x43, 0x03, 0x8e, 0x00, 0x08, 0x59, 0x41, 0x53, 0x00, 0x00, 0x00, 0xf5, 0x43,
    0x01, 0x8e, 0x00, 0x07, 0x57, 0x41, 0x54, 0x00, 0x00, 0x00, 0x96, 0x43, 0x8f, 0x00, 0x08, 0x4d,
    0x41, 0x54, 0x00, 0x00, 0x00, 0x9b, 0x43, 0x02, 0x8e, 0x00, 0x08, 0x4f, 0x4f, 0x48, 0x00, 0x00,
    0x00, 0xa0, 0x43, 0x03, 0x8e, 0x00, 0x08, 0x4b, 0x49, 0x54, 0x00, 0x00, 0x00, 0xa5, 0x43, 0x01,
    0x8e, 0x00, 0x07, 0x49, 0x4a, 0x49, 0x00, 0x00, 0x00, 0xaa, 0x43, 0x8f, 0x00, 0x08, 0x54, 0x2e,
    0x4f, 0x00, 0x00, 0x00, 0xaf, 0x43, 0x02, 0x8e, 0x00, 0x08, 0x48, 0x41, 0x59, 0x00, 0x00, 0x00,
    0xb4, 0x43, 0x03, 0x8e, 0x00, 0x08, 0x59, 0x41, 0x53, 0x00, 0x00, 0x00, 0xb9, 0x43, 0x01, 0x8e,
    0x00, 0x07, 0x57, 0x41, 0x54, 0x00, 0x00, 0x00, 0xb4, 0x43, 0x8f, 0x00, 0x08, 0x4d, 0x41, 0x54,
    0x00, 0x00, 0x00, 0xb9, 0x43, 0x02, 0x8e, 0x00, 0x08, 0x4f, 0x4f, 0x48, 0x00, 0x00, 0x00, 0xbe,
    0x43, 0x03, 0x8e, 0x00, 0x08, 0x4b, 0x49, 0x54, 0x00, 0x00, 0x00, 0xc3, 0x43, 0x01, 0x8e, 0x00,
    0x07, 0x49, 0x4a, 0x49, 0x00, 0x00, 0x00, 0xc8, 0x43, 0x8f, 0x00, 0x08, 0x54, 0x2e, 0x4f, 0x00,
    0x00, 0x00, 0xcd, 0x43, 0x02, 0x8e, 0x00, 0x08, 0x48, 0x41, 0x59, 0x00, 0x00, 0x00, 0xd2, 0x43,
    0x03, 0x8e, 0x00, 0x08, 0x59, 0x41, 0x53, 0x00, 0x00, 0x00, 0xd7, 0x43, 0x01, 0x8e, 0x00, 0x07,
    0x57, 0x41, 0x54, 0x00, 0x00, 0x00, 0x96, 0x43, 0x8f, 0x00, 0x08, 0x4d, 0x41, 0x54, 0x00, 0x00,
    0x00, 0x9b, 0x43, 0x02, 0x8e, 0x00, 0x08, 0x4f, 0x4f, 0x48, 0x00, 0x00, 0x00, 0xa0, 0x43, 0x03,
    0x8e, 0x00, 0x08, 0x4b, 0x49, 0x54, 0x00, 0x00, 0x00, 0xa5, 0x43, 0x01, 0x8e, 0x00, 0x07, 0x49,
    0x4a, 0x49, 0x00, 0x00, 0x00, 0xaa, 0x43, 0x8f, 0x00, 0x08, 0x54, 0x2e, 0x4f, 0x00, 0x00, 0x00,
    0xaf, 0x43, 0x02, 0x8e, 0x00, 0x08, 0x48, 0x41, 0x59, 0x00, 0x00, 0x00, 0xb4, 0x43, 0x03, 0x8e,
    0x00, 0x08, 0x59, 0x41, 0x53, 0x00, 0x00, 0x00, 0xb9, 0x43, 0x01, 0x8e, 0x00, 0x07, 0x57, 0x41,
    0x54, 0x00, 0x00, 0x00, 0xd2, 0x43, 0x8f, 0x00, 0x08, 0x4d, 0x41, 0x54, 0x00, 0x00, 0x00, 0xd7,
    0x43, 0x02, 0x8e, 0x00, 0x08, 0x4f, 0x4f, 0x48, 0x00, 0x00, 0x00, 0xdc, 0x43, 0x03, 0x8e, 0x00,
    0x08, 0x4b, 0x49, 0x54, 0x00, 0x00, 0x00, 0xe1, 0x43, 0x01, 0x8e, 0x00, 0x07, 0x49, 0x4a, 0x49,
    0x00, 0x00, 0x00, 0xe6, 0x43, 0x8f, 0x00, 0x08, 0x54, 0x2e, 0x4f, 0x00, 0x00, 0x00, 0xeb, 0x43,
    0x02, 0x8e, 0x00, 0x08, 0x48, 0x41, 0x59, 0x00, 0x00, 0x00, 0xf0, 0x43, 0x03, 0x8e, 0x00, 0x08,
    0x59, 0x41, 0x53, 0x00, 0x00, 0x00, 0xf5, 0x43, 0x01, 0x8e, 0x00, 0x02, 0x52, 0x42, 0x4e, 0x88,
    0x00, 0x0e, 0xb8, 0x0b, 0x00, 0x00, 0x01, 0x01, 0x02, 0x03, 0xff, 0x00, 0x00, 0x00, 0x47, 0x4e,
    0x5a, 0x88, 0x00, 0x0e, 0xb8, 0x0b, 0x00, 0x00, 0x01, 0x01, 0x02, 0x03, 0xff, 0x00, 0x00, 0x00,
    0x47, 0x4c, 0x41, 0x88, 0x00, 0x0e, 0xb8, 0x0b, 0x00, 0x00, 0x01, 0x01, 0x02, 0x03, 0xff, 0x00,
    0x00, 0x00, 0x49, 0x2e, 0x4f, 0x88, 0x00, 0x0e, 0xb8, 0x0b, 0x00, 0x00, 0x01, 0x01, 0x02, 0x03,
    0xff, 0x00, 0x00, 0x00, 0x52, 0x42, 0x4e, 0x88, 0x00, 0x0e, 0xb8, 0x0b, 0x00, 0x00, 0x01, 0x01,
    0x02, 0x03, 0xff, 0x00, 0x00, 0x00, 0x47, 0x4e, 0x5a, 0x88, 0x00, 0x0e, 0xb8, 0x0b, 0x00, 0x00,
    0x01, 0x01, 0x02, 0x03, 0xff, 0x00, 0x00, 0x00, 0x47, 0x4c, 0x41, 0x88, 0x00, 0x0e, 0xb8, 0x0b,
    0x00, 0x00, 0x01, 0x01, 0x02, 0x03, 0xff, 0x00, 0x00, 0x00, 0x49, 0x2e, 0x4f, 0x88, 0x00, 0x0b,
    0xb8, 0x0b, 0x00, 0x00, 0x01, 0x01, 0x02, 0x03, 0xff, 0x00, 0x00, 0x00, 0xff, 0xff, 0xff, 0xff,
    0xff, 0xff, 0xff, 0xff, 0xff, 0xff, 0xff, 0xff, 0xff, 0xff, 0xff, 0xff, 0xff, 0xff, 0xff, 0xff,
    0xff, 0xff, 0xff, 0xff, 0xff, 0xff, 0xff, 0xff, 0xff, 0xff, 0xff, 0xff, 0xff, 0xff, 0xff, 0xff,
    0xff, 0xff, 0xff, 0xff, 0xff, 0xff, 0xff, 0xff, 0xff, 0xff, 0xff, 0xff, 0xff, 0xff, 0xff, 0xff,
    0xff, 0xff, 0xff, 0xff, 0xff, 0xff, 0xff, 0xff, 0xff, 0xff, 0xff, 0xff, 0xff, 0xff, 0xff, 0xff,
    0xff, 0xff, 0xff, 0xff, 0xff, 0xff, 0xff, 0xff, 0xff, 0xff, 0xff, 0xff, 0xff, 0xff, 0xff, 0xff,
    0xff, 0xff, 0xff, 0xff, 0xff, 0xff, 0xff, 0xff, 0xff, 0xff, 0xff, 0xff, 0xff, 0xff, 0xff, 0xff,
    0xff, 0xff, 0xff, 0xff, 0xff, 0xff, 0xff, 0xff, 0xff, 0xff, 0xff, 0xff, 0xff, 0xff, 0xff, 0xff,
    0xff, 0xff, 0xff, 0xff, 0xff, 0xff, 0xff, 0xff, 0xff, 0xff, 0xff, 0xff, 0xff, 0xff, 0xff, 0xff,
    0xff, 0xff, 0xff, 0xff, 0xff, 0xff, 0xff, 0xff, 0xff, 0xff, 0xff, 0xff, 0xff, 0xff, 0xff, 0xff,
    0xff, 0xff, 0xff, 0xff, 0xff, 0xff, 0xff, 0xff, 0xff, 0xff, 0xff, 0xff, 0xff, 0xff, 0xff, 0xff,
    0xff, 0xff, 0xff, 0xff, 0xff, 0xff, 0xff, 0xff, 0xff, 0xff, 0xff, 0xff, 0xff, 0xff, 0xff, 0xff,
    0xff, 0xff, 0xff, 0xff, 0xff, 0xff, 0xff, 0xff, 0xff, 0xff, 0xff, 0xff, 0xff, 0xff, 0xff, 0xff,
    0xff, 0xff, 0xff, 0xff, 0xff, 0xff, 0xff, 0xff, 0xff, 0xff, 0xff, 0xff, 0xff, 0xff, 0xff, 0xff,
    0xb3, 0xff, 0x13, 0x53, 0x33, 0x32, 0x41, 0x92, 0xbc, 0x00, 0x00, 0x73, 0x16, 0x00, 0x00, 0x65,
    0x00, 0x00, 0x00, 0x0b, 0x02, 0x01, 0x01, 0x84, 0x00, 0x1e, 0x02, 0x00, 0x01, 0x00, 0x03, 0x00,
    0x00, 0x00, 0x40, 0x80, 0xc0, 0x40, 0x80, 0xc0, 0x40, 0x80, 0xc0, 0x80, 0x00, 0x73, 0x16, 0x00,
    0x00, 0x65, 0x00, 0x00, 0x00, 0x0b, 0x02, 0x01, 0x01, 0x84, 0x00, 0x12, 0x02, 0x00, 0x01, 0x00,
    0x03, 0x00, 0x00, 0x00, 0x40, 0x80, 0xc0, 0x40, 0x80, 0xc0, 0x40, 0x80, 0xc0, 0x80, 0x00, 0xaf,
    0xff,
};

static constexpr u8 kOverrev[] = {
    0x05, 0xe4, 0x01, 0x00, 0x00, 0x37, 0x01, 0x85, 0x00, 0x01, 0x90, 0x17, 0xa9, 0x00, 0x0a, 0x84,
    0x4b, 0x03, 0x00, 0x84, 0x4b, 0x03, 0x00, 0x84, 0x4b, 0x03, 0x84, 0x00, 0x00, 0x02, 0x83, 0x00,
    0x09, 0x0f, 0x11, 0x0e, 0x03, 0x06, 0x18, 0x00, 0x84, 0x4b, 0x03, 0x84, 0x00, 0x0e, 0x01, 0x00,
    0x01, 0x00, 0x00, 0x00, 0x29, 0x13, 0x29, 0x11, 0x29, 0x00, 0x84, 0x4b, 0x03, 0x84, 0x00, 0x0e,
    0x03, 0x00, 0x01, 0x00, 0x00, 0x0c, 0x04, 0x06, 0x00, 0x03, 0x04, 0x00, 0x84, 0x4b, 0x03, 0x84,
    0x00, 0x0e, 0x02, 0x00, 0x01, 0x00, 0x00, 0x0c, 0x29, 0x07, 0x04, 0x00, 0x03, 0x00, 0x84, 0x4b,
    0x03, 0x89, 0x00, 0x09, 0x12, 0x0f, 0x0b, 0x13, 0x11, 0x24, 0x00, 0x84, 0x4b, 0x03, 0x84, 0x00,
    0x0e, 0x01, 0x00, 0x01, 0x00, 0x00, 0x0e, 0x2c, 0x13, 0x18, 0x0f, 0x04, 0x00, 0x84, 0x4b, 0x03,
    0x89, 0x00, 0x09, 0x02, 0x0e, 0x02, 0x0e, 0x01, 0x13, 0x00, 0x84, 0x4b, 0x03, 0x84, 0x00, 0x0e,
    0x01, 0x00, 0x01, 0x00, 0x00, 0x12, 0x0b, 0x00, 0x25, 0x04, 0x11, 0x00, 0x84, 0x4b, 0x03, 0x84,
    0x00, 0x0e, 0x01, 0x00, 0x01, 0x00, 0x00, 0x09, 0x00, 0x12, 0x0e, 0x0d, 0x29, 0x00, 0x84, 0x4b,
    0x03, 0x84, 0x00, 0x00, 0x01, 0x83, 0x00, 0x05, 0x0c, 0x00, 0x11, 0x13, 0x18, 0x29, 0xff, 0x00,
    0xff, 0x00, 0xff, 0x00, 0xff, 0x00, 0xe4, 0x00, 0x02, 0x84, 0x4b, 0x03, 0xa0, 0x00, 0x0a, 0x84,
    0x4b, 0x03, 0x00, 0x84, 0x4b, 0x03, 0x00, 0x84, 0x4b, 0x03, 0x84, 0x00, 0x00, 0x02, 0x83, 0x00,
    0x09, 0x02, 0x00, 0x02, 0x0e, 0x0f, 0x07, 0x00, 0x84, 0x4b, 0x03, 0x84, 0x00, 0x0e, 0x03, 0x00,
    0x01, 0x00, 0x00, 0x05, 0x29, 0x12, 0x29, 0x01, 0x29, 0x00, 0x84, 0x4b, 0x03, 0x84, 0x00, 0x00,
    0x03, 0x83, 0x00, 0x09, 0x0c, 0x13, 0x0b, 0x08, 0x02, 0x00, 0x00, 0x84, 0x4b, 0x03, 0x84, 0x00,
    0x0e, 0x03, 0x00, 0x01, 0x00, 0x00, 0x13, 0x00, 0x0a, 0x00, 0x24, 0x24, 0x00, 0x84, 0x4b, 0x03,
    0x84, 0x00, 0x00, 0x02, 0x83, 0x00, 0x09, 0x13, 0x0e, 0x0c, 0x08, 0x1d, 0x29, 0x00, 0x84, 0x4b,
    0x03, 0x86, 0x00, 0x0c, 0x01, 0x00, 0x00, 0x13, 0x04, 0x11, 0x14, 0x29, 0x12, 0x00, 0x84, 0x4b,
    0x03, 0x84, 0x00, 0x00, 0x02, 0x83, 0x00, 0x01, 0x07, 0x0e, 0x83, 0x29, 0x03, 0x00, 0x84, 0x4b,
    0x03, 0x84, 0x00, 0x0e, 0x03, 0x00, 0x01, 0x00, 0x00, 0x0a, 0x00, 0x12, 0x00, 0x2c, 0x06, 0x00,
    0x84, 0x4b, 0x03, 0x84, 0x00, 0x0e, 0x02, 0x00, 0x01, 0x00, 0x00, 0x2c, 0x08, 0x12, 0x07, 0x08,
    0x2c, 0x00, 0x84, 0x4b, 0x03, 0x84, 0x00, 0x00, 0x01, 0x83, 0x00, 0x05, 0x0e, 0x07, 0x24, 0x0d,
    0x0e, 0x24, 0xff, 0x00, 0xff, 0x00, 0xff, 0x00, 0xff, 0x00, 0xe4, 0x00, 0x02, 0x84, 0x4b, 0x03,
    0xa0, 0x00, 0x0a, 0x84, 0x4b, 0x03, 0x00, 0x84, 0x4b, 0x03, 0x00, 0x84, 0x4b, 0x03, 0x89, 0x00,
    0x09, 0x11, 0x18, 0x0e, 0x13, 0x00, 0x29, 0x00, 0x84, 0x4b, 0x03, 0x84, 0x00, 0x0e, 0x01, 0x00,
    0x01, 0x00, 0x00, 0x08, 0x12, 0x08, 0x12, 0x29, 0x29, 0x00, 0x84, 0x4b, 0x03, 0x84, 0x00, 0x00,
    0x03, 0x83, 0x00, 0x09, 0x0e, 0x06, 0x14, 0x11, 0x08, 0x0d, 0x00, 0x84, 0x4b, 0x03, 0x84, 0x00,
    0x0e, 0x01, 0x00, 0x01, 0x00, 0x00, 0x07, 0x0e, 0x12, 0x0e, 0x29, 0x25, 0x00, 0x84, 0x4b, 0x03,
    0x84, 0x00, 0x00, 0x02, 0x83, 0x00, 0x09, 0x13, 0x12, 0x14, 0x13, 0x13, 0x08, 0x00, 0x84, 0x4b,
    0x03, 0x84, 0x00, 0x00, 0x01, 0x83, 0x00, 0x09, 0x09, 0x14, 0x0f, 0x14, 0x0a, 0x14, 0x00, 0x84,
    0x4b, 0x03, 0x86, 0x00, 0x0c, 0x01, 0x00, 0x00, 0x14, 0x02, 0x02, 0x07, 0x08, 0x04, 0x00, 0x84,
    0x4b, 0x03, 0x84, 0x00, 0x00, 0x02, 0x83, 0x00, 0x09, 0x13, 0x00, 0x06, 0x00, 0x13, 0x00, 0x00,
    0x84, 0x4b, 0x03, 0x84, 0x00, 0x0e, 0x02, 0x00, 0x01, 0x00, 0x00, 0x00, 0x29, 0x12, 0x29, 0x00,
    0x29, 0x00, 0x84, 0x4b, 0x03, 0x84, 0x00, 0x0a, 0x01, 0x00, 0x01, 0x00, 0x00, 0x0e, 0x29, 0x0d,
    0x29, 0x0e, 0x29, 0xff, 0x00, 0xff, 0x00, 0xff, 0x00, 0xff, 0x00, 0xe4, 0x00, 0x02, 0x84, 0x4b,
    0x03, 0xa0, 0x00, 0x0a, 0x84, 0x4b, 0x03, 0x00, 0x84, 0x4b, 0x03, 0x00, 0x84, 0x4b, 0x03, 0x84,
    0x00, 0x0e, 0x03, 0x00, 0x01, 0x00, 0x00, 0x05, 0x14, 0x0a, 0x14, 0x03, 0x00, 0x00, 0x84, 0x4b,
    0x03, 0x84, 0x00, 0x00, 0x03, 0x83, 0x00, 0x09, 0x09, 0x00, 0x0b, 0x04, 0x02, 0x0e, 0x00, 0x84,
    0x4b, 0x03, 0x84, 0x00, 0x0e, 0x02, 0x00, 0x01, 0x00, 0x00, 0x0f, 0x11, 0x0e, 0x03, 0x06, 0x18,
    0x00, 0x84, 0x4b, 0x03, 0x86, 0x00, 0x0c, 0x01, 0x00, 0x00, 0x00, 0x29, 0x13, 0x29, 0x11, 0x29,
    0x00, 0x84, 0x4b, 0x03, 0x84, 0x00, 0x00, 0x01, 0x83, 0x00, 0x09, 0x0c, 0x04, 0x06, 0x00, 0x03,
    0x04, 0x00, 0x84, 0x4b, 0x03, 0x84, 0x00, 0x00, 0x02, 0x83, 0x00, 0x09, 0x0c, 0x29, 0x07, 0x04,
    0x00, 0x03, 0x00, 0x84, 0x4b, 0x03, 0x84, 0x00, 0x00, 0x02, 0x83, 0x00, 0x09, 0x12, 0x0f, 0x0b,
    0x13, 0x11, 0x24, 0x00, 0x84, 0x4b, 0x03, 0x84, 0x00, 0x00, 0x02, 0x83, 0x00, 0x09, 0x0e, 0x2c,
    0x13, 0x18, 0x0f, 0x04, 0x00, 0x84, 0x4b, 0x03, 0x86, 0x00, 0x0c, 0x01, 0x00, 0x00, 0x02, 0x0e,
    0x02, 0x0e, 0x01, 0x13, 0x00, 0x84, 0x4b, 0x03, 0x84, 0x00, 0x00, 0x01, 0x83, 0x00, 0x05, 0x12,
    0x0b, 0x00, 0x25, 0x04, 0x11, 0xff, 0x00, 0xff, 0x00, 0xff, 0x00, 0xff, 0x00, 0xe4, 0x00, 0x02,
    0x84, 0x4b, 0x03, 0xa0, 0x00, 0x0a, 0x84, 0x4b, 0x03, 0x00, 0x84, 0x4b, 0x03, 0x00, 0x84, 0x4b,
    0x03, 0x84, 0x00, 0x00, 0x03, 0x83, 0x00, 0x09, 0x09, 0x00, 0x12, 0x0e, 0x0d, 0x29, 0x00, 0x84,
    0x4b, 0x03, 0x84, 0x00, 0x00, 0x01, 0x83, 0x00, 0x09, 0x0c, 0x00, 0x11, 0x13, 0x18, 0x29, 0x00,
    0x84, 0x4b, 0x03, 0x86, 0x00, 0x0c, 0x01, 0x00, 0x00, 0x02, 0x00, 0x02, 0x0e, 0x0f, 0x07, 0x00,
    0x84, 0x4b, 0x03, 0x84, 0x00, 0x0e, 0x03, 0x00, 0x01, 0x00, 0x00, 0x05, 0x29, 0x12, 0x29, 0x01,
    0x29, 0x00, 0x84, 0x4b, 0x03, 0x86, 0x00, 0x0c, 0x01, 0x00, 0x00, 0x0c, 0x13, 0x0b, 0x08, 0x02,
    0x00, 0x00, 0x84, 0x4b, 0x03, 0x86, 0x00, 0x0c, 0x01, 0x00, 0x00, 0x13, 0x00, 0x0a, 0x00, 0x24,
    0x24, 0x00, 0x84, 0x4b, 0x03, 0x84, 0x00, 0x00, 0x01, 0x83, 0x00, 0x09, 0x13, 0x0e, 0x0c, 0x08,
    0x1d, 0x29, 0x00, 0x84, 0x4b, 0x03, 0x84, 0x00, 0x0e, 0x03, 0x00, 0x01, 0x00, 0x00, 0x13, 0x04,
    0x11, 0x14, 0x29, 0x12, 0x00, 0x84, 0x4b, 0x03, 0x84, 0x00, 0x06, 0x02, 0x00, 0x01, 0x00, 0x00,
    0x07, 0x0e, 0x83, 0x29, 0x03, 0x00, 0x84, 0x4b, 0x03, 0x86, 0x00, 0x08, 0x01, 0x00, 0x00, 0x0a,
    0x00, 0x12, 0x00, 0x2c, 0x06, 0xff, 0x00, 0xff, 0x00, 0xff, 0x00, 0xff, 0x00, 0xe4, 0x00, 0x02,
    0x84, 0x4b, 0x03, 0xa0, 0x00, 0x0a, 0x84, 0x4b, 0x03, 0x00, 0x84, 0x4b, 0x03, 0x00, 0x84, 0x4b,
    0x03, 0x84, 0x00, 0x0e, 0x02, 0x00, 0x01, 0x00, 0x00, 0x2c, 0x08, 0x12, 0x07, 0x08, 0x2c, 0x00,
    0x84, 0x4b, 0x03, 0x84, 0x00, 0x0e, 0x02, 0x00, 0x01, 0x00, 0x00, 0x0e, 0x07, 0x24, 0x0d, 0x0e,
    0x24, 0x00, 0x84, 0x4b, 0x03, 0x84, 0x00, 0x0e, 0x02, 0x00, 0x01, 0x00, 0x00, 0x11, 0x18, 0x0e,
    0x13, 0x00, 0x29, 0x00, 0x84, 0x4b, 0x03, 0x84, 0x00, 0x0e, 0x02, 0x00, 0x01, 0x00, 0x00, 0x08,
    0x12, 0x08, 0x12, 0x29, 0x29, 0x00, 0x84, 0x4b, 0x03, 0x84, 0x00, 0x00, 0x02, 0x83, 0x00, 0x09,
    0x0e, 0x06, 0x14, 0x11, 0x08, 0x0d, 0x00, 0x84, 0x4b, 0x03, 0x84, 0x00, 0x00, 0x03, 0x83, 0x00,
    0x09, 0x07, 0x0e, 0x12, 0x0e, 0x29, 0x25, 0x00, 0x84, 0x4b, 0x03, 0x84, 0x00, 0x00, 0x01, 0x83,
    0x00, 0x09, 0x13, 0x12, 0x14, 0x13, 0x13, 0x08, 0x00, 0x84, 0x4b, 0x03, 0x84, 0x00, 0x00, 0x01,
    0x83, 0x00, 0x09, 0x09, 0x14, 0x0f, 0x14, 0x0a, 0x14, 0x00, 0x84, 0x4b, 0x03, 0x89, 0x00, 0x09,
    0x14, 0x02, 0x02, 0x07, 0x08, 0x04, 0x00, 0x84, 0x4b, 0x03, 0x86, 0x00, 0x07, 0x01, 0x00, 0x00,
    0x13, 0x00, 0x06, 0x00, 0x13, 0xff, 0x00, 0xff, 0x00, 0xff, 0x00, 0xff, 0x00, 0xe5, 0x00, 0x02,
    0x84, 0x4b, 0x03, 0xa0, 0x00, 0x0a, 0x84, 0x4b, 0x03, 0x00, 0x84, 0x4b, 0x03, 0x00, 0x84, 0x4b,
    0x03, 0x8a, 0x00, 0x08, 0x29, 0x12, 0x29, 0x00, 0x29, 0x00, 0x84, 0x4b, 0x03, 0x84, 0x00, 0x0e,
    0x02, 0x00, 0x01, 0x00, 0x00, 0x0e, 0x29, 0x0d, 0x29, 0x0e, 0x29, 0x00, 0x84, 0x4b, 0x03, 0x84,
    0x00, 0x00, 0x01, 0x83, 0x00, 0x09, 0x05, 0x14, 0x0a, 0x14, 0x03, 0x00, 0x00, 0x84, 0x4b, 0x03,
    0x84, 0x00, 0x0e, 0x03, 0x00, 0x01, 0x00, 0x00, 0x09, 0x00, 0x0b, 0x04, 0x02, 0x0e, 0x00, 0x84,
    0x4b, 0x03, 0x84, 0x00, 0x00, 0x02, 0x83, 0x00, 0x09, 0x0f, 0x11, 0x0e, 0x03, 0x06, 0x18, 0x00,
    0x84, 0x4b, 0x03, 0x84, 0x00, 0x0e, 0x01, 0x00, 0x01, 0x00, 0x00, 0x00, 0x29, 0x13, 0x29, 0x11,
    0x29, 0x00, 0x84, 0x4b, 0x03, 0x84, 0x00, 0x0e, 0x03, 0x00, 0x01, 0x00, 0x00, 0x0c, 0x04, 0x06,
    0x00, 0x03, 0x04, 0x00, 0x84, 0x4b, 0x03, 0x84, 0x00, 0x0e, 0x02, 0x00, 0x01, 0x00, 0x00, 0x0c,
    0x29, 0x07, 0x04, 0x00, 0x03, 0x00, 0x84, 0x4b, 0x03, 0x89, 0x00, 0x09, 0x12, 0x0f, 0x0b, 0x13,
    0x11, 0x24, 0x00, 0x84, 0x4b, 0x03, 0x84, 0x00, 0x0a, 0x01, 0x00, 0x01, 0x00, 0x00, 0x0e, 0x2c,
    0x13, 0x18, 0x0f, 0x04, 0xff, 0x00, 0xff, 0x00, 0xff, 0x00, 0xff, 0x00, 0xe4, 0x00, 0x02, 0x84,
    0x4b, 0x03, 0xa0, 0x00, 0x0a, 0x84, 0x4b, 0x03, 0x00, 0x84, 0x4b, 0x03, 0x00, 0x84, 0x4b, 0x03,
    0x89, 0x00, 0x09, 0x02, 0x0e, 0x02, 0x0e, 0x01, 0x13, 0x00, 0x84, 0x4b, 0x03, 0x84, 0x00, 0x0e,
    0x01, 0x00, 0x01, 0x00, 0x00, 0x12, 0x0b, 0x00, 0x25, 0x04, 0x11, 0x00, 0x84, 0x4b, 0x03, 0x84,
    0x00, 0x0e, 0x01, 0x00, 0x01, 0x00, 0x00, 0x09, 0x00, 0x12, 0x0e, 0x0d, 0x29, 0x00, 0x84, 0x4b,
    0x03, 0x84, 0x00, 0x00, 0x01, 0x83, 0x00, 0x09, 0x0c, 0x00, 0x11, 0x13, 0x18, 0x29, 0x00, 0x84,
    0x4b, 0x03, 0x84, 0x00, 0x00, 0x02, 0x83, 0x00, 0x09, 0x02, 0x00, 0x02, 0x0e, 0x0f, 0x07, 0x00,
    0x84, 0x4b, 0x03, 0x84, 0x00, 0x0e, 0x03, 0x00, 0x01, 0x00, 0x00, 0x05, 0x29, 0x12, 0x29, 0x01,
    0x29, 0x00, 0x84, 0x4b, 0x03, 0x84, 0x00, 0x00, 0x03, 0x83, 0x00, 0x09, 0x0c, 0x13, 0x0b, 0x08,
    0x02, 0x00, 0x00, 0x84, 0x4b, 0x03, 0x84, 0x00, 0x0e, 0x03, 0x00, 0x01, 0x00, 0x00, 0x13, 0x00,
    0x0a, 0x00, 0x24, 0x24, 0x00, 0x84, 0x4b, 0x03, 0x84, 0x00, 0x00, 0x02, 0x83, 0x00, 0x09, 0x13,
    0x0e, 0x0c, 0x08, 0x1d, 0x29, 0x00, 0x84, 0x4b, 0x03, 0x86, 0x00, 0x08, 0x01, 0x00, 0x00, 0x13,
    0x04, 0x11, 0x14, 0x29, 0x12, 0xff, 0x00, 0xff, 0x00, 0xff, 0x00, 0xff, 0x00, 0xe4, 0x00, 0x02,
    0x84, 0x4b, 0x03, 0xff, 0x00, 0xff, 0x00, 0xff, 0x00, 0xff, 0x00, 0xff, 0x00, 0xff, 0x00, 0xff,
    0x00, 0xff, 0x00, 0xff, 0x00, 0xff, 0x00, 0xff, 0x00, 0xff, 0x00, 0xff, 0x00, 0xff, 0x00, 0xff,
    0x00, 0xff, 0x00, 0xff, 0x00, 0xff, 0x00, 0xff, 0x00, 0xff, 0x00, 0xff, 0x00, 0xff, 0x00, 0xff,
    0x00, 0xff, 0x00, 0xff, 0x00, 0xff, 0x00, 0xff, 0x00, 0xff, 0x00, 0xff, 0x00, 0xff, 0x00, 0xff,
    0x00, 0xff, 0x00, 0xff, 0x00, 0xff, 0x00, 0xff, 0x00, 0xff, 0x00, 0xff, 0x00, 0xff, 0x00, 0xff,
    0x00, 0xff, 0x00, 0xff, 0x00, 0xff, 0x00, 0xff, 0x00, 0xff, 0x00, 0xff, 0x00, 0xff, 0x00, 0xff,
    0x00, 0xff, 0x00, 0xff, 0x00, 0xff, 0x00, 0xff, 0x00, 0xff, 0x00, 0xff, 0x00, 0xff, 0x00, 0xc0,
    0x00, 0xff, 0xff, 0xff, 0xff, 0xff, 0xff, 0xff, 0xff, 0xff, 0xff, 0xff, 0xff, 0xff, 0xff, 0xff,
    0xff, 0xff, 0xff, 0xff, 0xff, 0xff, 0xff, 0xff, 0xff, 0xff, 0xff, 0xff, 0xff, 0xff, 0xff, 0xff,
    0xff, 0xff, 0xff, 0xff, 0xff, 0xff, 0xff, 0xe7, 0xff, 0x0c, 0x53, 0x33, 0x32, 0x41, 0x06, 0x49,
    0x00, 0x00, 0x74, 0xf2, 0x00, 0x00, 0x02, 0x84, 0x00, 0x05, 0x01, 0x01, 0x01, 0x00, 0x02, 0x01,
    0x85, 0x00, 0x22, 0x80, 0xff, 0x00, 0x80, 0xff, 0x00, 0x80, 0xff, 0x00, 0x00, 0x02, 0x02, 0x01,
    0x02, 0x01, 0x03, 0x03, 0x02, 0x06, 0x02, 0x02, 0x01, 0x03, 0x00, 0x00, 0x02, 0x02, 0x01, 0x01,
    0x00, 0x74, 0xf2, 0x00, 0x00, 0x02, 0x84, 0x00, 0x05, 0x01, 0x01, 0x01, 0x00, 0x02, 0x01, 0x85,
    0x00, 0x1d, 0x80, 0xff, 0x00, 0x80, 0xff, 0x00, 0x80, 0xff, 0x00, 0x00, 0x02, 0x02, 0x01, 0x02,
    0x01, 0x03, 0x03, 0x02, 0x06, 0x02, 0x02, 0x01, 0x03, 0x00, 0x00, 0x02, 0x02, 0x01, 0x01, 0x00,
    0x8f, 0xff,
};

static constexpr u8 kPltkids[] = {
    0x83, 0x00, 0x05, 0x7c, 0x04, 0x00, 0x00, 0xec, 0x9c, 0xb9, 0x00, 0x01, 0xec, 0x9c, 0xb9, 0x00,
    0xff, 0xff, 0xff, 0xff, 0xff, 0xff, 0xff, 0xff, 0xff, 0xff, 0xff, 0xff, 0xff, 0xff, 0xff, 0xff,
    0xff, 0xff, 0xff, 0xff, 0xff, 0xff, 0xff, 0xff, 0xff, 0xff, 0xff, 0xff, 0xff, 0xff, 0xff, 0xff,
    0xff, 0xff, 0xff, 0xff, 0xff, 0xff, 0xff, 0xff, 0xff, 0xff, 0xff, 0xff, 0xff, 0xff, 0xff, 0xff,
    0xff, 0xff, 0xff, 0xff, 0xff, 0xff, 0xff, 0xff, 0xff, 0xff, 0xff, 0xff, 0xff, 0xff, 0xff, 0xff,
    0xff, 0xff, 0xff, 0xff, 0xff, 0xff, 0xff, 0xff, 0xff, 0xff, 0xff, 0xff, 0xff, 0xff, 0xff, 0xff,
    0xff, 0xff, 0xff, 0xff, 0xff, 0xff, 0xff, 0xff, 0xff, 0xff, 0xff, 0xff, 0xff, 0xff, 0xff, 0xff,
    0xff, 0xff, 0xff, 0xff, 0xff, 0xff, 0xff, 0xff, 0xff, 0xff, 0xff, 0xff, 0xff, 0xff, 0xff, 0xff,
    0xff, 0xff, 0xff, 0xff, 0xff, 0xff, 0xff, 0xff, 0xff, 0xff, 0xff, 0xff, 0xff, 0xff, 0xff, 0xff,
    0xff, 0xff, 0xff, 0xff, 0xff, 0xff, 0xff, 0xff, 0xff, 0xff, 0xff, 0xff, 0xff, 0xff, 0xff, 0xff,
    0xff, 0xff, 0xff, 0xff, 0xff, 0xff, 0xff, 0xff, 0xff, 0xff, 0xff, 0xff, 0xff, 0xff, 0xff, 0xff,
    0xff, 0xff, 0xff, 0xff, 0xff, 0xff, 0xff, 0xff, 0xff, 0xff, 0xff, 0xff, 0xff, 0xff, 0xff, 0xff,
    0xff, 0xff, 0xff, 0xff, 0xff, 0xff, 0xff, 0xff, 0xff, 0xff, 0xff, 0xff, 0xff, 0xff, 0xff, 0xff,
    0xff, 0xff, 0xff, 0xff, 0xff, 0xff, 0xff, 0xff, 0xff, 0xff, 0xff, 0xff, 0xff, 0xff, 0xff, 0xff,
    0xff, 0xff, 0xff, 0xff, 0xff, 0xff, 0xff, 0xff, 0xff, 0xff, 0xff, 0xff, 0xff, 0xff, 0xff, 0xff,
    0xff, 0xff, 0xff, 0xff, 0xff, 0xff, 0xff, 0xff, 0xff, 0xff, 0xff, 0xff, 0xff, 0xff, 0xff, 0xff,
    0xff, 0xff, 0xff, 0xff, 0xff, 0xff, 0xff, 0xff, 0xff, 0xff, 0xff, 0xff, 0xff, 0xff, 0x11, 0x53,
    0x33, 0x32, 0x41, 0xca, 0x02, 0x00, 0x00, 0xdb, 0x6f, 0x00, 0x00, 0x65, 0x00, 0x00, 0x00, 0x02,
    0x01, 0x88, 0x00, 0x12, 0x01, 0x02, 0x03, 0x04, 0x00, 0x00, 0xca, 0x9a, 0x3b, 0xdb, 0x6f, 0x00,
    0x00, 0x65, 0x00, 0x00, 0x00, 0x02, 0x01, 0x88, 0x00, 0x08, 0x01, 0x02, 0x03, 0x04, 0x00, 0x00,
    0xca, 0x9a, 0x3b, 0xbf, 0xff,
};

static constexpr u8 kRchase2[] = {
    0x03, 0x6e, 0xae, 0x94, 0x0b, 0x85, 0x00, 0x01, 0xff, 0xff, 0x87, 0x00, 0x02, 0x01, 0x00, 0x01,
    0x8c, 0x00, 0x02, 0x02, 0x00, 0x02, 0x8c, 0x00, 0x00, 0x10, 0xff, 0x00, 0xff, 0x00, 0xbe, 0x00,
    0x04, 0x88, 0x58, 0x03, 0x00, 0x10, 0x84, 0x00, 0x01, 0xff, 0xff, 0x83, 0x00, 0x00, 0x10, 0x86,
    0x00, 0x03, 0xa0, 0xe0, 0xff, 0xff, 0xfb, 0x00, 0x00, 0x01, 0x8a, 0x00, 0x03, 0x12, 0x47, 0xff,
    0xff, 0x8f, 0x00, 0x03, 0x9f, 0x8c, 0x00, 0x00, 0xff, 0xff, 0xff, 0xff, 0xff, 0xff, 0x8f, 0x00,
    0x03, 0x9f, 0x8c, 0x00, 0x00, 0xff, 0xff, 0xff, 0xff, 0xff, 0xff, 0x8f, 0x00, 0x03, 0x9f, 0x8c,
    0x00, 0x00, 0xff, 0xff, 0xff, 0xff, 0xff, 0xff, 0x8f, 0x00, 0x03, 0x9f, 0x8c, 0x00, 0x00, 0xff,
    0xff, 0xff, 0xff, 0xff, 0xff, 0x8f, 0x00, 0x03, 0x9f, 0x8c, 0x00, 0x00, 0xff, 0xff, 0xff, 0xff,
    0xff, 0xff, 0x8f, 0x00, 0x03, 0x9f, 0x8c, 0x00, 0x00, 0xff, 0xff, 0xff, 0xff, 0xff, 0xff, 0x03,
    0x6e, 0xae, 0x94, 0x0b, 0x85, 0x00, 0x01, 0xff, 0xff, 0x87, 0x00, 0x02, 0x01, 0x00, 0x01, 0x8c,
    0x00, 0x02, 0x02, 0x00, 0x02, 0x8c, 0x00, 0x00, 0x10, 0xff, 0x00, 0xff, 0x00, 0xbe, 0x00, 0x04,
    0x88, 0x58, 0x03, 0x00, 0x10, 0x84, 0x00, 0x01, 0xff, 0xff, 0x83, 0x00, 0x00, 0x10, 0x86, 0x00,
    0x03, 0xa0, 0xe0, 0xff, 0xff, 0xfb, 0x00, 0x00, 0x01, 0x8a, 0x00, 0x03, 0x12, 0x47, 0xff, 0xff,
    0x8f, 0x00, 0x03, 0x9f, 0x8c, 0x00, 0x00, 0xff, 0xff, 0xff, 0xff, 0xff, 0xff, 0x8f, 0x00, 0x03,
    0x9f, 0x8c, 0x00, 0x00, 0xff, 0xff, 0xff, 0xff, 0xff, 0xff, 0x8f, 0x00, 0x03, 0x9f, 0x8c, 0x00,
    0x00, 0xff, 0xff, 0xff, 0xff, 0xff, 0xff, 0x8f, 0x00, 0x03, 0x9f, 0x8c, 0x00, 0x00, 0xff, 0xff,
    0xff, 0xff, 0xff, 0xff, 0x8f, 0x00, 0x03, 0x9f, 0x8c, 0x00, 0x00, 0xff, 0xff, 0xff, 0xff, 0xff,
    0xff, 0x8f, 0x00, 0x03, 0x9f, 0x8c, 0x00, 0x00, 0xff, 0xff, 0xff, 0xff, 0xff, 0xff, 0xff, 0xff,
    0xff, 0xff, 0xff, 0xff, 0xff, 0xff, 0xff, 0xff, 0xff, 0xff, 0xff, 0xff, 0xff, 0xff, 0xff, 0xff,
    0xff, 0xff, 0xff, 0xff, 0xff, 0xff, 0xff, 0xff, 0xff, 0xff, 0xff, 0xff, 0xff, 0xff, 0xff, 0xff,
    0xff, 0xff, 0xff, 0xff, 0xff, 0xff, 0xff, 0xff, 0xff, 0xff, 0xff, 0xff, 0xff, 0xff, 0xff, 0xff,
    0xff, 0xff, 0xff, 0xff, 0xff, 0xff, 0xff, 0xff, 0xff, 0xff, 0xff, 0xff, 0xff, 0xff, 0xff, 0xff,
    0xff, 0xff, 0xff, 0xff, 0xff, 0xff, 0xff, 0xff, 0xff, 0xff, 0xff, 0xff, 0xff, 0xff, 0xff, 0xff,
    0xff, 0xff, 0xff, 0xff, 0xff, 0xff, 0xff, 0xff, 0xff, 0xff, 0xff, 0xff, 0xff, 0xff, 0xff, 0xff,
    0xff, 0xff, 0xff, 0xff, 0xff, 0xff, 0xff, 0xff, 0xff, 0xff, 0xff, 0xff, 0xff, 0xff, 0xff, 0xff,
    0xff, 0xff, 0xff, 0xff, 0xff, 0xff, 0xff, 0xff, 0xff, 0xff, 0xff, 0xff, 0xff, 0xff, 0xff, 0xff,
    0xff, 0xff, 0xff, 0xff, 0xff, 0xff, 0xff, 0xff, 0xff, 0xff, 0xff, 0xff, 0xff, 0xff, 0xff, 0xff,
    0xff, 0xff, 0xff, 0xff, 0xff, 0xff, 0xff, 0xff, 0xff, 0xff, 0xff, 0xff, 0xff, 0xff, 0xff, 0xff,
    0xd7, 0xff, 0x1e, 0xd1, 0xeb, 0x2c, 0x00, 0x01, 0x00, 0x00, 0x00, 0x01, 0x00, 0x04, 0xff, 0x03,
    0x00, 0x01, 0xc0, 0x40, 0x40, 0xc0, 0xc0, 0x40, 0x40, 0xc0, 0xff, 0xf2, 0xff, 0xff, 0xff, 0x02,
    0x00, 0x01, 0x84, 0x00, 0x07, 0x01, 0x00, 0x01, 0x00, 0x02, 0x00, 0x01, 0x00, 0xd3, 0xff,
};

static constexpr u8 kSchamp[] = {
    0xff, 0xff, 0xff, 0xff, 0xff, 0xff, 0xff, 0xff, 0xff, 0xff, 0xff, 0xff, 0xff, 0xff, 0xff, 0xff,
    0xff, 0xff, 0xff, 0xff, 0xff, 0xff, 0xff, 0xff, 0xff, 0xff, 0xff, 0xff, 0xff, 0xff, 0xff, 0xff,
    0xff, 0xff, 0xff, 0xff, 0xff, 0xff, 0xff, 0xff, 0xff, 0xff, 0xff, 0xff, 0xff, 0xff, 0xff, 0xff,
    0xff, 0xff, 0xff, 0xff, 0xff, 0xff, 0xff, 0xff, 0xff, 0xff, 0xff, 0xff, 0xff, 0xff, 0xff, 0xff,
    0xff, 0xff, 0xff, 0xff, 0xff, 0xff, 0xff, 0xff, 0xff, 0xff, 0xff, 0xff, 0xff, 0xff, 0xff, 0xff,
    0xff, 0xff, 0xff, 0xff, 0xff, 0xff, 0xff, 0xff, 0xff, 0xff, 0xff, 0xff, 0xff, 0xff, 0xff, 0xff,
    0xff, 0xff, 0xff, 0xff, 0xff, 0xff, 0xff, 0xff, 0xff, 0xff, 0xff, 0xff, 0xff, 0xff, 0xff, 0xff,
    0xff, 0xff, 0xff, 0xff, 0xff, 0xff, 0xff, 0xff, 0xff, 0xff, 0xff, 0xff, 0xff, 0xff, 0xff, 0xff,
    0xff, 0xff, 0xff, 0xff, 0xff, 0xff, 0xff, 0xff, 0xff, 0xff, 0xff, 0xff, 0xff, 0xff, 0xff, 0xff,
    0xff, 0xff, 0xff, 0xff, 0xff, 0xff, 0xff, 0xff, 0xff, 0xff, 0xff, 0xff, 0xff, 0xff, 0xff, 0xff,
    0xff, 0xff, 0xff, 0xff, 0xff, 0xff, 0xff, 0xff, 0xff, 0xff, 0xff, 0xff, 0xff, 0xff, 0xff, 0xff,
    0xff, 0xff, 0xff, 0xff, 0xff, 0xff, 0xff, 0xff, 0xff, 0xff, 0xff, 0xff, 0xff, 0xff, 0xff, 0xff,
    0x00, 0x00, 0xff, 0xff, 0xfe, 0xff, 0x0a, 0xe0, 0x93, 0x04, 0x00, 0x4b, 0x41, 0x54, 0x00, 0x00,
    0x00, 0x03, 0x84, 0x00, 0x0a, 0x98, 0x9f, 0x04, 0x00, 0x49, 0x54, 0x41, 0x00, 0x00, 0x00, 0x04,
    0x84, 0x00, 0x0a, 0x50, 0xab, 0x04, 0x00, 0x44, 0x2e, 0x4b, 0x00, 0x00, 0x00, 0x05, 0x84, 0x00,
    0x0a, 0x08, 0xb7, 0x04, 0x00, 0x4d, 0x4f, 0x52, 0x00, 0x00, 0x00, 0x06, 0x84, 0x00, 0x0a, 0xc0,
    0xc2, 0x04, 0x00, 0x4f, 0x47, 0x55, 0x00, 0x00, 0x00, 0x07, 0x84, 0x00, 0x06, 0x78, 0xce, 0x04,
    0x00, 0x49, 0x4b, 0x55, 0x88, 0x00, 0x0a, 0x30, 0xda, 0x04, 0x00, 0x53, 0x55, 0x47, 0x00, 0x00,
    0x00, 0x01, 0x84, 0x00, 0x0a, 0xe8, 0xe5, 0x04, 0x00, 0x59, 0x41, 0x53, 0x00, 0x00, 0x00, 0x02,
    0x84, 0x00, 0x0a, 0xa0, 0xf1, 0x04, 0x00, 0x4f, 0x48, 0x2e, 0x00, 0x00, 0x00, 0x03, 0x84, 0x00,
    0x0a, 0x58, 0xfd, 0x04, 0x00, 0x54, 0x41, 0x4b, 0x00, 0x00, 0x00, 0x04, 0x84, 0x00, 0x0a, 0x10,
    0x09, 0x05, 0x00, 0x49, 0x57, 0x41, 0x00, 0x00, 0x00, 0x05, 0x84, 0x00, 0x0a, 0xc8, 0x14, 0x05,
    0x00, 0x57, 0x41, 0x54, 0x00, 0x00, 0x00, 0x06, 0x84, 0x00, 0x0a, 0x80, 0x20, 0x05, 0x00, 0x4d,
    0x41, 0x53, 0x00, 0x00, 0x00, 0x07, 0x84, 0x00, 0x06, 0x38, 0x2c, 0x05, 0x00, 0x20, 0x20, 0x20,
    0x88, 0x00, 0x0a, 0xf0, 0x37, 0x05, 0x00, 0x20, 0x20, 0x20, 0x00, 0x00, 0x00, 0x01, 0xff, 0x00,
    0x94, 0x00, 0x3e, 0x78, 0xce, 0x04, 0x00, 0x49, 0x4b, 0x55, 0x00, 0x30, 0xda, 0x04, 0x00, 0x53,
    0x55, 0x47, 0x00, 0xe8, 0xe5, 0x04, 0x00, 0x59, 0x41, 0x53, 0x00, 0xe0, 0x93, 0x04, 0x00, 0x4b,
    0x41, 0x54, 0x00, 0x98, 0x9f, 0x04, 0x00, 0x49, 0x54, 0x41, 0x00, 0x50, 0xab, 0x04, 0x00, 0x44,
    0x2e, 0x4b, 0x00, 0x08, 0xb7, 0x04, 0x00, 0x4d, 0x4f, 0x52, 0x00, 0xc0, 0xc2, 0x04, 0x00, 0x4f,
    0x47, 0x55, 0xc0, 0x00, 0x19, 0xf5, 0xff, 0xf6, 0x5e, 0x00, 0x00, 0x12, 0x00, 0x49, 0x4e, 0x4f,
    0x53, 0x45, 0x48, 0x54, 0x43, 0x48, 0x47, 0x49, 0x46, 0x20, 0x52, 0x45, 0x54, 0xe4, 0x01, 0x8f,
    0x00, 0x04, 0x01, 0x01, 0x00, 0x01, 0x01, 0x90, 0xff, 0x01, 0x02, 0x02, 0x8e, 0x01, 0x0e, 0x02,
    0x01, 0x10, 0xa0, 0x00, 0xc8, 0x00, 0x05, 0x16, 0x16, 0x16, 0x36, 0x36, 0x36, 0x1f, 0x9f, 0xff,
    0xff, 0x00, 0xff, 0x00, 0xff, 0x00, 0xff, 0x00, 0xff, 0x00, 0xff, 0x00, 0xff, 0x00, 0xff, 0x00,
    0xff, 0x00, 0xff, 0x00, 0xff, 0x00, 0xff, 0x00, 0xff, 0x00, 0xff, 0x00, 0xff, 0x00, 0xff, 0x00,
    0xff, 0x00, 0xff, 0x00, 0xff, 0x00, 0xff, 0x00, 0xff, 0x00, 0xff, 0x00, 0xff, 0x00, 0xff, 0x00,
    0xff, 0x00, 0xff, 0xff,
};

static constexpr u8 kSegawski[] = {
    0x83, 0x00, 0x05, 0x55, 0x85, 0x0a, 0x82, 0x1c, 0xc3, 0x8d, 0x00, 0x87, 0xff, 0x9f, 0x00, 0x01,
    0x1c, 0xc3, 0x8d, 0x00, 0x87, 0xff, 0xa3, 0x00, 0x05, 0x0a, 0x0e, 0x0d, 0x00, 0x10, 0x27, 0x85,
    0x00, 0x7f, 0x12, 0x04, 0x0a, 0x00, 0xb6, 0x26, 0x00, 0x00, 0x01, 0x01, 0x00, 0x00, 0x0d, 0x00,
    0x0d, 0x00, 0x5c, 0x26, 0x00, 0x00, 0x01, 0x02, 0x00, 0x00, 0x07, 0x0e, 0x11, 0x00, 0x02, 0x26,
    0x00, 0x00, 0x01, 0x03, 0x00, 0x00, 0x16, 0x00, 0x03, 0x00, 0xa8, 0x25, 0x00, 0x00, 0x01, 0x00,
    0x00, 0x00, 0x07, 0x08, 0x03, 0x00, 0x4e, 0x25, 0x00, 0x00, 0x01, 0x01, 0x00, 0x00, 0x14, 0x11,
    0x14, 0x00, 0xf4, 0x24, 0x00, 0x00, 0x01, 0x02, 0x00, 0x00, 0x0e, 0x0c, 0x0e, 0x00, 0x9a, 0x24,
    0x00, 0x00, 0x01, 0x03, 0x00, 0x00, 0x0a, 0x00, 0x16, 0x00, 0x40, 0x24, 0x00, 0x00, 0x01, 0x00,
    0x00, 0x00, 0x13, 0x00, 0x0a, 0x00, 0xe6, 0x23, 0x00, 0x00, 0x01, 0x01, 0x00, 0x00, 0x12, 0x0a,
    0x03, 0x00, 0x8c, 0x23, 0x00, 0x00, 0x01, 0x02, 0x00, 0x00, 0x0a, 0x00, 0x13, 0x00, 0x32, 0x23,
    0x00, 0x00, 0x7f, 0x01, 0x03, 0x00, 0x00, 0x0c, 0x00, 0x13, 0x00, 0xd8, 0x22, 0x00, 0x00, 0x01,
    0x00, 0x00, 0x00, 0x0e, 0x07, 0x00, 0x00, 0x7e, 0x22, 0x00, 0x00, 0x01, 0x01, 0x00, 0x00, 0x0c,
    0x08, 0x18, 0x00, 0x24, 0x22, 0x00, 0x00, 0x01, 0x02, 0x00, 0x00, 0x0a, 0x14, 0x11, 0x00, 0xca,
    0x21, 0x00, 0x00, 0x01, 0x03, 0x00, 0x00, 0x13, 0x12, 0x14, 0x00, 0x70, 0x21, 0x00, 0x00, 0x01,
    0x00, 0x00, 0x00, 0x06, 0x0e, 0x13, 0x00, 0x16, 0x21, 0x00, 0x00, 0x01, 0x01, 0x00, 0x00, 0x18,
    0x00, 0x0c, 0x00, 0xbc, 0x20, 0x00, 0x00, 0x01, 0x02, 0x00, 0x00, 0x0d, 0x08, 0x12, 0x00, 0x62,
    0x20, 0x00, 0x00, 0x01, 0x03, 0x00, 0x00, 0x0a, 0x00, 0x16, 0x00, 0x08, 0x20, 0x00, 0x00, 0x01,
    0x00, 0x00, 0x00, 0x13, 0x24, 0x12, 0x00, 0xae, 0x1f, 0x00, 0x00, 0x01, 0x01, 0x00, 0x00, 0x0d,
    0x08, 0x0c, 0x00, 0x1c, 0x54, 0x1f, 0x00, 0x00, 0x01, 0x02, 0x00, 0x00, 0x12, 0x04, 0x06, 0x00,
    0xfa, 0x1e, 0x00, 0x00, 0x02, 0x03, 0x00, 0x00, 0x0a, 0x04, 0x0d, 0x00, 0xa0, 0x1e, 0x00, 0x00,
    0x02, 0x83, 0x00, 0x7f, 0x0c, 0x1b, 0x00, 0x46, 0x1e, 0x00, 0x00, 0x02, 0x01, 0x00, 0x00, 0x0a,
    0x24, 0x0a, 0x00, 0xec, 0x1d, 0x00, 0x00, 0x02, 0x02, 0x00, 0x00, 0x12, 0x24, 0x12, 0x00, 0x92,
    0x1d, 0x00, 0x00, 0x02, 0x03, 0x00, 0x00, 0x0a, 0x24, 0x0c, 0x00, 0x38, 0x1d, 0x00, 0x00, 0x02,
    0x00, 0x00, 0x00, 0x07, 0x24, 0x12, 0x00, 0xde, 0x1c, 0x00, 0x00, 0x02, 0x01, 0x00, 0x00, 0x14,
    0x24, 0x00, 0x00, 0x84, 0x1c, 0x00, 0x00, 0x02, 0x02, 0x00, 0x00, 0x12, 0x24, 0x13, 0x00, 0x2a,
    0x1c, 0x00, 0x00, 0x02, 0x03, 0x00, 0x00, 0x0c, 0x24, 0x07, 0x00, 0xd0, 0x1b, 0x00, 0x00, 0x02,
    0x00, 0x00, 0x00, 0x18, 0x24, 0x0c, 0x00, 0x76, 0x1b, 0x00, 0x00, 0x02, 0x01, 0x00, 0x00, 0x0c,
    0x24, 0x13, 0x00, 0x1c, 0x1b, 0x00, 0x00, 0x02, 0x02, 0x00, 0x00, 0x13, 0x24, 0x07, 0x00, 0xc2,
    0x1a, 0x00, 0x00, 0x02, 0x7f, 0x03, 0x00, 0x00, 0x0a, 0x24, 0x07, 0x00, 0x68, 0x1a, 0x00, 0x00,
    0x02, 0x00, 0x00, 0x00, 0x13, 0x24, 0x00, 0x00, 0x0e, 0x1a, 0x00, 0x00, 0x02, 0x01, 0x00, 0x00,
    0x13, 0x24, 0x18, 0x00, 0xb4, 0x19, 0x00, 0x00, 0x02, 0x02, 0x00, 0x00, 0x18, 0x24, 0x13, 0x00,
    0x5a, 0x19, 0x00, 0x00, 0x02, 0x03, 0x00, 0x00, 0x18, 0x24, 0x12, 0x00, 0x00, 0x19, 0x00, 0x00,
    0x02, 0x00, 0x00, 0x00, 0x12, 0x24, 0x0a, 0x00, 0xa6, 0x18, 0x00, 0x00, 0x02, 0x01, 0x00, 0x00,
    0x0c, 0x24, 0x08, 0x00, 0x4c, 0x18, 0x00, 0x00, 0x02, 0x02, 0x00, 0x00, 0x18, 0x24, 0x07, 0x00,
    0xf2, 0x17, 0x00, 0x00, 0x02, 0x03, 0x00, 0x00, 0x0c, 0x24, 0x12, 0x00, 0x98, 0x17, 0x00, 0x00,
    0x02, 0x00, 0x00, 0x00, 0x0c, 0x24, 0x12, 0x00, 0x3e, 0x17, 0x00, 0x00, 0x03, 0x01, 0x00, 0x00,
    0x00, 0x24, 0x12, 0x00, 0xe4, 0x7f, 0x16, 0x00, 0x00, 0x03, 0x02, 0x00, 0x00, 0x0d, 0x24, 0x12,
    0x00, 0x8a, 0x16, 0x00, 0x00, 0x03, 0x03, 0x00, 0x00, 0x18, 0x24, 0x18, 0x00, 0x30, 0x16, 0x00,
    0x00, 0x03, 0x00, 0x00, 0x00, 0x0a, 0x24, 0x07, 0x00, 0xd6, 0x15, 0x00, 0x00, 0x03, 0x01, 0x00,
    0x00, 0x18, 0x24, 0x12, 0x00, 0x7c, 0x15, 0x00, 0x00, 0x03, 0x02, 0x00, 0x00, 0x18, 0x24, 0x07,
    0x00, 0x22, 0x15, 0x00, 0x00, 0x03, 0x03, 0x00, 0x00, 0x18, 0x24, 0x12, 0x00, 0xc8, 0x14, 0x00,
    0x00, 0x03, 0x00, 0x00, 0x00, 0x0a, 0x24, 0x12, 0x00, 0x6e, 0x14, 0x00, 0x00, 0x03, 0x01, 0x00,
    0x00, 0x00, 0x24, 0x12, 0x00, 0x14, 0x14, 0x00, 0x00, 0x03, 0x02, 0x00, 0x00, 0x18, 0x24, 0x12,
    0x00, 0xba, 0x13, 0x00, 0x00, 0x03, 0x03, 0x00, 0x00, 0x11, 0x08, 0x0d, 0x00, 0x60, 0x13, 0x00,
    0x00, 0x03, 0x00, 0x00, 0x00, 0x13, 0x7f, 0x24, 0x0c, 0x00, 0x06, 0x13, 0x00, 0x00, 0x03, 0x01,
    0x00, 0x00, 0x11, 0x24, 0x14, 0x00, 0xac, 0x12, 0x00, 0x00, 0x03, 0x02, 0x00, 0x00, 0x0a, 0x24,
    0x0a, 0x00, 0x52, 0x12, 0x00, 0x00, 0x03, 0x03, 0x00, 0x00, 0x0a, 0x24, 0x12, 0x00, 0xf8, 0x11,
    0x00, 0x00, 0x03, 0x00, 0x00, 0x00, 0x18, 0x24, 0x13, 0x00, 0x9e, 0x11, 0x00, 0x00, 0x03, 0x01,
    0x00, 0x00, 0x00, 0x24, 0x13, 0x00, 0x44, 0x11, 0x00, 0x00, 0x03, 0x02, 0x00, 0x00, 0x13, 0x24,
    0x0d, 0x00, 0xea, 0x10, 0x00, 0x00, 0x03, 0x03, 0x00, 0x00, 0x18, 0x24, 0x05, 0x00, 0x90, 0x10,
    0x00, 0x00, 0x03, 0x00, 0x00, 0x00, 0x0d, 0x24, 0x05, 0x00, 0x36, 0x10, 0x00, 0x00, 0x03, 0x01,
    0x00, 0x00, 0x0c, 0x24, 0x0c, 0x00, 0xdc, 0x0f, 0x00, 0x00, 0x03, 0x02, 0x00, 0x00, 0x12, 0x24,
    0x0c, 0x00, 0x82, 0x0f, 0x00, 0x00, 0x04, 0x7f, 0x03, 0x00, 0x00, 0x0c, 0x24, 0x18, 0x00, 0x28,
    0x0f, 0x00, 0x00, 0x04, 0x00, 0x00, 0x00, 0x0c, 0x08, 0x18, 0x00, 0xce, 0x0e, 0x00, 0x00, 0x04,
    0x01, 0x00, 0x00, 0x0c, 0x14, 0x11, 0x00, 0x74, 0x0e, 0x00, 0x00, 0x04, 0x02, 0x00, 0x00, 0x0e,
    0x19, 0x00, 0x00, 0x1a, 0x0e, 0x00, 0x00, 0x04, 0x03, 0x00, 0x00, 0x13, 0x24, 0x12, 0x00, 0xc0,
    0x0d, 0x00, 0x00, 0x04, 0x00, 0x00, 0x00, 0x0c, 0x24, 0x07, 0x00, 0x66, 0x0d, 0x00, 0x00, 0x04,
    0x01, 0x00, 0x00, 0x18, 0x24, 0x0c, 0x00, 0x0c, 0x0d, 0x00, 0x00, 0x04, 0x02, 0x00, 0x00, 0x00,
    0x24, 0x0d, 0x00, 0xb2, 0x0c, 0x00, 0x00, 0x04, 0x03, 0x00, 0x00, 0x13, 0x24, 0x05, 0x00, 0x58,
    0x0c, 0x00, 0x00, 0x04, 0x00, 0x00, 0x00, 0x0c, 0x24, 0x0a, 0x00, 0xfe, 0x0b, 0x00, 0x00, 0x04,
    0x01, 0x00, 0x00, 0x0c, 0x24, 0x13, 0x00, 0xa4, 0x7f, 0x0b, 0x00, 0x00, 0x04, 0x02, 0x00, 0x00,
    0x0c, 0x24, 0x0a, 0x00, 0x4a, 0x0b, 0x00, 0x00, 0x04, 0x03, 0x00, 0x00, 0x02, 0x24, 0x18, 0x00,
    0xf0, 0x0a, 0x00, 0x00, 0x04, 0x00, 0x00, 0x00, 0x18, 0x24, 0x00, 0x00, 0x96, 0x0a, 0x00, 0x00,
    0x04, 0x01, 0x00, 0x00, 0x0c, 0x24, 0x0d, 0x00, 0x3c, 0x0a, 0x00, 0x00, 0x04, 0x02, 0x00, 0x00,
    0x0e, 0x24, 0x0c, 0x00, 0xe2, 0x09, 0x00, 0x00, 0x04, 0x03, 0x00, 0x00, 0x13, 0x24, 0x0a, 0x00,
    0x88, 0x09, 0x00, 0x00, 0x04, 0x00, 0x00, 0x00, 0x0a, 0x24, 0x0c, 0x00, 0x2e, 0x09, 0x00, 0x00,
    0x04, 0x01, 0x00, 0x00, 0x18, 0x24, 0x08, 0x00, 0xd4, 0x08, 0x00, 0x00, 0x04, 0x02, 0x00, 0x00,
    0x12, 0x24, 0x0a, 0x00, 0x7a, 0x08, 0x00, 0x00, 0x04, 0x03, 0x00, 0x00, 0x0c, 0x24, 0x0a, 0x00,
    0x20, 0x08, 0x00, 0x00, 0x04, 0x00, 0x00, 0x00, 0x09, 0x7f, 0x24, 0x08, 0x00, 0xc6, 0x07, 0x00,
    0x00, 0x05, 0x01, 0x00, 0x00, 0x12, 0x24, 0x13, 0x00, 0x6c, 0x07, 0x00, 0x00, 0x05, 0x02, 0x00,
    0x00, 0x0d, 0x24, 0x07, 0x00, 0x12, 0x07, 0x00, 0x00, 0x05, 0x03, 0x00, 0x00, 0x0c, 0x24, 0x0a,
    0x00, 0xb8, 0x06, 0x00, 0x00, 0x05, 0x00, 0x00, 0x00, 0x07, 0x24, 0x0a, 0x00, 0x5e, 0x06, 0x00,
    0x00, 0x05, 0x01, 0x00, 0x00, 0x0c, 0x24, 0x13, 0x00, 0x04, 0x06, 0x00, 0x00, 0x05, 0x02, 0x00,
    0x00, 0x18, 0x24, 0x0c, 0x00, 0xaa, 0x05, 0x00, 0x00, 0x05, 0x03, 0x00, 0x00, 0x00, 0x24, 0x07,
    0x00, 0x50, 0x05, 0x00, 0x00, 0x05, 0x00, 0x00, 0x00, 0x18, 0x24, 0x0d, 0x00, 0xf6, 0x04, 0x00,
    0x00, 0x05, 0x01, 0x00, 0x00, 0x00, 0x24, 0x0e, 0x00, 0x9c, 0x04, 0x00, 0x00, 0x05, 0x02, 0x00,
    0x00, 0x0c, 0x24, 0x0e, 0x00, 0x42, 0x04, 0x00, 0x00, 0x05, 0x7f, 0x03, 0x00, 0x00, 0x0a, 0x0e,
    0x0d, 0x00, 0x10, 0x27, 0x00, 0x00, 0x03, 0x00, 0x00, 0x00, 0x12, 0x04, 0x0a, 0x00, 0xb6, 0x26,
    0x00, 0x00, 0x03, 0x01, 0x00, 0x00, 0x0d, 0x00, 0x0d, 0x00, 0x5c, 0x26, 0x00, 0x00, 0x03, 0x02,
    0x00, 0x00, 0x07, 0x0e, 0x11, 0x00, 0x02, 0x26, 0x00, 0x00, 0x03, 0x03, 0x00, 0x00, 0x16, 0x00,
    0x03, 0x00, 0xa8, 0x25, 0x00, 0x00, 0x03, 0x00, 0x00, 0x00, 0x07, 0x08, 0x03, 0x00, 0x4e, 0x25,
    0x00, 0x00, 0x03, 0x01, 0x00, 0x00, 0x14, 0x11, 0x14, 0x00, 0xf4, 0x24, 0x00, 0x00, 0x03, 0x02,
    0x00, 0x00, 0x0e, 0x0c, 0x0e, 0x00, 0x9a, 0x24, 0x00, 0x00, 0x03, 0x03, 0x00, 0x00, 0x0a, 0x00,
    0x16, 0x00, 0x40, 0x24, 0x00, 0x00, 0x03, 0x00, 0x00, 0x00, 0x13, 0x00, 0x0a, 0x00, 0xe6, 0x23,
    0x00, 0x00, 0x03, 0x01, 0x00, 0x00, 0x12, 0x0a, 0x03, 0x00, 0x8c, 0x7f, 0x23, 0x00, 0x00, 0x03,
    0x02, 0x00, 0x00, 0x0a, 0x00, 0x13, 0x00, 0x32, 0x23, 0x00, 0x00, 0x03, 0x03, 0x00, 0x00, 0x0c,
    0x00, 0x13, 0x00, 0xd8, 0x22, 0x00, 0x00, 0x03, 0x00, 0x00, 0x00, 0x0e, 0x07, 0x00, 0x00, 0x7e,
    0x22, 0x00, 0x00, 0x03, 0x01, 0x00, 0x00, 0x0c, 0x08, 0x18, 0x00, 0x24, 0x22, 0x00, 0x00, 0x03,
    0x02, 0x00, 0x00, 0x0a, 0x14, 0x11, 0x00, 0xca, 0x21, 0x00, 0x00, 0x03, 0x03, 0x00, 0x00, 0x13,
    0x12, 0x14, 0x00, 0x70, 0x21, 0x00, 0x00, 0x03, 0x00, 0x00, 0x00, 0x06, 0x0e, 0x13, 0x00, 0x16,
    0x21, 0x00, 0x00, 0x03, 0x01, 0x00, 0x00, 0x18, 0x00, 0x0c, 0x00, 0xbc, 0x20, 0x00, 0x00, 0x03,
    0x02, 0x00, 0x00, 0x0d, 0x08, 0x12, 0x00, 0x62, 0x20, 0x00, 0x00, 0x03, 0x03, 0x00, 0x00, 0x0a,
    0x00, 0x16, 0x00, 0x08, 0x20, 0x00, 0x00, 0x03, 0x00, 0x00, 0x00, 0x13, 0x2b, 0x24, 0x12, 0x00,
    0xae, 0x1f, 0x00, 0x00, 0x03, 0x01, 0x00, 0x00, 0x0d, 0x08, 0x0c, 0x00, 0x54, 0x1f, 0x00, 0x00,
    0x03, 0x02, 0x00, 0x00, 0x12, 0x04, 0x06, 0x00, 0xfa, 0x1e, 0x00, 0x00, 0x04, 0x03, 0x00, 0x00,
    0x0a, 0x04, 0x0d, 0x00, 0xa0, 0x1e, 0x00, 0x00, 0x04, 0x83, 0x00, 0x7f, 0x0c, 0x1b, 0x00, 0x46,
    0x1e, 0x00, 0x00, 0x04, 0x01, 0x00, 0x00, 0x0a, 0x24, 0x0a, 0x00, 0xec, 0x1d, 0x00, 0x00, 0x04,
    0x02, 0x00, 0x00, 0x12, 0x24, 0x12, 0x00, 0x92, 0x1d, 0x00, 0x00, 0x04, 0x03, 0x00, 0x00, 0x0a,
    0x24, 0x0c, 0x00, 0x38, 0x1d, 0x00, 0x00, 0x04, 0x00, 0x00, 0x00, 0x07, 0x24, 0x12, 0x00, 0xde,
    0x1c, 0x00, 0x00, 0x04, 0x01, 0x00, 0x00, 0x14, 0x24, 0x00, 0x00, 0x84, 0x1c, 0x00, 0x00, 0x04,
    0x02, 0x00, 0x00, 0x12, 0x24, 0x13, 0x00, 0x2a, 0x1c, 0x00, 0x00, 0x04, 0x03, 0x00, 0x00, 0x0c,
    0x24, 0x07, 0x00, 0xd0, 0x1b, 0x00, 0x00, 0x04, 0x00, 0x00, 0x00, 0x18, 0x24, 0x0c, 0x00, 0x76,
    0x1b, 0x00, 0x00, 0x04, 0x01, 0x00, 0x00, 0x0c, 0x24, 0x13, 0x00, 0x1c, 0x1b, 0x00, 0x00, 0x04,
    0x02, 0x00, 0x00, 0x13, 0x24, 0x07, 0x00, 0xc2, 0x1a, 0x00, 0x00, 0x04, 0x7f, 0x03, 0x00, 0x00,
    0x0a, 0x24, 0x07, 0x00, 0x68, 0x1a, 0x00, 0x00, 0x04, 0x00, 0x00, 0x00, 0x13, 0x24, 0x00, 0x00,
    0x0e, 0x1a, 0x00, 0x00, 0x04, 0x01, 0x00, 0x00, 0x13, 0x24, 0x18, 0x00, 0xb4, 0x19, 0x00, 0x00,
    0x04, 0x02, 0x00, 0x00, 0x18, 0x24, 0x13, 0x00, 0x5a, 0x19, 0x00, 0x00, 0x04, 0x03, 0x00, 0x00,
    0x18, 0x24, 0x12, 0x00, 0x00, 0x19, 0x00, 0x00, 0x04, 0x00, 0x00, 0x00, 0x12, 0x24, 0x0a, 0x00,
    0xa6, 0x18, 0x00, 0x00, 0x04, 0x01, 0x00, 0x00, 0x0c, 0x24, 0x08, 0x00, 0x4c, 0x18, 0x00, 0x00,
    0x04, 0x02, 0x00, 0x00, 0x18, 0x24, 0x07, 0x00, 0xf2, 0x17, 0x00, 0x00, 0x04, 0x03, 0x00, 0x00,
    0x0c, 0x24, 0x12, 0x00, 0x98, 0x17, 0x00, 0x00, 0x04, 0x00, 0x00, 0x00, 0x0c, 0x24, 0x12, 0x00,
    0x3e, 0x17, 0x00, 0x00, 0x04, 0x01, 0x00, 0x00, 0x00, 0x24, 0x12, 0x00, 0xe4, 0x7f, 0x16, 0x00,
    0x00, 0x04, 0x02, 0x00, 0x00, 0x0d, 0x24, 0x12, 0x00, 0x8a, 0x16, 0x00, 0x00, 0x04, 0x03, 0x00,
    0x00, 0x18, 0x24, 0x18, 0x00, 0x30, 0x16, 0x00, 0x00, 0x04, 0x00, 0x00, 0x00, 0x0a, 0x24, 0x07,
    0x00, 0xd6, 0x15, 0x00, 0x00, 0x04, 0x01, 0x00, 0x00, 0x18, 0x24, 0x12, 0x00, 0x7c, 0x15, 0x00,
    0x00, 0x04, 0x02, 0x00, 0x00, 0x18, 0x24, 0x07, 0x00, 0x22, 0x15, 0x00, 0x00, 0x04, 0x03, 0x00,
    0x00, 0x18, 0x24, 0x12, 0x00, 0xc8, 0x14, 0x00, 0x00, 0x04, 0x00, 0x00, 0x00, 0x0a, 0x24, 0x12,
    0x00, 0x6e, 0x14, 0x00, 0x00, 0x04, 0x01, 0x00, 0x00, 0x00, 0x24, 0x12, 0x00, 0x14, 0x14, 0x00,
    0x00, 0x04, 0x02, 0x00, 0x00, 0x18, 0x24, 0x12, 0x00, 0xba, 0x13, 0x00, 0x00, 0x04, 0x03, 0x00,
    0x00, 0x11, 0x08, 0x0d, 0x00, 0x60, 0x13, 0x00, 0x00, 0x05, 0x00, 0x00, 0x00, 0x13, 0x7f, 0x24,
    0x0c, 0x00, 0x06, 0x13, 0x00, 0x00, 0x05, 0x01, 0x00, 0x00, 0x11, 0x24, 0x14, 0x00, 0xac, 0x12,
    0x00, 0x00, 0x05, 0x02, 0x00, 0x00, 0x0a, 0x24, 0x0a, 0x00, 0x52, 0x12, 0x00, 0x00, 0x05, 0x03,
    0x00, 0x00, 0x0a, 0x24, 0x12, 0x00, 0xf8, 0x11, 0x00, 0x00, 0x05, 0x00, 0x00, 0x00, 0x18, 0x24,
    0x13, 0x00, 0x9e, 0x11, 0x00, 0x00, 0x05, 0x01, 0x00, 0x00, 0x00, 0x24, 0x13, 0x00, 0x44, 0x11,
    0x00, 0x00, 0x05, 0x02, 0x00, 0x00, 0x13, 0x24, 0x0d, 0x00, 0xea, 0x10, 0x00, 0x00, 0x05, 0x03,
    0x00, 0x00, 0x18, 0x24, 0x05, 0x00, 0x90, 0x10, 0x00, 0x00, 0x05, 0x00, 0x00, 0x00, 0x0d, 0x24,
    0x05, 0x00, 0x36, 0x10, 0x00, 0x00, 0x05, 0x01, 0x00, 0x00, 0x0c, 0x24, 0x0c, 0x00, 0xdc, 0x0f,
    0x00, 0x00, 0x05, 0x02, 0x00, 0x00, 0x12, 0x24, 0x0c, 0x00, 0x82, 0x0f, 0x00, 0x00, 0x05, 0x7f,
    0x03, 0x00, 0x00, 0x0c, 0x24, 0x18, 0x00, 0x28, 0x0f, 0x00, 0x00, 0x05, 0x00, 0x00, 0x00, 0x0c,
    0x08, 0x18, 0x00, 0xce, 0x0e, 0x00, 0x00, 0x05, 0x01, 0x00, 0x00, 0x0c, 0x14, 0x11, 0x00, 0x74,
    0x0e, 0x00, 0x00, 0x05, 0x02, 0x00, 0x00, 0x0e, 0x19, 0x00, 0x00, 0x1a, 0x0e, 0x00, 0x00, 0x05,
    0x03, 0x00, 0x00, 0x13, 0x24, 0x12, 0x00, 0xc0, 0x0d, 0x00, 0x00, 0x05, 0x00, 0x00, 0x00, 0x0c,
    0x24, 0x07, 0x00, 0x66, 0x0d, 0x00, 0x00, 0x05, 0x01, 0x00, 0x00, 0x18, 0x24, 0x0c, 0x00, 0x0c,
    0x0d, 0x00, 0x00, 0x05, 0x02, 0x00, 0x00, 0x00, 0x24, 0x0d, 0x00, 0xb2, 0x0c, 0x00, 0x00, 0x05,
    0x03, 0x00, 0x00, 0x13, 0x24, 0x05, 0x00, 0x58, 0x0c, 0x00, 0x00, 0x05, 0x00, 0x00, 0x00, 0x0c,
    0x24, 0x0a, 0x00, 0xfe, 0x0b, 0x00, 0x00, 0x05, 0x01, 0x00, 0x00, 0x0c, 0x24, 0x13, 0x00, 0xa4,
    0x7f, 0x0b, 0x00, 0x00, 0x05, 0x02, 0x00, 0x00, 0x0c, 0x24, 0x0a, 0x00, 0x4a, 0x0b, 0x00, 0x00,
    0x05, 0x03, 0x00, 0x00, 0x02, 0x24, 0x18, 0x00, 0xf0, 0x0a, 0x00, 0x00, 0x05, 0x00, 0x00, 0x00,
    0x18, 0x24, 0x00, 0x00, 0x96, 0x0a, 0x00, 0x00, 0x05, 0x01, 0x00, 0x00, 0x0c, 0x24, 0x0d, 0x00,
    0x3c, 0x0a, 0x00, 0x00, 0x05, 0x02, 0x00, 0x00, 0x0e, 0x24, 0x0c, 0x00, 0xe2, 0x09, 0x00, 0x00,
    0x05, 0x03, 0x00, 0x00, 0x13, 0x24, 0x0a, 0x00, 0x88, 0x09, 0x00, 0x00, 0x05, 0x00, 0x00, 0x00,
    0x0a, 0x24, 0x0c, 0x00, 0x2e, 0x09, 0x00, 0x00, 0x05, 0x01, 0x00, 0x00, 0x18, 0x24, 0x08, 0x00,
    0xd4, 0x08, 0x00, 0x00, 0x05, 0x02, 0x00, 0x00, 0x12, 0x24, 0x0a, 0x00, 0x7a, 0x08, 0x00, 0x00,
    0x05, 0x03, 0x00, 0x00, 0x0c, 0x24, 0x0a, 0x00, 0x20, 0x08, 0x00, 0x00, 0x05, 0x00, 0x00, 0x00,
    0x09, 0x7f, 0x24, 0x08, 0x00, 0xc6, 0x07, 0x00, 0x00, 0x05, 0x01, 0x00, 0x00, 0x12, 0x24, 0x13,
    0x00, 0x6c, 0x07, 0x00, 0x00, 0x05, 0x02, 0x00, 0x00, 0x0d, 0x24, 0x07, 0x00, 0x12, 0x07, 0x00,
    0x00, 0x05, 0x03, 0x00, 0x00, 0x0c, 0x24, 0x0a, 0x00, 0xb8, 0x06, 0x00, 0x00, 0x05, 0x00, 0x00,
    0x00, 0x07, 0x24, 0x0a, 0x00, 0x5e, 0x06, 0x00, 0x00, 0x05, 0x01, 0x00, 0x00, 0x0c, 0x24, 0x13,
    0x00, 0x04, 0x06, 0x00, 0x00, 0x05, 0x02, 0x00, 0x00, 0x18, 0x24, 0x0c, 0x00, 0xaa, 0x05, 0x00,
    0x00, 0x05, 0x03, 0x00, 0x00, 0x00, 0x24, 0x07, 0x00, 0x50, 0x05, 0x00, 0x00, 0x05, 0x00, 0x00,
    0x00, 0x18, 0x24, 0x0d, 0x00, 0xf6, 0x04, 0x00, 0x00, 0x05, 0x01, 0x00, 0x00, 0x00, 0x24, 0x0e,
    0x00, 0x9c, 0x04, 0x00, 0x00, 0x05, 0x02, 0x00, 0x00, 0x0c, 0x24, 0x0e, 0x00, 0x42, 0x04, 0x00,
    0x00, 0x05, 0x7f, 0x03, 0x00, 0x00, 0x0a, 0x0e, 0x0d, 0x00, 0x10, 0x27, 0x00, 0x00, 0x03, 0x00,
    0x00, 0x00, 0x12, 0x04, 0x0a, 0x00, 0xb6, 0x26, 0x00, 0x00, 0x03, 0x01, 0x00, 0x00, 0x0d, 0x00,
    0x0d, 0x00, 0x5c, 0x26, 0x00, 0x00, 0x03, 0x02, 0x00, 0x00, 0x07, 0x0e, 0x11, 0x00, 0x02, 0x26,
    0x00, 0x00, 0x03, 0x03, 0x00, 0x00, 0x16, 0x00, 0x03, 0x00, 0xa8, 0x25, 0x00, 0x00, 0x03, 0x00,
    0x00, 0x00, 0x07, 0x08, 0x03, 0x00, 0x4e, 0x25, 0x00, 0x00, 0x03, 0x01, 0x00, 0x00, 0x14, 0x11,
    0x14, 0x00, 0xf4, 0x24, 0x00, 0x00, 0x03, 0x02, 0x00, 0x00, 0x0e, 0x0c, 0x0e, 0x00, 0x9a, 0x24,
    0x00, 0x00, 0x03, 0x03, 0x00, 0x00, 0x0a, 0x00, 0x16, 0x00, 0x40, 0x24, 0x00, 0x00, 0x03, 0x00,
    0x00, 0x00, 0x13, 0x00, 0x0a, 0x00, 0xe6, 0x23, 0x00, 0x00, 0x03, 0x01, 0x00, 0x00, 0x12, 0x0a,
    0x03, 0x00, 0x8c, 0x7f, 0x23, 0x00, 0x00, 0x03, 0x02, 0x00, 0x00, 0x0a, 0x00, 0x13, 0x00, 0x32,
    0x23, 0x00, 0x00, 0x03, 0x03, 0x00, 0x00, 0x0c, 0x00, 0x13, 0x00, 0xd8, 0x22, 0x00, 0x00, 0x03,
    0x00, 0x00, 0x00, 0x0e, 0x07, 0x00, 0x00, 0x7e, 0x22, 0x00, 0x00, 0x03, 0x01, 0x00, 0x00, 0x0c,
    0x08, 0x18, 0x00, 0x24, 0x22, 0x00, 0x00, 0x03, 0x02, 0x00, 0x00, 0x0a, 0x14, 0x11, 0x00, 0xca,
    0x21, 0x00, 0x00, 0x03, 0x03, 0x00, 0x00, 0x13, 0x12, 0x14, 0x00, 0x70, 0x21, 0x00, 0x00, 0x03,
    0x00, 0x00, 0x00, 0x06, 0x0e, 0x13, 0x00, 0x16, 0x21, 0x00, 0x00, 0x03, 0x01, 0x00, 0x00, 0x18,
    0x00, 0x0c, 0x00, 0xbc, 0x20, 0x00, 0x00, 0x03, 0x02, 0x00, 0x00, 0x0d, 0x08, 0x12, 0x00, 0x62,
    0x20, 0x00, 0x00, 0x03, 0x03, 0x00, 0x00, 0x0a, 0x00, 0x16, 0x00, 0x08, 0x20, 0x00, 0x00, 0x03,
    0x00, 0x00, 0x00, 0x13, 0x2b, 0x24, 0x12, 0x00, 0xae, 0x1f, 0x00, 0x00, 0x03, 0x01, 0x00, 0x00,
    0x0d, 0x08, 0x0c, 0x00, 0x54, 0x1f, 0x00, 0x00, 0x03, 0x02, 0x00, 0x00, 0x12, 0x04, 0x06, 0x00,
    0xfa, 0x1e, 0x00, 0x00, 0x03, 0x03, 0x00, 0x00, 0x0a, 0x04, 0x0d, 0x00, 0xa0, 0x1e, 0x00, 0x00,
    0x03, 0x83, 0x00, 0x7f, 0x0c, 0x1b, 0x00, 0x46, 0x1e, 0x00, 0x00, 0x03, 0x01, 0x00, 0x00, 0x0a,
    0x24, 0x0a, 0x00, 0xec, 0x1d, 0x00, 0x00, 0x03, 0x02, 0x00, 0x00, 0x12, 0x24, 0x12, 0x00, 0x92,
    0x1d, 0x00, 0x00, 0x03, 0x03, 0x00, 0x00, 0x0a, 0x24, 0x0c, 0x00, 0x38, 0x1d, 0x00, 0x00, 0x03,
    0x00, 0x00, 0x00, 0x07, 0x24, 0x12, 0x00, 0xde, 0x1c, 0x00, 0x00, 0x03, 0x01, 0x00, 0x00, 0x14,
    0x24, 0x00, 0x00, 0x84, 0x1c, 0x00, 0x00, 0x03, 0x02, 0x00, 0x00, 0x12, 0x24, 0x13, 0x00, 0x2a,
    0x1c, 0x00, 0x00, 0x03, 0x03, 0x00, 0x00, 0x0c, 0x24, 0x07, 0x00, 0xd0, 0x1b, 0x00, 0x00, 0x03,
    0x00, 0x00, 0x00, 0x18, 0x24, 0x0c, 0x00, 0x76, 0x1b, 0x00, 0x00, 0x03, 0x01, 0x00, 0x00, 0x0c,
    0x24, 0x13, 0x00, 0x1c, 0x1b, 0x00, 0x00, 0x03, 0x02, 0x00, 0x00, 0x13, 0x24, 0x07, 0x00, 0xc2,
    0x1a, 0x00, 0x00, 0x03, 0x7f, 0x03, 0x00, 0x00, 0x0a, 0x24, 0x07, 0x00, 0x68, 0x1a, 0x00, 0x00,
    0x03, 0x00, 0x00, 0x00, 0x13, 0x24, 0x00, 0x00, 0x0e, 0x1a, 0x00, 0x00, 0x03, 0x01, 0x00, 0x00,
    0x13, 0x24, 0x18, 0x00, 0xb4, 0x19, 0x00, 0x00, 0x03, 0x02, 0x00, 0x00, 0x18, 0x24, 0x13, 0x00,
    0x5a, 0x19, 0x00, 0x00, 0x03, 0x03, 0x00, 0x00, 0x18, 0x24, 0x12, 0x00, 0x00, 0x19, 0x00, 0x00,
    0x03, 0x00, 0x00, 0x00, 0x12, 0x24, 0x0a, 0x00, 0xa6, 0x18, 0x00, 0x00, 0x03, 0x01, 0x00, 0x00,
    0x0c, 0x24, 0x08, 0x00, 0x4c, 0x18, 0x00, 0x00, 0x03, 0x02, 0x00, 0x00, 0x18, 0x24, 0x07, 0x00,
    0xf2, 0x17, 0x00, 0x00, 0x03, 0x03, 0x00, 0x00, 0x0c, 0x24, 0x12, 0x00, 0x98, 0x17, 0x00, 0x00,
    0x03, 0x00, 0x00, 0x00, 0x0c, 0x24, 0x12, 0x00, 0x3e, 0x17, 0x00, 0x00, 0x03, 0x01, 0x00, 0x00,
    0x00, 0x24, 0x12, 0x00, 0xe4, 0x7f, 0x16, 0x00, 0x00, 0x03, 0x02, 0x00, 0x00, 0x0d, 0x24, 0x12,
    0x00, 0x8a, 0x16, 0x00, 0x00, 0x03, 0x03, 0x00, 0x00, 0x18, 0x24, 0x18, 0x00, 0x30, 0x16, 0x00,
    0x00, 0x03, 0x00, 0x00, 0x00, 0x0a, 0x24, 0x07, 0x00, 0xd6, 0x15, 0x00, 0x00, 0x03, 0x01, 0x00,
    0x00, 0x18, 0x24, 0x12, 0x00, 0x7c, 0x15, 0x00, 0x00, 0x03, 0x02, 0x00, 0x00, 0x18, 0x24, 0x07,
    0x00, 0x22, 0x15, 0x00, 0x00, 0x03, 0x03, 0x00, 0x00, 0x18, 0x24, 0x12, 0x00, 0xc8, 0x14, 0x00,
    0x00, 0x03, 0x00, 0x00, 0x00, 0x0a, 0x24, 0x12, 0x00, 0x6e, 0x14, 0x00, 0x00, 0x03, 0x01, 0x00,
    0x00, 0x00, 0x24, 0x12, 0x00, 0x14, 0x14, 0x00, 0x00, 0x03, 0x02, 0x00, 0x00, 0x18, 0x24, 0x12,
    0x00, 0xba, 0x13, 0x00, 0x00, 0x03, 0x03, 0x00, 0x00, 0x11, 0x08, 0x0d, 0x00, 0x60, 0x13, 0x00,
    0x00, 0x03, 0x00, 0x00, 0x00, 0x13, 0x7f, 0x24, 0x0c, 0x00, 0x06, 0x13, 0x00, 0x00, 0x03, 0x01,
    0x00, 0x00, 0x11, 0x24, 0x14, 0x00, 0xac, 0x12, 0x00, 0x00, 0x03, 0x02, 0x00, 0x00, 0x0a, 0x24,
    0x0a, 0x00, 0x52, 0x12, 0x00, 0x00, 0x03, 0x03, 0x00, 0x00, 0x0a, 0x24, 0x12, 0x00, 0xf8, 0x11,
    0x00, 0x00, 0x03, 0x00, 0x00, 0x00, 0x18, 0x24, 0x13, 0x00, 0x9e, 0x11, 0x00, 0x00, 0x03, 0x01,
    0x00, 0x00, 0x00, 0x24, 0x13, 0x00, 0x44, 0x11, 0x00, 0x00, 0x03, 0x02, 0x00, 0x00, 0x13, 0x24,
    0x0d, 0x00, 0xea, 0x10, 0x00, 0x00, 0x03, 0x03, 0x00, 0x00, 0x18, 0x24, 0x05, 0x00, 0x90, 0x10,
    0x00, 0x00, 0x03, 0x00, 0x00, 0x00, 0x0d, 0x24, 0x05, 0x00, 0x36, 0x10, 0x00, 0x00, 0x03, 0x01,
    0x00, 0x00, 0x0c, 0x24, 0x0c, 0x00, 0xdc, 0x0f, 0x00, 0x00, 0x03, 0x02, 0x00, 0x00, 0x12, 0x24,
    0x0c, 0x00, 0x82, 0x0f, 0x00, 0x00, 0x03, 0x7f, 0x03, 0x00, 0x00, 0x0c, 0x24, 0x18, 0x00, 0x28,
    0x0f, 0x00, 0x00, 0x03, 0x00, 0x00, 0x00, 0x0c, 0x08, 0x18, 0x00, 0xce, 0x0e, 0x00, 0x00, 0x03,
    0x01, 0x00, 0x00, 0x0c, 0x14, 0x11, 0x00, 0x74, 0x0e, 0x00, 0x00, 0x03, 0x02, 0x00, 0x00, 0x0e,
    0x19, 0x00, 0x00, 0x1a, 0x0e, 0x00, 0x00, 0x03, 0x03, 0x00, 0x00, 0x13, 0x24, 0x12, 0x00, 0xc0,
    0x0d, 0x00, 0x00, 0x03, 0x00, 0x00, 0x00, 0x0c, 0x24, 0x07, 0x00, 0x66, 0x0d, 0x00, 0x00, 0x03,
    0x01, 0x00, 0x00, 0x18, 0x24, 0x0c, 0x00, 0x0c, 0x0d, 0x00, 0x00, 0x03, 0x02, 0x00, 0x00, 0x00,
    0x24, 0x0d, 0x00, 0xb2, 0x0c, 0x00, 0x00, 0x03, 0x03, 0x00, 0x00, 0x13, 0x24, 0x05, 0x00, 0x58,
    0x0c, 0x00, 0x00, 0x03, 0x00, 0x00, 0x00, 0x0c, 0x24, 0x0a, 0x00, 0xfe, 0x0b, 0x00, 0x00, 0x03,
    0x01, 0x00, 0x00, 0x0c, 0x24, 0x13, 0x00, 0xa4, 0x7f, 0x0b, 0x00, 0x00, 0x03, 0x02, 0x00, 0x00,
    0x0c, 0x24, 0x0a, 0x00, 0x4a, 0x0b, 0x00, 0x00, 0x03, 0x03, 0x00, 0x00, 0x02, 0x24, 0x18, 0x00,
    0xf0, 0x0a, 0x00, 0x00, 0x03, 0x00, 0x00, 0x00, 0x18, 0x24, 0x00, 0x00, 0x96, 0x0a, 0x00, 0x00,
    0x03, 0x01, 0x00, 0x00, 0x0c, 0x24, 0x0d, 0x00, 0x3c, 0x0a, 0x00, 0x00, 0x03, 0x02, 0x00, 0x00,
    0x0e, 0x24, 0x0c, 0x00, 0xe2, 0x09, 0x00, 0x00, 0x03, 0x03, 0x00, 0x00, 0x13, 0x24, 0x0a, 0x00,
    0x88, 0x09, 0x00, 0x00, 0x03, 0x00, 0x00, 0x00, 0x0a, 0x24, 0x0c, 0x00, 0x2e, 0x09, 0x00, 0x00,
    0x03, 0x01, 0x00, 0x00, 0x18, 0x24, 0x08, 0x00, 0xd4, 0x08, 0x00, 0x00, 0x03, 0x02, 0x00, 0x00,
    0x12, 0x24, 0x0a, 0x00, 0x7a, 0x08, 0x00, 0x00, 0x03, 0x03, 0x00, 0x00, 0x0c, 0x24, 0x0a, 0x00,
    0x20, 0x08, 0x00, 0x00, 0x03, 0x00, 0x00, 0x00, 0x09, 0x7f, 0x24, 0x08, 0x00, 0xc6, 0x07, 0x00,
    0x00, 0x03, 0x01, 0x00, 0x00, 0x12, 0x24, 0x13, 0x00, 0x6c, 0x07, 0x00, 0x00, 0x03, 0x02, 0x00,
    0x00, 0x0d, 0x24, 0x07, 0x00, 0x12, 0x07, 0x00, 0x00, 0x03, 0x03, 0x00, 0x00, 0x0c, 0x24, 0x0a,
    0x00, 0xb8, 0x06, 0x00, 0x00, 0x03, 0x00, 0x00, 0x00, 0x07, 0x24, 0x0a, 0x00, 0x5e, 0x06, 0x00,
    0x00, 0x03, 0x01, 0x00, 0x00, 0x0c, 0x24, 0x13, 0x00, 0x04, 0x06, 0x00, 0x00, 0x03, 0x02, 0x00,
    0x00, 0x18, 0x24, 0x0c, 0x00, 0xaa, 0x05, 0x00, 0x00, 0x03, 0x03, 0x00, 0x00, 0x00, 0x24, 0x07,
    0x00, 0x50, 0x05, 0x00, 0x00, 0x03, 0x00, 0x00, 0x00, 0x18, 0x24, 0x0d, 0x00, 0xf6, 0x04, 0x00,
    0x00, 0x03, 0x01, 0x00, 0x00, 0x00, 0x24, 0x0e, 0x00, 0x9c, 0x04, 0x00, 0x00, 0x03, 0x02, 0x00,
    0x00, 0x0c, 0x24, 0x0e, 0x00, 0x42, 0x04, 0x00, 0x00, 0x03, 0x00, 0x03, 0xff, 0x00, 0xff, 0x00,
    0xff, 0x00, 0xff, 0x00, 0xff, 0x00, 0xff, 0x00, 0xff, 0x00, 0xff, 0x00, 0xff, 0x00, 0xff, 0x00,
    0xff, 0x00, 0xff, 0x00, 0xff, 0x00, 0xff, 0x00, 0xff, 0x00, 0xff, 0x00, 0xff, 0x00, 0xff, 0x00,
    0xff, 0x00, 0xff, 0x00, 0xff, 0x00, 0xff, 0x00, 0xff, 0x00, 0xff, 0x00, 0xff, 0x00, 0xff, 0x00,
    0xff, 0x00, 0xff, 0x00, 0x95, 0x00, 0xff, 0xff, 0xff, 0xff, 0xff, 0xff, 0xff, 0xff, 0xff, 0xff,
    0xff, 0xff, 0xff, 0xff, 0xff, 0xff, 0xff, 0xff, 0xff, 0xff, 0xff, 0xff, 0xff, 0xff, 0xff, 0xff,
    0xff, 0xff, 0xff, 0xff, 0xff, 0xff, 0xff, 0xff, 0xff, 0xff, 0xff, 0xff, 0xff, 0xff, 0xff, 0xff,
    0xff, 0xff, 0xff, 0xff, 0xff, 0xff, 0xff, 0xff, 0xff, 0xff, 0xff, 0xff, 0xff, 0xff, 0xff, 0xff,
    0xff, 0xff, 0xff, 0xff, 0xff, 0xff, 0xff, 0xff, 0xff, 0xff, 0xff, 0xff, 0xff, 0xff, 0xff, 0xff,
    0xff, 0xff, 0xff, 0xff, 0xff, 0xff, 0xff, 0xff, 0xff, 0xff, 0xff, 0xff, 0xff, 0xff, 0xff, 0xff,
    0xff, 0xff, 0xff, 0xff, 0xff, 0xff, 0xff, 0xff, 0xff, 0xff, 0xff, 0xff, 0xff, 0xff, 0xff, 0xff,
    0xff, 0xff, 0xff, 0xff, 0xff, 0xff, 0xff, 0xff, 0xff, 0xff, 0xff, 0xff, 0xff, 0xff, 0xff, 0xff,
    0xff, 0xff, 0xff, 0xff, 0xff, 0xff, 0xff, 0xff, 0xff, 0xff, 0xff, 0xff, 0xff, 0xff, 0xff, 0xff,
    0xff, 0xff, 0xdf, 0xff, 0x47, 0x53, 0x33, 0x32, 0x41, 0x23, 0x78, 0x00, 0x00, 0x4f, 0xe7, 0x00,
    0x00, 0x65, 0x00, 0x00, 0x00, 0x0b, 0x02, 0x01, 0x01, 0x00, 0x01, 0x01, 0x00, 0x00, 0x02, 0x00,
    0x38, 0x80, 0xc8, 0x40, 0x80, 0xc0, 0x40, 0x80, 0xc0, 0x80, 0x00, 0x00, 0x00, 0x4f, 0xe7, 0x00,
    0x00, 0x65, 0x00, 0x00, 0x00, 0x0b, 0x02, 0x01, 0x01, 0x00, 0x01, 0x01, 0x00, 0x00, 0x02, 0x00,
    0x38, 0x80, 0xc8, 0x40, 0x80, 0xc0, 0x40, 0x80, 0xc0, 0x80, 0x00, 0x00, 0x00, 0xb7, 0xff,
};

static constexpr u8 kSgt24h[] = {
    0x01, 0x85, 0xad, 0x87, 0xff, 0x03, 0x01, 0x00, 0x00, 0x00, 0x83, 0xff, 0x83, 0x00, 0x02, 0x01,
    0x00, 0x01, 0x88, 0x00, 0x85, 0xff, 0x0e, 0x00, 0x00, 0x01, 0x00, 0x00, 0x00, 0x01, 0x00, 0x32,
    0x00, 0x1e, 0x00, 0x32, 0x00, 0x1e, 0x8a, 0x00, 0x0c, 0x01, 0x00, 0x00, 0x00, 0x01, 0x00, 0x32,
    0x00, 0x1e, 0x00, 0x32, 0x00, 0x1e, 0x98, 0x00, 0x00, 0xf0, 0xff, 0x00, 0xda, 0x00, 0x07, 0x02,
    0x00, 0x00, 0x00, 0x01, 0x00, 0x00, 0x00, 0xff, 0xff, 0xff, 0xff, 0xff, 0xff, 0xff, 0xff, 0xff,
    0xff, 0xff, 0xff, 0xff, 0xff, 0xff, 0xff, 0xff, 0xff, 0xff, 0xff, 0xff, 0xff, 0xff, 0xff, 0xff,
    0xff, 0xff, 0xff, 0xff, 0xff, 0xff, 0xff, 0xff, 0xff, 0xff, 0xff, 0xff, 0xff, 0xff, 0xff, 0xff,
    0xff, 0xff, 0xff, 0xff, 0xff, 0xff, 0xff, 0xff, 0xff, 0xff, 0xff, 0xff, 0xff, 0xff, 0xff, 0xff,
    0xff, 0xff, 0xff, 0xff, 0xff, 0xff, 0xff, 0xff, 0xff, 0xff, 0xff, 0xff, 0xff, 0xff, 0xff, 0xff,
    0xff, 0xff, 0xff, 0xff, 0xff, 0xff, 0xff, 0xff, 0xff, 0xff, 0xff, 0xff, 0xff, 0xff, 0xff, 0xff,
    0xff, 0xff, 0xff, 0xff, 0xff, 0xff, 0xff, 0xff, 0xff, 0xff, 0xff, 0xff, 0xff, 0xff, 0xff, 0xff,
    0xff, 0xff, 0xff, 0xff, 0xff, 0xff, 0xff, 0xff, 0xff, 0xff, 0xff, 0xff, 0xff, 0xff, 0xff, 0xff,
    0xff, 0xff, 0xff, 0xff, 0xff, 0xff, 0xff, 0xff, 0xff, 0xff, 0xff, 0xff, 0xff, 0xff, 0xff, 0xff,
    0xff, 0xff, 0xff, 0xff, 0xff, 0xff, 0xff, 0xff, 0xff, 0xff, 0xff, 0xff, 0xff, 0xff, 0xff, 0xff,
    0xff, 0xff, 0xff, 0xff, 0xff, 0xff, 0xff, 0xff, 0xff, 0xff, 0xff, 0xff, 0xff, 0xff, 0xff, 0xff,
    0xff, 0xff, 0xff, 0xff, 0xff, 0xff, 0xff, 0xff, 0xff, 0xff, 0xff, 0xff, 0xff, 0xff, 0xff, 0xff,
    0xff, 0xff, 0xff, 0xff, 0xff, 0xff, 0xff, 0xff, 0xff, 0xff, 0xff, 0xff, 0xff, 0xff, 0xff, 0xff,
    0xff, 0xff, 0xff, 0xff, 0xff, 0xff, 0xff, 0xff, 0xff, 0xff, 0xff, 0xff, 0xff, 0xff, 0xff, 0xff,
    0xff, 0xff, 0xff, 0xff, 0xff, 0xff, 0xff, 0xff, 0xff, 0xff, 0xff, 0xff, 0xff, 0xff, 0xff, 0xff,
    0xff, 0xff, 0xff, 0xff, 0xff, 0xff, 0xff, 0xff, 0xff, 0xff, 0xff, 0xff, 0xff, 0xff, 0xff, 0xff,
    0xff, 0xb3, 0xff, 0x09, 0x53, 0x33, 0x32, 0x41, 0x06, 0x49, 0x00, 0x00, 0xd8, 0x05, 0x85, 0x00,
    0x02, 0x85, 0xad, 0x01, 0x83, 0x00, 0x12, 0x02, 0x00, 0x01, 0x01, 0x01, 0x00, 0x30, 0x80, 0xd0,
    0x48, 0x80, 0xc8, 0x48, 0x80, 0xc8, 0x00, 0x00, 0xd8, 0x05, 0x85, 0x00, 0x02, 0x85, 0xad, 0x01,
    0x83, 0x00, 0x10, 0x02, 0x00, 0x01, 0x01, 0x01, 0x00, 0x30, 0x80, 0xd0, 0x48, 0x80, 0xc8, 0x48,
    0x80, 0xc8, 0x00, 0x00, 0xb7, 0xff,
};

static constexpr u8 kSkisuprg[] = {
    0x84, 0x00, 0x04, 0x8e, 0x69, 0xe0, 0x46, 0x17, 0x99, 0x00, 0x0d, 0x20, 0x1c, 0x00, 0x00, 0x20,
    0x1c, 0x00, 0x00, 0x20, 0x1c, 0x00, 0x00, 0x20, 0x1c, 0xcf, 0x00, 0x03, 0x90, 0x50, 0x46, 0x17,
    0x99, 0x00, 0x0d, 0x20, 0x1c, 0x00, 0x00, 0x20, 0x1c, 0x00, 0x00, 0x20, 0x1c, 0x00, 0x00, 0x20,
    0x1c, 0xcf, 0x00, 0x01, 0x90, 0x50, 0x8f, 0x00, 0x7f, 0x6d, 0x79, 0x00, 0x00, 0x13, 0x0a, 0x16,
    0x1e, 0x86, 0x79, 0x00, 0x00, 0x10, 0x12, 0x10, 0x1e, 0x9a, 0x79, 0x00, 0x00, 0x17, 0x10, 0x1d,
    0x1e, 0xa9, 0x79, 0x00, 0x00, 0x0a, 0x1e, 0x1c, 0x1e, 0xae, 0x79, 0x00, 0x00, 0x17, 0x18, 0x1b,
    0x1e, 0xc7, 0x79, 0x00, 0x00, 0x1e, 0x1c, 0x0a, 0x1e, 0xdb, 0x79, 0x00, 0x00, 0x11, 0x25, 0x14,
    0x1e, 0xe5, 0x79, 0x00, 0x00, 0x17, 0x25, 0x0b, 0x1e, 0xf4, 0x79, 0x00, 0x00, 0x11, 0x0d, 0x18,
    0x1e, 0xf9, 0x79, 0x00, 0x00, 0x15, 0x14, 0x21, 0x1e, 0x0d, 0x7a, 0x00, 0x00, 0x14, 0x0e, 0x24,
    0x1e, 0x1c, 0x7a, 0x00, 0x00, 0x23, 0x25, 0x0a, 0x1e, 0x2b, 0x7a, 0x00, 0x00, 0x12, 0x25, 0x0e,
    0x1e, 0x3f, 0x7a, 0x00, 0x00, 0x14, 0x13, 0x24, 0x1e, 0x49, 0x7a, 0x00, 0x00, 0x12, 0x19, 0x1c,
    0x1e, 0xf8, 0x0f, 0x00, 0x00, 0x13, 0x0a, 0x16, 0x00, 0x7f, 0x39, 0x10, 0x00, 0x00, 0x10, 0x12,
    0x10, 0x01, 0x7a, 0x10, 0x00, 0x00, 0x17, 0x10, 0x1d, 0x02, 0xbb, 0x10, 0x00, 0x00, 0x0a, 0x1e,
    0x1c, 0x03, 0xfc, 0x10, 0x00, 0x00, 0x17, 0x18, 0x1b, 0x04, 0x3d, 0x11, 0x00, 0x00, 0x1e, 0x1c,
    0x0a, 0x05, 0x7e, 0x11, 0x00, 0x00, 0x11, 0x25, 0x14, 0x06, 0xbf, 0x11, 0x00, 0x00, 0x17, 0x25,
    0x0b, 0x07, 0x00, 0x12, 0x00, 0x00, 0x11, 0x0d, 0x18, 0x08, 0x41, 0x12, 0x00, 0x00, 0x15, 0x14,
    0x21, 0x09, 0x82, 0x12, 0x00, 0x00, 0x14, 0x0e, 0x24, 0x0a, 0xc3, 0x12, 0x00, 0x00, 0x23, 0x25,
    0x0a, 0x0b, 0x04, 0x13, 0x00, 0x00, 0x12, 0x25, 0x0e, 0x0c, 0x45, 0x13, 0x00, 0x00, 0x14, 0x13,
    0x24, 0x0d, 0x86, 0x13, 0x00, 0x00, 0x12, 0x19, 0x1c, 0x0e, 0x68, 0x10, 0x00, 0x00, 0x1f, 0x1d,
    0x0a, 0x01, 0xa9, 0x10, 0x00, 0x00, 0x1b, 0x1c, 0x15, 0x01, 0x7f, 0xea, 0x10, 0x00, 0x00, 0x15,
    0x17, 0x10, 0x02, 0x2b, 0x11, 0x00, 0x00, 0x0b, 0x1b, 0x14, 0x03, 0x6c, 0x11, 0x00, 0x00, 0x19,
    0x17, 0x21, 0x04, 0xad, 0x11, 0x00, 0x00, 0x0c, 0x23, 0x17, 0x05, 0xee, 0x11, 0x00, 0x00, 0x1f,
    0x25, 0x1f, 0x06, 0x2f, 0x12, 0x00, 0x00, 0x1f, 0x18, 0x11, 0x07, 0x70, 0x12, 0x00, 0x00, 0x19,
    0x16, 0x24, 0x08, 0xb1, 0x12, 0x00, 0x00, 0x12, 0x25, 0x0c, 0x09, 0xf2, 0x12, 0x00, 0x00, 0x10,
    0x25, 0x24, 0x0a, 0x33, 0x13, 0x00, 0x00, 0x0f, 0x23, 0x22, 0x0b, 0x74, 0x13, 0x00, 0x00, 0x19,
    0x25, 0x24, 0x0c, 0xb5, 0x13, 0x00, 0x00, 0x15, 0x1d, 0x0d, 0x0d, 0xf6, 0x13, 0x00, 0x00, 0x1d,
    0x0b, 0x26, 0x0e, 0x30, 0x10, 0x00, 0x00, 0x14, 0x25, 0x18, 0x01, 0x71, 0x10, 0x00, 0x00, 0x1c,
    0x19, 0x10, 0x01, 0xb2, 0x10, 0x00, 0x00, 0x1c, 0x14, 0x1d, 0x02, 0x5f, 0xf3, 0x10, 0x00, 0x00,
    0x12, 0x0d, 0x05, 0x03, 0x34, 0x11, 0x00, 0x00, 0x10, 0x0a, 0x0d, 0x04, 0x75, 0x11, 0x00, 0x00,
    0x1c, 0x19, 0x0d, 0x05, 0xb6, 0x11, 0x00, 0x00, 0x16, 0x0a, 0x17, 0x06, 0xf7, 0x11, 0x00, 0x00,
    0x22, 0x1d, 0x21, 0x07, 0x38, 0x12, 0x00, 0x00, 0x15, 0x0b, 0x11, 0x08, 0x79, 0x12, 0x00, 0x00,
    0x1f, 0x1f, 0x0b, 0x09, 0xba, 0x12, 0x00, 0x00, 0x1c, 0x23, 0x20, 0x0a, 0xfb, 0x12, 0x00, 0x00,
    0x17, 0x20, 0x24, 0x0b, 0x3c, 0x13, 0x00, 0x00, 0x12, 0x25, 0x24, 0x0c, 0x7d, 0x13, 0x00, 0x00,
    0x16, 0x0d, 0x24, 0x0d, 0xbe, 0x13, 0x00, 0x00, 0x14, 0x11, 0x1e, 0x0e, 0xff, 0x00, 0xff, 0x00,
    0xff, 0x00, 0xff, 0x00, 0xff, 0x00, 0xff, 0x00, 0xff, 0x00, 0xff, 0x00, 0xff, 0x00, 0xff, 0x00,
    0xff, 0x00, 0xff, 0x00, 0xff, 0x00, 0xff, 0x00, 0xff, 0x00, 0xff, 0x00, 0xff, 0x00, 0xff, 0x00,
    0xff, 0x00, 0xff, 0x00, 0xff, 0x00, 0xff, 0x00, 0xff, 0x00, 0xff, 0x00, 0xff, 0x00, 0xff, 0x00,
    0xff, 0x00, 0xff, 0x00, 0xff, 0x00, 0xff, 0x00, 0xff, 0x00, 0xff, 0x00, 0xff, 0x00, 0xff, 0x00,
    0xff, 0x00, 0xff, 0x00, 0xff, 0x00, 0xff, 0x00, 0xff, 0x00, 0xff, 0x00, 0xff, 0x00, 0xff, 0x00,
    0xff, 0x00, 0xff, 0x00, 0xff, 0x00, 0xff, 0x00, 0xff, 0x00, 0xff, 0x00, 0xff, 0x00, 0xff, 0x00,
    0xff, 0x00, 0xff, 0x00, 0xff, 0x00, 0xff, 0x00, 0xff, 0x00, 0xff, 0x00, 0xff, 0x00, 0xff, 0x00,
    0xff, 0x00, 0xff, 0x00, 0xff, 0x00, 0xff, 0x00, 0xff, 0x00, 0xff, 0x00, 0xff, 0x00, 0xff, 0x00,
    0xff, 0x00, 0xff, 0x00, 0xff, 0x00, 0xff, 0x00, 0xff, 0x00, 0xff, 0x00, 0xff, 0x00, 0xff, 0x00,
    0xff, 0x00, 0xff, 0x00, 0xff, 0x00, 0xff, 0x00, 0xff, 0x00, 0xff, 0x00, 0xff, 0x00, 0xff, 0x00,
    0xff, 0x00, 0xff, 0x00, 0xff, 0x00, 0xff, 0x00, 0xff, 0x00, 0xff, 0x00, 0xff, 0x00, 0xff, 0x00,
    0xff, 0x00, 0xff, 0x00, 0xff, 0x00, 0xff, 0x00, 0xff, 0x00, 0xff, 0x00, 0xff, 0x00, 0xff, 0x00,
    0xff, 0x00, 0xff, 0x00, 0xff, 0x00, 0xff, 0x00, 0xff, 0x00, 0xff, 0x00, 0xff, 0x00, 0xff, 0x00,
    0xff, 0x00, 0xff, 0x00, 0xff, 0x00, 0xff, 0x00, 0xff, 0x00, 0xff, 0x00, 0xff, 0x00, 0xff, 0x00,
    0xff, 0x00, 0xff, 0x00, 0xff, 0x00, 0xff, 0x00, 0xff, 0x00, 0xff, 0x00, 0xff, 0x00, 0xff, 0x00,
    0x8f, 0x00, 0x1a, 0x53, 0x33, 0x32, 0x41, 0x41, 0x19, 0x00, 0x00, 0x63, 0x8e, 0x00, 0x00, 0x65,
    0x00, 0x00, 0x00, 0x0b, 0x00, 0x02, 0x01, 0x01, 0x00, 0x01, 0x01, 0x00, 0x00, 0x28, 0x83, 0x0a,
    0x23, 0x01, 0x00, 0x00, 0x01, 0x01, 0x01, 0x00, 0x80, 0xff, 0x00, 0x80, 0xff, 0x00, 0x80, 0xff,
    0x00, 0x00, 0x63, 0x8e, 0x00, 0x00, 0x65, 0x00, 0x00, 0x00, 0x0b, 0x00, 0x02, 0x01, 0x01, 0x00,
    0x01, 0x01, 0x00, 0x00, 0x28, 0x83, 0x0a, 0x10, 0x01, 0x00, 0x00, 0x01, 0x01, 0x01, 0x00, 0x80,
    0xff, 0x00, 0x80, 0xff, 0x00, 0x80, 0xff, 0x00, 0x00, 0xa7, 0xff,
};

static constexpr u8 kSkytargt[] = {
    0x84, 0x00, 0x04, 0x69, 0xc8, 0x06, 0x0a, 0x1d, 0xc9, 0x00, 0x01, 0x0a, 0x1d, 0xc9, 0x00, 0xeb,
    0xff, 0x39, 0x6a, 0x4d, 0x00, 0x00, 0x59, 0x2e, 0x48, 0x00, 0x10, 0x27, 0x00, 0x00, 0x02, 0x00,
    0x00, 0x00, 0x64, 0x00, 0x00, 0x00, 0x48, 0x41, 0x54, 0x00, 0x28, 0x23, 0x00, 0x00, 0x01, 0x00,
    0x00, 0x00, 0x5a, 0x00, 0x00, 0x00, 0x41, 0x4f, 0x21, 0x00, 0x40, 0x1f, 0x00, 0x00, 0x03, 0x00,
    0x00, 0x00, 0x50, 0x00, 0x00, 0x00, 0x41, 0x2e, 0x53, 0x00, 0x58, 0x1b, 0x85, 0x00, 0x09, 0x46,
    0x00, 0x00, 0x00, 0x42, 0x4f, 0x4b, 0x00, 0x70, 0x17, 0x85, 0x00, 0x39, 0x3c, 0x00, 0x00, 0x00,
    0x54, 0x41, 0x47, 0x00, 0x88, 0x13, 0x00, 0x00, 0x01, 0x00, 0x00, 0x00, 0x32, 0x00, 0x00, 0x00,
    0x54, 0x4f, 0x5a, 0x00, 0xa0, 0x0f, 0x00, 0x00, 0x02, 0x00, 0x00, 0x00, 0x28, 0x00, 0x00, 0x00,
    0x54, 0x41, 0x4b, 0x00, 0xb8, 0x0b, 0x00, 0x00, 0x03, 0x00, 0x00, 0x00, 0x1e, 0x00, 0x00, 0x00,
    0x4e, 0x41, 0x56, 0x00, 0xd0, 0x07, 0x85, 0x00, 0x4d, 0x14, 0x00, 0x00, 0x00, 0x4e, 0x41, 0x49,
    0x00, 0xe8, 0x03, 0x00, 0x00, 0x01, 0x00, 0x00, 0x00, 0x0a, 0x00, 0x00, 0x00, 0x6a, 0x4d, 0x00,
    0x00, 0x59, 0x2e, 0x48, 0x00, 0x10, 0x27, 0x00, 0x00, 0x02, 0x00, 0x00, 0x00, 0x64, 0x00, 0x00,
    0x00, 0x48, 0x41, 0x54, 0x00, 0x28, 0x23, 0x00, 0x00, 0x01, 0x00, 0x00, 0x00, 0x5a, 0x00, 0x00,
    0x00, 0x41, 0x4f, 0x21, 0x00, 0x40, 0x1f, 0x00, 0x00, 0x03, 0x00, 0x00, 0x00, 0x50, 0x00, 0x00,
    0x00, 0x41, 0x2e, 0x53, 0x00, 0x58, 0x1b, 0x85, 0x00, 0x09, 0x46, 0x00, 0x00, 0x00, 0x42, 0x4f,
    0x4b, 0x00, 0x70, 0x17, 0x85, 0x00, 0x39, 0x3c, 0x00, 0x00, 0x00, 0x54, 0x41, 0x47, 0x00, 0x88,
    0x13, 0x00, 0x00, 0x01, 0x00, 0x00, 0x00, 0x32, 0x00, 0x00, 0x00, 0x54, 0x4f, 0x5a, 0x00, 0xa0,
    0x0f, 0x00, 0x00, 0x02, 0x00, 0x00, 0x00, 0x28, 0x00, 0x00, 0x00, 0x54, 0x41, 0x4b, 0x00, 0xb8,
    0x0b, 0x00, 0x00, 0x03, 0x00, 0x00, 0x00, 0x1e, 0x00, 0x00, 0x00, 0x4e, 0x41, 0x56, 0x00, 0xd0,
    0x07, 0x85, 0x00, 0x13, 0x14, 0x00, 0x00, 0x00, 0x4e, 0x41, 0x49, 0x00, 0xe8, 0x03, 0x00, 0x00,
    0x01, 0x00, 0x00, 0x00, 0x0a, 0x00, 0x00, 0x00, 0xff, 0xff, 0xff, 0xff, 0xff, 0xff, 0xff, 0xff,
    0xff, 0xff, 0xff, 0xff, 0xff, 0xff, 0xff, 0xff, 0xff, 0xff, 0xff, 0xff, 0xff, 0xff, 0xff, 0xff,
    0xff, 0xff, 0xff, 0xff, 0xff, 0xff, 0xff, 0xff, 0xff, 0xff, 0xff, 0xff, 0xff, 0xff, 0xff, 0xff,
    0xff, 0xff, 0xff, 0xff, 0xff, 0xff, 0xff, 0xff, 0xff, 0xff, 0xff, 0xff, 0xff, 0xff, 0xff, 0xff,
    0xff, 0xff, 0xff, 0xff, 0xff, 0xff, 0xff, 0xff, 0xff, 0xff, 0xff, 0xff, 0xff, 0xff, 0xff, 0xff,
    0xff, 0xff, 0xff, 0xff, 0xff, 0xff, 0xff, 0xff, 0xff, 0xff, 0xff, 0xff, 0xff, 0xff, 0xff, 0xff,
    0xff, 0xff, 0xff, 0xff, 0xff, 0xff, 0xff, 0xff, 0xff, 0xff, 0xff, 0xff, 0xff, 0xff, 0xff, 0xff,
    0xff, 0xff, 0xff, 0xff, 0xff, 0xff, 0xff, 0xff, 0xff, 0xff, 0xff, 0xff, 0xff, 0xff, 0xff, 0xff,
    0xff, 0xff, 0xff, 0xff, 0xff, 0xff, 0xff, 0xff, 0xff, 0xff, 0xff, 0xff, 0xff, 0xff, 0xff, 0xff,
    0xff, 0xff, 0xff, 0xff, 0xff, 0xff, 0xff, 0xff, 0xff, 0xff, 0xff, 0xff, 0xff, 0xff, 0xff, 0xff,
    0xff, 0xff, 0xff, 0xff, 0xff, 0xff, 0xff, 0xff, 0xff, 0xff, 0xff, 0xff, 0xff, 0xff, 0xff, 0xff,
    0xff, 0xff, 0xff, 0xff, 0xff, 0xff, 0xff, 0xff, 0xff, 0xff, 0xff, 0xff, 0xff, 0xff, 0xff, 0xff,
    0xff, 0xff, 0xff, 0xff, 0xff, 0xff, 0xff, 0xff, 0xff, 0xff, 0xff, 0xff, 0xff, 0xff, 0xff, 0xff,
    0xff, 0xff, 0xff, 0xff, 0xff, 0xff, 0xff, 0xff, 0xff, 0xff, 0xff, 0xff, 0xff, 0xff, 0xff, 0xff,
    0xff, 0xff, 0xff, 0xff, 0xff, 0xff, 0xff, 0xff, 0xff, 0xff, 0xff, 0xff, 0xff, 0xff, 0xff, 0xff,
    0xff, 0xff, 0xff, 0xff, 0xff, 0xff, 0xff, 0xff, 0xff, 0xff, 0xff, 0xff, 0xff, 0xff, 0xab, 0xff,
    0x0c, 0x53, 0x33, 0x32, 0x41, 0x08, 0x87, 0x00, 0x00, 0xc2, 0x85, 0x00, 0x00, 0x65, 0x84, 0x00,
    0x22, 0x01, 0x01, 0x01, 0x00, 0x02, 0x02, 0x00, 0x00, 0x00, 0x01, 0x01, 0x03, 0x01, 0x00, 0x00,
    0x05, 0x00, 0x00, 0x01, 0x05, 0x04, 0x00, 0x80, 0xff, 0x00, 0x80, 0xff, 0x00, 0x80, 0xff, 0xc2,
    0x85, 0x00, 0x00, 0x65, 0x84, 0x00, 0x1c, 0x01, 0x01, 0x01, 0x00, 0x02, 0x02, 0x00, 0x00, 0x00,
    0x01, 0x01, 0x03, 0x01, 0x00, 0x00, 0x05, 0x00, 0x00, 0x01, 0x05, 0x04, 0x00, 0x80, 0xff, 0x00,
    0x80, 0xff, 0x00, 0x80, 0xa8, 0xff,
};

static constexpr u8 kSrallyc[] = {
    0x03, 0x06, 0xb4, 0x68, 0x0c, 0x85, 0x00, 0x01, 0xff, 0xff, 0x87, 0x00, 0x02, 0x01, 0x00, 0x01,
    0x8c, 0x00, 0x02, 0x02, 0x00, 0x02, 0x8c, 0x00, 0x00, 0x0c, 0xff, 0x00, 0xfe, 0x00, 0x04, 0x10,
    0xc7, 0x0e, 0x00, 0x0c, 0x84, 0x00, 0x01, 0xff, 0xff, 0x83, 0x00, 0x00, 0x0c, 0x86, 0x00, 0x03,
    0xe1, 0x85, 0xff, 0xff, 0xef, 0x00, 0x05, 0x01, 0x00, 0x00, 0x00, 0x58, 0x11, 0x83, 0x00, 0x16,
    0xff, 0xff, 0x3f, 0x95, 0x00, 0x00, 0xd3, 0x15, 0x00, 0x00, 0x10, 0x02, 0x00, 0x00, 0x02, 0x00,
    0x00, 0x00, 0x4c, 0x24, 0x00, 0x00, 0x04, 0xff, 0x00, 0xff, 0x00, 0x84, 0x00, 0x01, 0xff, 0xff,
    0x83, 0x00, 0x03, 0x99, 0x79, 0xff, 0xff, 0x8f, 0x00, 0x03, 0x9f, 0x8c, 0x00, 0x00, 0xff, 0xff,
    0xbf, 0xff, 0x06, 0x38, 0x31, 0x00, 0x00, 0x50, 0x4f, 0x4f, 0x84, 0x00, 0x2a, 0xec, 0x31, 0x00,
    0x00, 0x4b, 0x41, 0x57, 0x00, 0x02, 0x00, 0x00, 0x00, 0xa0, 0x32, 0x00, 0x00, 0x48, 0x41, 0x59,
    0x00, 0x01, 0x00, 0x00, 0x00, 0x54, 0x33, 0x00, 0x00, 0x53, 0x41, 0x53, 0x00, 0x03, 0x00, 0x00,
    0x00, 0x08, 0x34, 0x00, 0x00, 0x41, 0x52, 0x41, 0x84, 0x00, 0x2a, 0xbc, 0x34, 0x00, 0x00, 0x53,
    0x48, 0x4f, 0x00, 0x02, 0x00, 0x00, 0x00, 0x70, 0x35, 0x00, 0x00, 0x47, 0x41, 0x54, 0x00, 0x01,
    0x00, 0x00, 0x00, 0x24, 0x36, 0x00, 0x00, 0x4b, 0x45, 0x4e, 0x00, 0x03, 0x00, 0x00, 0x00, 0xd8,
    0x36, 0x00, 0x00, 0x59, 0x45, 0x4d, 0x84, 0x00, 0x2a, 0x8c, 0x37, 0x00, 0x00, 0x52, 0x49, 0x43,
    0x00, 0x02, 0x00, 0x00, 0x00, 0x40, 0x38, 0x00, 0x00, 0x4d, 0x41, 0x54, 0x00, 0x01, 0x00, 0x00,
    0x00, 0xf4, 0x38, 0x00, 0x00, 0x4b, 0x41, 0x4d, 0x00, 0x03, 0x00, 0x00, 0x00, 0xa8, 0x39, 0x00,
    0x00, 0x59, 0x41, 0x4d, 0x84, 0x00, 0x20, 0x5c, 0x3a, 0x00, 0x00, 0x48, 0x49, 0x52, 0x00, 0x02,
    0x00, 0x00, 0x00, 0x10, 0x3b, 0x00, 0x00, 0x4f, 0x48, 0x41, 0x00, 0x01, 0x00, 0x00, 0x00, 0xf4,
    0x65, 0x00, 0x00, 0x4d, 0x49, 0x5a, 0x00, 0x03, 0x92, 0x00, 0x03, 0x9f, 0x8c, 0x00, 0x00, 0xff,
    0xff, 0xbf, 0xff, 0x06, 0x48, 0x3f, 0x00, 0x00, 0x50, 0x4f, 0x4f, 0x84, 0x00, 0x2a, 0xb0, 0x40,
    0x00, 0x00, 0x4b, 0x41, 0x57, 0x00, 0x02, 0x00, 0x00, 0x00, 0x18, 0x42, 0x00, 0x00, 0x48, 0x41,
    0x59, 0x00, 0x01, 0x00, 0x00, 0x00, 0x80, 0x43, 0x00, 0x00, 0x53, 0x41, 0x53, 0x00, 0x03, 0x00,
    0x00, 0x00, 0xe8, 0x44, 0x00, 0x00, 0x41, 0x52, 0x41, 0x84, 0x00, 0x2a, 0x50, 0x46, 0x00, 0x00,
    0x53, 0x48, 0x4f, 0x00, 0x02, 0x00, 0x00, 0x00, 0xb8, 0x47, 0x00, 0x00, 0x47, 0x41, 0x54, 0x00,
    0x01, 0x00, 0x00, 0x00, 0x20, 0x49, 0x00, 0x00, 0x4b, 0x45, 0x4e, 0x00, 0x03, 0x00, 0x00, 0x00,
    0x88, 0x4a, 0x00, 0x00, 0x59, 0x45, 0x4d, 0x84, 0x00, 0x2a, 0xf0, 0x4b, 0x00, 0x00, 0x52, 0x49,
    0x43, 0x00, 0x02, 0x00, 0x00, 0x00, 0x58, 0x4d, 0x00, 0x00, 0x4d, 0x41, 0x54, 0x00, 0x01, 0x00,
    0x00, 0x00, 0xc0, 0x4e, 0x00, 0x00, 0x4b, 0x41, 0x4d, 0x00, 0x03, 0x00, 0x00, 0x00, 0x28, 0x50,
    0x00, 0x00, 0x59, 0x41, 0x4d, 0x84, 0x00, 0x20, 0x90, 0x51, 0x00, 0x00, 0x48, 0x49, 0x52, 0x00,
    0x02, 0x00, 0x00, 0x00, 0xf8, 0x52, 0x00, 0x00, 0x4f, 0x48, 0x41, 0x00, 0x01, 0x00, 0x00, 0x00,
    0x60, 0x54, 0x00, 0x00, 0x4d, 0x49, 0x5a, 0x00, 0x03, 0x92, 0x00, 0x03, 0x9f, 0x8c, 0x00, 0x00,
    0xff, 0xff, 0xbf, 0xff, 0x06, 0x30, 0x2a, 0x00, 0x00, 0x50, 0x4f, 0x4f, 0x84, 0x00, 0x14, 0x20,
    0x2b, 0x00, 0x00, 0x4b, 0x41, 0x57, 0x00, 0x02, 0x00, 0x00, 0x00, 0x10, 0x2c, 0x00, 0x00, 0x48,
    0x41, 0x59, 0x00, 0x01, 0x83, 0x00, 0x11, 0x2d, 0x00, 0x00, 0x53, 0x41, 0x53, 0x00, 0x03, 0x00,
    0x00, 0x00, 0xf0, 0x2d, 0x00, 0x00, 0x41, 0x52, 0x41, 0x84, 0x00, 0x2a, 0xe0, 0x2e, 0x00, 0x00,
    0x53, 0x48, 0x4f, 0x00, 0x02, 0x00, 0x00, 0x00, 0xd0, 0x2f, 0x00, 0x00, 0x47, 0x41, 0x54, 0x00,
    0x01, 0x00, 0x00, 0x00, 0xc0, 0x30, 0x00, 0x00, 0x4b, 0x45, 0x4e, 0x00, 0x03, 0x00, 0x00, 0x00,
    0xb0, 0x31, 0x00, 0x00, 0x59, 0x45, 0x4d, 0x84, 0x00, 0x2a, 0xa0, 0x32, 0x00, 0x00, 0x52, 0x49,
    0x43, 0x00, 0x02, 0x00, 0x00, 0x00, 0x90, 0x33, 0x00, 0x00, 0x4d, 0x41, 0x54, 0x00, 0x01, 0x00,
    0x00, 0x00, 0x80, 0x34, 0x00, 0x00, 0x4b, 0x41, 0x4d, 0x00, 0x03, 0x00, 0x00, 0x00, 0x70, 0x35,
    0x00, 0x00, 0x59, 0x41, 0x4d, 0x84, 0x00, 0x20, 0x60, 0x36, 0x00, 0x00, 0x48, 0x49, 0x52, 0x00,
    0x02, 0x00, 0x00, 0x00, 0x50, 0x37, 0x00, 0x00, 0x4f, 0x48, 0x41, 0x00, 0x01, 0x00, 0x00, 0x00,
    0x40, 0x38, 0x00, 0x00, 0x4d, 0x49, 0x5a, 0x00, 0x03, 0x92, 0x00, 0x03, 0x9f, 0x8c, 0x00, 0x00,
    0xff, 0xff, 0xbf, 0xff, 0x06, 0x30, 0x2a, 0x00, 0x00, 0x50, 0x4f, 0x4f, 0x84, 0x00, 0x14, 0x20,
    0x2b, 0x00, 0x00, 0x4b, 0x41, 0x57, 0x00, 0x02, 0x00, 0x00, 0x00, 0x10, 0x2c, 0x00, 0x00, 0x48,
    0x41, 0x59, 0x00, 0x01, 0x83, 0x00, 0x11, 0x2d, 0x00, 0x00, 0x53, 0x41, 0x53, 0x00, 0x03, 0x00,
    0x00, 0x00, 0xf0, 0x2d, 0x00, 0x00, 0x41, 0x52, 0x41, 0x84, 0x00, 0x2a, 0xe0, 0x2e, 0x00, 0x00,
    0x53, 0x48, 0x4f, 0x00, 0x02, 0x00, 0x00, 0x00, 0xd0, 0x2f, 0x00, 0x00, 0x47, 0x41, 0x54, 0x00,
    0x01, 0x00, 0x00, 0x00, 0xc0, 0x30, 0x00, 0x00, 0x4b, 0x45, 0x4e, 0x00, 0x03, 0x00, 0x00, 0x00,
    0xb0, 0x31, 0x00, 0x00, 0x59, 0x45, 0x4d, 0x84, 0x00, 0x2a, 0xa0, 0x32, 0x00, 0x00, 0x52, 0x49,
    0x43, 0x00, 0x02, 0x00, 0x00, 0x00, 0x90, 0x33, 0x00, 0x00, 0x4d, 0x41, 0x54, 0x00, 0x01, 0x00,
    0x00, 0x00, 0x80, 0x34, 0x00, 0x00, 0x4b, 0x41, 0x4d, 0x00, 0x03, 0x00, 0x00, 0x00, 0x70, 0x35,
    0x00, 0x00, 0x59, 0x41, 0x4d, 0x84, 0x00, 0x20, 0x60, 0x36, 0x00, 0x00, 0x48, 0x49, 0x52, 0x00,
    0x02, 0x00, 0x00, 0x00, 0x50, 0x37, 0x00, 0x00, 0x4f, 0x48, 0x41, 0x00, 0x01, 0x00, 0x00, 0x00,
    0x40, 0x38, 0x00, 0x00, 0x4d, 0x49, 0x5a, 0x00, 0x03, 0x92, 0x00, 0x03, 0x9f, 0x8c, 0x00, 0x00,
    0xff, 0xff, 0xbf, 0xff, 0x06, 0x30, 0x2a, 0x00, 0x00, 0x50, 0x4f, 0x4f, 0x84, 0x00, 0x14, 0x20,
    0x2b, 0x00, 0x00, 0x4b, 0x41, 0x57, 0x00, 0x02, 0x00, 0x00, 0x00, 0x10, 0x2c, 0x00, 0x00, 0x48,
    0x41, 0x59, 0x00, 0x01, 0x83, 0x00, 0x11, 0x2d, 0x00, 0x00, 0x53, 0x41, 0x53, 0x00, 0x03, 0x00,
    0x00, 0x00, 0xf0, 0x2d, 0x00, 0x00, 0x41, 0x52, 0x41, 0x84, 0x00, 0x2a, 0xe0, 0x2e, 0x00, 0x00,
    0x53, 0x48, 0x4f, 0x00, 0x02, 0x00, 0x00, 0x00, 0xd0, 0x2f, 0x00, 0x00, 0x47, 0x41, 0x54, 0x00,
    0x01, 0x00, 0x00, 0x00, 0xc0, 0x30, 0x00, 0x00, 0x4b, 0x45, 0x4e, 0x00, 0x03, 0x00, 0x00, 0x00,
    0xb0, 0x31, 0x00, 0x00, 0x59, 0x45, 0x4d, 0x84, 0x00, 0x2a, 0xa0, 0x32, 0x00, 0x00, 0x52, 0x49,
    0x43, 0x00, 0x02, 0x00, 0x00, 0x00, 0x90, 0x33, 0x00, 0x00, 0x4d, 0x41, 0x54, 0x00, 0x01, 0x00,
    0x00, 0x00, 0x80, 0x34, 0x00, 0x00, 0x4b, 0x41, 0x4d, 0x00, 0x03, 0x00, 0x00, 0x00, 0x70, 0x35,
    0x00, 0x00, 0x59, 0x41, 0x4d, 0x84, 0x00, 0x20, 0x60, 0x36, 0x00, 0x00, 0x48, 0x49, 0x52, 0x00,
    0x02, 0x00, 0x00, 0x00, 0x50, 0x37, 0x00, 0x00, 0x4f, 0x48, 0x41, 0x00, 0x01, 0x00, 0x00, 0x00,
    0x40, 0x38, 0x00, 0x00, 0x4d, 0x49, 0x5a, 0x00, 0x03, 0x92, 0x00, 0x03, 0x9f, 0x8c, 0x00, 0x00,
    0xff, 0xff, 0xbf, 0xff, 0x06, 0x38, 0x31, 0x00, 0x00, 0x50, 0x4f, 0x4f, 0x84, 0x00, 0x2a, 0xec,
    0x31, 0x00, 0x00, 0x4b, 0x41, 0x57, 0x00, 0x02, 0x00, 0x00, 0x00, 0xa0, 0x32, 0x00, 0x00, 0x48,
    0x41, 0x59, 0x00, 0x01, 0x00, 0x00, 0x00, 0x54, 0x33, 0x00, 0x00, 0x53, 0x41, 0x53, 0x00, 0x03,
    0x00, 0x00, 0x00, 0x08, 0x34, 0x00, 0x00, 0x41, 0x52, 0x41, 0x84, 0x00, 0x2a, 0xbc, 0x34, 0x00,
    0x00, 0x53, 0x48, 0x4f, 0x00, 0x02, 0x00, 0x00, 0x00, 0x70, 0x35, 0x00, 0x00, 0x47, 0x41, 0x54,
    0x00, 0x01, 0x00, 0x00, 0x00, 0x24, 0x36, 0x00, 0x00, 0x4b, 0x45, 0x4e, 0x00, 0x03, 0x00, 0x00,
    0x00, 0xd8, 0x36, 0x00, 0x00, 0x59, 0x45, 0x4d, 0x84, 0x00, 0x2a, 0x8c, 0x37, 0x00, 0x00, 0x52,
    0x49, 0x43, 0x00, 0x02, 0x00, 0x00, 0x00, 0x40, 0x38, 0x00, 0x00, 0x4d, 0x41, 0x54, 0x00, 0x01,
    0x00, 0x00, 0x00, 0xf4, 0x38, 0x00, 0x00, 0x4b, 0x41, 0x4d, 0x00, 0x03, 0x00, 0x00, 0x00, 0xa8,
    0x39, 0x00, 0x00, 0x59, 0x41, 0x4d, 0x84, 0x00, 0x27, 0x5c, 0x3a, 0x00, 0x00, 0x48, 0x49, 0x52,
    0x00, 0x02, 0x00, 0x00, 0x00, 0x10, 0x3b, 0x00, 0x00, 0x4f, 0x48, 0x41, 0x00, 0x01, 0x00, 0x00,
    0x00, 0xf4, 0x65, 0x00, 0x00, 0x4d, 0x49, 0x5a, 0x00, 0x03, 0x00, 0x00, 0x00, 0x06, 0xb4, 0x68,
    0x0c, 0x85, 0x00, 0x01, 0xff, 0xff, 0x87, 0x00, 0x02, 0x01, 0x00, 0x01, 0x8c, 0x00, 0x02, 0x02,
    0x00, 0x02, 0x8c, 0x00, 0x00, 0x0c, 0xff, 0x00, 0xfe, 0x00, 0x04, 0x10, 0xc7, 0x0e, 0x00, 0x0c,
    0x84, 0x00, 0x01, 0xff, 0xff, 0x83, 0x00, 0x00, 0x0c, 0x86, 0x00, 0x03, 0xe1, 0x85, 0xff, 0xff,
    0xef, 0x00, 0x05, 0x01, 0x00, 0x00, 0x00, 0x58, 0x11, 0x83, 0x00, 0x16, 0xff, 0xff, 0x3f, 0x95,
    0x00, 0x00, 0xd3, 0x15, 0x00, 0x00, 0x10, 0x02, 0x00, 0x00, 0x02, 0x00, 0x00, 0x00, 0x4c, 0x24,
    0x00, 0x00, 0x04, 0xff, 0x00, 0xff, 0x00, 0x84, 0x00, 0x01, 0xff, 0xff, 0x83, 0x00, 0x03, 0x99,
    0x79, 0xff, 0xff, 0x8f, 0x00, 0x03, 0x9f, 0x8c, 0x00, 0x00, 0xff, 0xff, 0xbf, 0xff, 0x06, 0x38,
    0x31, 0x00, 0x00, 0x50, 0x4f, 0x4f, 0x84, 0x00, 0x2a, 0xec, 0x31, 0x00, 0x00, 0x4b, 0x41, 0x57,
    0x00, 0x02, 0x00, 0x00, 0x00, 0xa0, 0x32, 0x00, 0x00, 0x48, 0x41, 0x59, 0x00, 0x01, 0x00, 0x00,
    0x00, 0x54, 0x33, 0x00, 0x00, 0x53, 0x41, 0x53, 0x00, 0x03, 0x00, 0x00, 0x00, 0x08, 0x34, 0x00,
    0x00, 0x41, 0x52, 0x41, 0x84, 0x00, 0x2a, 0xbc, 0x34, 0x00, 0x00, 0x53, 0x48, 0x4f, 0x00, 0x02,
    0x00, 0x00, 0x00, 0x70, 0x35, 0x00, 0x00, 0x47, 0x41, 0x54, 0x00, 0x01, 0x00, 0x00, 0x00, 0x24,
    0x36, 0x00, 0x00, 0x4b, 0x45, 0x4e, 0x00, 0x03, 0x00, 0x00, 0x00, 0xd8, 0x36, 0x00, 0x00, 0x59,
    0x45, 0x4d, 0x84, 0x00, 0x2a, 0x8c, 0x37, 0x00, 0x00, 0x52, 0x49, 0x43, 0x00, 0x02, 0x00, 0x00,
    0x00, 0x40, 0x38, 0x00, 0x00, 0x4d, 0x41, 0x54, 0x00, 0x01, 0x00, 0x00, 0x00, 0xf4, 0x38, 0x00,
    0x00, 0x4b, 0x41, 0x4d, 0x00, 0x03, 0x00, 0x00, 0x00, 0xa8, 0x39, 0x00, 0x00, 0x59, 0x41, 0x4d,
    0x84, 0x00, 0x20, 0x5c, 0x3a, 0x00, 0x00, 0x48, 0x49, 0x52, 0x00, 0x02, 0x00, 0x00, 0x00, 0x10,
    0x3b, 0x00, 0x00, 0x4f, 0x48, 0x41, 0x00, 0x01, 0x00, 0x00, 0x00, 0xf4, 0x65, 0x00, 0x00, 0x4d,
    0x49, 0x5a, 0x00, 0x03, 0x92, 0x00, 0x03, 0x9f, 0x8c, 0x00, 0x00, 0xff, 0xff, 0xbf, 0xff, 0x06,
    0x48, 0x3f, 0x00, 0x00, 0x50, 0x4f, 0x4f, 0x84, 0x00, 0x2a, 0xb0, 0x40, 0x00, 0x00, 0x4b, 0x41,
    0x57, 0x00, 0x02, 0x00, 0x00, 0x00, 0x18, 0x42, 0x00, 0x00, 0x48, 0x41, 0x59, 0x00, 0x01, 0x00,
    0x00, 0x00, 0x80, 0x43, 0x00, 0x00, 0x53, 0x41, 0x53, 0x00, 0x03, 0x00, 0x00, 0x00, 0xe8, 0x44,
    0x00, 0x00, 0x41, 0x52, 0x41, 0x84, 0x00, 0x2a, 0x50, 0x46, 0x00, 0x00, 0x53, 0x48, 0x4f, 0x00,
    0x02, 0x00, 0x00, 0x00, 0xb8, 0x47, 0x00, 0x00, 0x47, 0x41, 0x54, 0x00, 0x01, 0x00, 0x00, 0x00,
    0x20, 0x49, 0x00, 0x00, 0x4b, 0x45, 0x4e, 0x00, 0x03, 0x00, 0x00, 0x00, 0x88, 0x4a, 0x00, 0x00,
    0x59, 0x45, 0x4d, 0x84, 0x00, 0x2a, 0xf0, 0x4b, 0x00, 0x00, 0x52, 0x49, 0x43, 0x00, 0x02, 0x00,
    0x00, 0x00, 0x58, 0x4d, 0x00, 0x00, 0x4d, 0x41, 0x54, 0x00, 0x01, 0x00, 0x00, 0x00, 0xc0, 0x4e,
    0x00, 0x00, 0x4b, 0x41, 0x4d, 0x00, 0x03, 0x00, 0x00, 0x00, 0x28, 0x50, 0x00, 0x00, 0x59, 0x41,
    0x4d, 0x84, 0x00, 0x20, 0x90, 0x51, 0x00, 0x00, 0x48, 0x49, 0x52, 0x00, 0x02, 0x00, 0x00, 0x00,
    0xf8, 0x52, 0x00, 0x00, 0x4f, 0x48, 0x41, 0x00, 0x01, 0x00, 0x00, 0x00, 0x60, 0x54, 0x00, 0x00,
    0x4d, 0x49, 0x5a, 0x00, 0x03, 0x92, 0x00, 0x03, 0x9f, 0x8c, 0x00, 0x00, 0xff, 0xff, 0xbf, 0xff,
    0x06, 0x30, 0x2a, 0x00, 0x00, 0x50, 0x4f, 0x4f, 0x84, 0x00, 0x14, 0x20, 0x2b, 0x00, 0x00, 0x4b,
    0x41, 0x57, 0x00, 0x02, 0x00, 0x00, 0x00, 0x10, 0x2c, 0x00, 0x00, 0x48, 0x41, 0x59, 0x00, 0x01,
    0x83, 0x00, 0x11, 0x2d, 0x00, 0x00, 0x53, 0x41, 0x53, 0x00, 0x03, 0x00, 0x00, 0x00, 0xf0, 0x2d,
    0x00, 0x00, 0x41, 0x52, 0x41, 0x84, 0x00, 0x2a, 0xe0, 0x2e, 0x00, 0x00, 0x53, 0x48, 0x4f, 0x00,
    0x02, 0x00, 0x00, 0x00, 0xd0, 0x2f, 0x00, 0x00, 0x47, 0x41, 0x54, 0x00, 0x01, 0x00, 0x00, 0x00,
    0xc0, 0x30, 0x00, 0x00, 0x4b, 0x45, 0x4e, 0x00, 0x03, 0x00, 0x00, 0x00, 0xb0, 0x31, 0x00, 0x00,
    0x59, 0x45, 0x4d, 0x84, 0x00, 0x2a, 0xa0, 0x32, 0x00, 0x00, 0x52, 0x49, 0x43, 0x00, 0x02, 0x00,
    0x00, 0x00, 0x90, 0x33, 0x00, 0x00, 0x4d, 0x41, 0x54, 0x00, 0x01, 0x00, 0x00, 0x00, 0x80, 0x34,
    0x00, 0x00, 0x4b, 0x41, 0x4d, 0x00, 0x03, 0x00, 0x00, 0x00, 0x70, 0x35, 0x00, 0x00, 0x59, 0x41,
    0x4d, 0x84, 0x00, 0x20, 0x60, 0x36, 0x00, 0x00, 0x48, 0x49, 0x52, 0x00, 0x02, 0x00, 0x00, 0x00,
    0x50, 0x37, 0x00, 0x00, 0x4f, 0x48, 0x41, 0x00, 0x01, 0x00, 0x00, 0x00, 0x40, 0x38, 0x00, 0x00,
    0x4d, 0x49, 0x5a, 0x00, 0x03, 0x92, 0x00, 0x03, 0x9f, 0x8c, 0x00, 0x00, 0xff, 0xff, 0xbf, 0xff,
    0x06, 0x30, 0x2a, 0x00, 0x00, 0x50, 0x4f, 0x4f, 0x84, 0x00, 0x14, 0x20, 0x2b, 0x00, 0x00, 0x4b,
    0x41, 0x57, 0x00, 0x02, 0x00, 0x00, 0x00, 0x10, 0x2c, 0x00, 0x00, 0x48, 0x41, 0x59, 0x00, 0x01,
    0x83, 0x00, 0x11, 0x2d, 0x00, 0x00, 0x53, 0x41, 0x53, 0x00, 0x03, 0x00, 0x00, 0x00, 0xf0, 0x2d,
    0x00, 0x00, 0x41, 0x52, 0x41, 0x84, 0x00, 0x2a, 0xe0, 0x2e, 0x00, 0x00, 0x53, 0x48, 0x4f, 0x00,
    0x02, 0x00, 0x00, 0x00, 0xd0, 0x2f, 0x00, 0x00, 0x47, 0x41, 0x54, 0x00, 0x01, 0x00, 0x00, 0x00,
    0xc0, 0x30, 0x00, 0x00, 0x4b, 0x45, 0x4e, 0x00, 0x03, 0x00, 0x00, 0x00, 0xb0, 0x31, 0x00, 0x00,
    0x59, 0x45, 0x4d, 0x84, 0x00, 0x2a, 0xa0, 0x32, 0x00, 0x00, 0x52, 0x49, 0x43, 0x00, 0x02, 0x00,
    0x00, 0x00, 0x90, 0x33, 0x00, 0x00, 0x4d, 0x41, 0x54, 0x00, 0x01, 0x00, 0x00, 0x00, 0x80, 0x34,
    0x00, 0x00, 0x4b, 0x41, 0x4d, 0x00, 0x03, 0x00, 0x00, 0x00, 0x70, 0x35, 0x00, 0x00, 0x59, 0x41,
    0x4d, 0x84, 0x00, 0x20, 0x60, 0x36, 0x00, 0x00, 0x48, 0x49, 0x52, 0x00, 0x02, 0x00, 0x00, 0x00,
    0x50, 0x37, 0x00, 0x00, 0x4f, 0x48, 0x41, 0x00, 0x01, 0x00, 0x00, 0x00, 0x40, 0x38, 0x00, 0x00,
    0x4d, 0x49, 0x5a, 0x00, 0x03, 0x92, 0x00, 0x03, 0x9f, 0x8c, 0x00, 0x00, 0xff, 0xff, 0xbf, 0xff,
    0x06, 0x30, 0x2a, 0x00, 0x00, 0x50, 0x4f, 0x4f, 0x84, 0x00, 0x14, 0x20, 0x2b, 0x00, 0x00, 0x4b,
    0x41, 0x57, 0x00, 0x02, 0x00, 0x00, 0x00, 0x10, 0x2c, 0x00, 0x00, 0x48, 0x41, 0x59, 0x00, 0x01,
    0x83, 0x00, 0x11, 0x2d, 0x00, 0x00, 0x53, 0x41, 0x53, 0x00, 0x03, 0x00, 0x00, 0x00, 0xf0, 0x2d,
    0x00, 0x00, 0x41, 0x52, 0x41, 0x84, 0x00, 0x2a, 0xe0, 0x2e, 0x00, 0x00, 0x53, 0x48, 0x4f, 0x00,
    0x02, 0x00, 0x00, 0x00, 0xd0, 0x2f, 0x00, 0x00, 0x47, 0x41, 0x54, 0x00, 0x01, 0x00, 0x00, 0x00,
    0xc0, 0x30, 0x00, 0x00, 0x4b, 0x45, 0x4e, 0x00, 0x03, 0x00, 0x00, 0x00, 0xb0, 0x31, 0x00, 0x00,
    0x59, 0x45, 0x4d, 0x84, 0x00, 0x2a, 0xa0, 0x32, 0x00, 0x00, 0x52, 0x49, 0x43, 0x00, 0x02, 0x00,
    0x00, 0x00, 0x90, 0x33, 0x00, 0x00, 0x4d, 0x41, 0x54, 0x00, 0x01, 0x00, 0x00, 0x00, 0x80, 0x34,
    0x00, 0x00, 0x4b, 0x41, 0x4d, 0x00, 0x03, 0x00, 0x00, 0x00, 0x70, 0x35, 0x00, 0x00, 0x59, 0x41,
    0x4d, 0x84, 0x00, 0x20, 0x60, 0x36, 0x00, 0x00, 0x48, 0x49, 0x52, 0x00, 0x02, 0x00, 0x00, 0x00,
    0x50, 0x37, 0x00, 0x00, 0x4f, 0x48, 0x41, 0x00, 0x01, 0x00, 0x00, 0x00, 0x40, 0x38, 0x00, 0x00,
    0x4d, 0x49, 0x5a, 0x00, 0x03, 0x92, 0x00, 0x03, 0x9f, 0x8c, 0x00, 0x00, 0xff, 0xff, 0xbf, 0xff,
    0x06, 0x38, 0x31, 0x00, 0x00, 0x50, 0x4f, 0x4f, 0x84, 0x00, 0x2a, 0xec, 0x31, 0x00, 0x00, 0x4b,
    0x41, 0x57, 0x00, 0x02, 0x00, 0x00, 0x00, 0xa0, 0x32, 0x00, 0x00, 0x48, 0x41, 0x59, 0x00, 0x01,
    0x00, 0x00, 0x00, 0x54, 0x33, 0x00, 0x00, 0x53, 0x41, 0x53, 0x00, 0x03, 0x00, 0x00, 0x00, 0x08,
    0x34, 0x00, 0x00, 0x41, 0x52, 0x41, 0x84, 0x00, 0x2a, 0xbc, 0x34, 0x00, 0x00, 0x53, 0x48, 0x4f,
    0x00, 0x02, 0x00, 0x00, 0x00, 0x70, 0x35, 0x00, 0x00, 0x47, 0x41, 0x54, 0x00, 0x01, 0x00, 0x00,
    0x00, 0x24, 0x36, 0x00, 0x00, 0x4b, 0x45, 0x4e, 0x00, 0x03, 0x00, 0x00, 0x00, 0xd8, 0x36, 0x00,
    0x00, 0x59, 0x45, 0x4d, 0x84, 0x00, 0x2a, 0x8c, 0x37, 0x00, 0x00, 0x52, 0x49, 0x43, 0x00, 0x02,
    0x00, 0x00, 0x00, 0x40, 0x38, 0x00, 0x00, 0x4d, 0x41, 0x54, 0x00, 0x01, 0x00, 0x00, 0x00, 0xf4,
    0x38, 0x00, 0x00, 0x4b, 0x41, 0x4d, 0x00, 0x03, 0x00, 0x00, 0x00, 0xa8, 0x39, 0x00, 0x00, 0x59,
    0x41, 0x4d, 0x84, 0x00, 0x23, 0x5c, 0x3a, 0x00, 0x00, 0x48, 0x49, 0x52, 0x00, 0x02, 0x00, 0x00,
    0x00, 0x10, 0x3b, 0x00, 0x00, 0x4f, 0x48, 0x41, 0x00, 0x01, 0x00, 0x00, 0x00, 0xf4, 0x65, 0x00,
    0x00, 0x4d, 0x49, 0x5a, 0x00, 0x03, 0x00, 0x00, 0x00, 0xff, 0xff, 0xff, 0xff, 0xff, 0xff, 0xff,
    0xff, 0xff, 0xff, 0xff, 0xff, 0xff, 0xff, 0xff, 0xff, 0xff, 0xff, 0xff, 0xff, 0xff, 0xff, 0xff,
    0xff, 0xff, 0xff, 0xff, 0xff, 0xff, 0xff, 0xff, 0xff, 0xff, 0xff, 0xff, 0xff, 0xff, 0xff, 0xff,
    0xff, 0xff, 0xff, 0xff, 0xff, 0xff, 0xff, 0xff, 0xff, 0xff, 0xff, 0xff, 0xff, 0xff, 0xff, 0xff,
    0xff, 0xff, 0xff, 0xff, 0xff, 0xff, 0xff, 0xff, 0xff, 0xff, 0xff, 0xff, 0xff, 0xff, 0xff, 0xff,
    0xff, 0xff, 0xff, 0xff, 0xff, 0xff, 0xff, 0xff, 0xff, 0xff, 0xff, 0xff, 0xff, 0xff, 0xff, 0xff,
    0xff, 0xff, 0xff, 0xff, 0xff, 0xff, 0xff, 0xff, 0xff, 0xff, 0xff, 0xff, 0xff, 0xff, 0xff, 0xff,
    0xff, 0xff, 0xff, 0xff, 0xff, 0xff, 0xff, 0xff, 0xff, 0xff, 0xff, 0xff, 0xff, 0xff, 0xff, 0xff,
    0xff, 0xff, 0xff, 0xff, 0xff, 0xff, 0xff, 0xff, 0xff, 0xff, 0xff, 0xff, 0xff, 0xff, 0xff, 0xff,
    0xff, 0xff, 0xff, 0xff, 0xff, 0xff, 0xff, 0xff, 0xff, 0xff, 0xff, 0xff, 0xff, 0xff, 0xff, 0xff,
    0xff, 0xff, 0xff, 0xff, 0xff, 0xaf, 0xff, 0x23, 0xda, 0xea, 0x24, 0x00, 0x01, 0x00, 0x00, 0x00,
    0x01, 0x00, 0x01, 0x00, 0x00, 0x00, 0x01, 0x04, 0x00, 0x00, 0x80, 0x3f, 0xf2, 0xff, 0xff, 0xff,
    0x01, 0x00, 0x02, 0x00, 0x00, 0x00, 0x0b, 0x00, 0x01, 0x00, 0x01, 0x00, 0xdb, 0xff,
};

static constexpr u8 kStcc[] = {
    0x03, 0x86, 0xb7, 0xff, 0xff, 0x9d, 0x00, 0x01, 0xff, 0xff, 0x85, 0x00, 0x01, 0xff, 0xff, 0x83,
    0x00, 0x04, 0x3d, 0x00, 0x00, 0x00, 0x10, 0x84, 0x00, 0x01, 0xff, 0xff, 0x83, 0x00, 0x00, 0x10,
    0xc8, 0x00, 0x7f, 0x18, 0x42, 0x00, 0x00, 0x20, 0x42, 0x00, 0x00, 0x70, 0x42, 0x00, 0x00, 0x70,
    0x42, 0x00, 0x00, 0x18, 0x42, 0x00, 0x00, 0x1c, 0x42, 0x00, 0x00, 0x70, 0x42, 0x00, 0x00, 0x70,
    0x42, 0x00, 0x00, 0x18, 0x42, 0x00, 0x00, 0x20, 0x42, 0x00, 0x00, 0x70, 0x42, 0x00, 0x00, 0x70,
    0x42, 0x00, 0x00, 0x18, 0x42, 0x00, 0x00, 0x1c, 0x42, 0x00, 0x00, 0x70, 0x42, 0x00, 0x00, 0x70,
    0x42, 0xa4, 0x00, 0xb7, 0x43, 0x4b, 0x41, 0x4b, 0x4b, 0x59, 0x2e, 0x2e, 0x00, 0x90, 0x01, 0x00,
    0x00, 0xd7, 0x83, 0xb8, 0x43, 0x50, 0x4f, 0x4f, 0x48, 0x2e, 0x2e, 0x2e, 0x00, 0xc0, 0x00, 0x00,
    0x00, 0x42, 0x00, 0xba, 0x43, 0x53, 0x41, 0x53, 0x41, 0x4b, 0x4b, 0x59, 0x00, 0x08, 0x00, 0x00,
    0x00, 0x3d, 0xda, 0xbe, 0x43, 0x4d, 0x49, 0x5a, 0x47, 0x55, 0x54, 0x49, 0x00, 0x40, 0x00, 0x00,
    0x00, 0x9a, 0x59, 0x7f, 0xc3, 0x43, 0x53, 0x48, 0x4f, 0x4a, 0x49, 0x2e, 0x2e, 0x00, 0x28, 0x00,
    0x00, 0x00, 0x3d, 0xda, 0xc6, 0x43, 0x59, 0x41, 0x4e, 0x4f, 0x4e, 0x45, 0x2e, 0x00, 0xb8, 0x00,
    0x00, 0x00, 0xa4, 0x40, 0xc9, 0x43, 0x41, 0x52, 0x41, 0x43, 0x48, 0x55, 0x2e, 0x00, 0x28, 0x01,
    0x00, 0x00, 0x5a, 0xf4, 0xcf, 0x43, 0x4d, 0x52, 0x53, 0x54, 0x2e, 0x2e, 0x2e, 0x00, 0xa0, 0x01,
    0x00, 0x00, 0x48, 0x81, 0xb7, 0x43, 0x4b, 0x55, 0x52, 0x4f, 0x2e, 0x2e, 0x2e, 0x00, 0x48, 0x00,
    0x00, 0x00, 0x42, 0x00, 0xba, 0x43, 0x4b, 0x45, 0x4e, 0x49, 0x43, 0x48, 0x49, 0x00, 0xa8, 0x00,
    0x00, 0x00, 0x66, 0x26, 0xbd, 0x43, 0x4d, 0x41, 0x53, 0x41, 0x4b, 0x49, 0x2e, 0x00, 0x50, 0x01,
    0x00, 0x00, 0x83, 0x00, 0xbe, 0x43, 0x4d, 0x41, 0x54, 0x53, 0x55, 0x2e, 0x2e, 0x00, 0x20, 0x01,
    0x00, 0x00, 0x66, 0x86, 0x04, 0xc1, 0x43, 0x47, 0x45, 0x4e, 0x83, 0x2e, 0x01, 0x00, 0x30, 0x84,
    0x00, 0x04, 0xc3, 0x43, 0x4a, 0x55, 0x4e, 0x83, 0x2e, 0x22, 0x00, 0xd0, 0x00, 0x00, 0x00, 0xa4,
    0xc0, 0xc5, 0x43, 0x53, 0x55, 0x5a, 0x55, 0x4b, 0x49, 0x2e, 0x00, 0x88, 0x00, 0x00, 0x00, 0xdf,
    0xff, 0xcb, 0x43, 0x4d, 0x4f, 0x55, 0x52, 0x49, 0x2e, 0x2e, 0x00, 0x80, 0x01, 0x85, 0x00, 0x4b,
    0xee, 0x7c, 0x7f, 0x3f, 0x00, 0x00, 0x96, 0x44, 0x00, 0x80, 0x3b, 0x45, 0xcd, 0xcc, 0xcc, 0x3c,
    0x00, 0x80, 0x68, 0x44, 0x00, 0x00, 0x7a, 0x44, 0xa4, 0x70, 0x7d, 0x3f, 0x9a, 0x99, 0x19, 0x3e,
    0x00, 0x00, 0xa0, 0x40, 0x00, 0x00, 0xa0, 0x40, 0x66, 0x66, 0x66, 0x3f, 0xcd, 0xcc, 0xcc, 0x3e,
    0xcd, 0xcc, 0xcc, 0x3e, 0x00, 0x80, 0xbb, 0x45, 0x9a, 0x99, 0xa9, 0x40, 0x00, 0x00, 0x7a, 0x44,
    0x00, 0x00, 0xe0, 0x41, 0x00, 0x00, 0xa0, 0x40, 0xcd, 0xcc, 0x0c, 0x3f, 0x87, 0x00, 0x4f, 0x66,
    0x66, 0xa6, 0x40, 0xee, 0x7c, 0x7f, 0x3f, 0x00, 0x00, 0x96, 0x44, 0x00, 0x80, 0x3b, 0x45, 0xcd,
    0xcc, 0xcc, 0x3c, 0x00, 0x00, 0x75, 0x44, 0x00, 0x00, 0x7a, 0x44, 0xa4, 0x70, 0x7d, 0x3f, 0x9a,
    0x99, 0x19, 0x3e, 0x00, 0x00, 0xa0, 0x40, 0x9a, 0x99, 0x89, 0x40, 0x66, 0x66, 0x66, 0x3f, 0xcd,
    0xcc, 0xcc, 0x3e, 0xcd, 0xcc, 0xcc, 0x3e, 0x00, 0xe0, 0xab, 0x45, 0xcd, 0xcc, 0xbc, 0x40, 0x00,
    0x00, 0x7a, 0x44, 0x00, 0x00, 0xc8, 0x41, 0x00, 0x00, 0xa0, 0x40, 0x33, 0x33, 0x33, 0x3f, 0x87,
    0x00, 0x4f, 0xf6, 0x28, 0xa4, 0x40, 0xee, 0x7c, 0x7f, 0x3f, 0x00, 0x00, 0x96, 0x44, 0x00, 0x80,
    0x3b, 0x45, 0xcd, 0xcc, 0xcc, 0x3c, 0x00, 0x80, 0x68, 0x44, 0x00, 0x00, 0x7a, 0x44, 0xa4, 0x70,
    0x7d, 0x3f, 0x9a, 0x99, 0x19, 0x3e, 0x00, 0x00, 0xa0, 0x40, 0x00, 0x00, 0xa0, 0x40, 0x66, 0x66,
    0x66, 0x3f, 0xcd, 0xcc, 0xcc, 0x3e, 0xcd, 0xcc, 0xcc, 0x3e, 0x00, 0x80, 0xbb, 0x45, 0x9a, 0x99,
    0xa9, 0x40, 0x00, 0x00, 0x7a, 0x44, 0x00, 0x00, 0xe0, 0x41, 0x00, 0x00, 0xa0, 0x40, 0xcd, 0xcc,
    0x0c, 0x3f, 0x87, 0x00, 0x4f, 0x66, 0x66, 0xa6, 0x40, 0xee, 0x7c, 0x7f, 0x3f, 0x00, 0x00, 0x96,
    0x44, 0x00, 0x80, 0x3b, 0x45, 0xcd, 0xcc, 0xcc, 0x3c, 0x00, 0x00, 0x75, 0x44, 0x00, 0x00, 0x7a,
    0x44, 0xa4, 0x70, 0x7d, 0x3f, 0x9a, 0x99, 0x19, 0x3e, 0x00, 0x00, 0xa0, 0x40, 0x9a, 0x99, 0x89,
    0x40, 0x66, 0x66, 0x66, 0x3f, 0xcd, 0xcc, 0xcc, 0x3e, 0xcd, 0xcc, 0xcc, 0x3e, 0x00, 0xe0, 0xab,
    0x45, 0xcd, 0xcc, 0xbc, 0x40, 0x00, 0x00, 0x7a, 0x44, 0x00, 0x00, 0xc8, 0x41, 0x00, 0x00, 0xa0,
    0x40, 0x33, 0x33, 0x33, 0x3f, 0x87, 0x00, 0x4f, 0xf6, 0x28, 0xa4, 0x40, 0xee, 0x7c, 0x7f, 0x3f,
    0x00, 0x00, 0x48, 0x44, 0x00, 0x40, 0x1c, 0x45, 0xcd, 0xcc, 0xcc, 0x3c, 0x00, 0x80, 0x6d, 0x44,
    0x00, 0x00, 0x61, 0x44, 0xa4, 0x70, 0x7d, 0x3f, 0x9a, 0x99, 0x19, 0x3e, 0x00, 0x00, 0x80, 0x40,
    0x33, 0x33, 0x83, 0x40, 0x00, 0x00, 0x80, 0x3f, 0x52, 0xb8, 0x9e, 0x3e, 0xcd, 0xcc, 0x4c, 0x3e,
    0x00, 0x80, 0xbb, 0x45, 0x66, 0x66, 0xd6, 0x40, 0x00, 0x00, 0xe1, 0x44, 0x00, 0x00, 0xc8, 0x41,
    0x00, 0x00, 0xa0, 0x40, 0x9a, 0x99, 0x19, 0x3f, 0x85, 0x00, 0x51, 0x80, 0x3f, 0xf6, 0x28, 0xa4,
    0x40, 0xee, 0x7c, 0x7f, 0x3f, 0x00, 0x00, 0x48, 0x44, 0x00, 0x00, 0xfa, 0x44, 0xcd, 0xcc, 0xcc,
    0x3c, 0x00, 0x80, 0x6d, 0x44, 0x00, 0x00, 0x61, 0x44, 0xa4, 0x70, 0x7d, 0x3f, 0x9a, 0x99, 0x19,
    0x3e, 0x33, 0x33, 0x73, 0x40, 0x66, 0x66, 0x86, 0x40, 0x00, 0x00, 0x80, 0x3f, 0xc3, 0xf5, 0xa8,
    0x3e, 0xcd, 0xcc, 0x4c, 0x3e, 0x00, 0x80, 0xbb, 0x45, 0x66, 0x66, 0xd6, 0x40, 0x00, 0x00, 0xe1,
    0x44, 0x00, 0x00, 0xc8, 0x41, 0x00, 0x00, 0xa0, 0x40, 0xcd, 0xcc, 0x4c, 0x3f, 0x85, 0x00, 0x51,
    0x80, 0x3f, 0xf6, 0x28, 0xa4, 0x40, 0xee, 0x7c, 0x7f, 0x3f, 0x00, 0x00, 0x48, 0x44, 0x00, 0x40,
    0x1c, 0x45, 0xcd, 0xcc, 0xcc, 0x3c, 0x00, 0x80, 0x6d, 0x44, 0x00, 0x00, 0x61, 0x44, 0xa4, 0x70,
    0x7d, 0x3f, 0x9a, 0x99, 0x19, 0x3e, 0x00, 0x00, 0x80, 0x40, 0x33, 0x33, 0x83, 0x40, 0x00, 0x00,
    0x80, 0x3f, 0x52, 0xb8, 0x9e, 0x3e, 0xcd, 0xcc, 0x4c, 0x3e, 0x00, 0x80, 0xbb, 0x45, 0x66, 0x66,
    0xd6, 0x40, 0x00, 0x00, 0xe1, 0x44, 0x00, 0x00, 0xc8, 0x41, 0x00, 0x00, 0xa0, 0x40, 0x9a, 0x99,
    0x19, 0x3f, 0x85, 0x00, 0x51, 0x80, 0x3f, 0xf6, 0x28, 0xa4, 0x40, 0xee, 0x7c, 0x7f, 0x3f, 0x00,
    0x00, 0x48, 0x44, 0x00, 0x00, 0xfa, 0x44, 0xcd, 0xcc, 0xcc, 0x3c, 0x00, 0x80, 0x6d, 0x44, 0x00,
    0x00, 0x61, 0x44, 0xa4, 0x70, 0x7d, 0x3f, 0x9a, 0x99, 0x19, 0x3e, 0x33, 0x33, 0x73, 0x40, 0x66,
    0x66, 0x86, 0x40, 0x00, 0x00, 0x80, 0x3f, 0xc3, 0xf5, 0xa8, 0x3e, 0xcd, 0xcc, 0x4c, 0x3e, 0x00,
    0x80, 0xbb, 0x45, 0x66, 0x66, 0xd6, 0x40, 0x00, 0x00, 0xe1, 0x44, 0x00, 0x00, 0xc8, 0x41, 0x00,
    0x00, 0xa0, 0x40, 0xcd, 0xcc, 0x4c, 0x3f, 0x85, 0x00, 0x05, 0x80, 0x3f, 0xf6, 0x28, 0xa4, 0x40,
    0x83, 0x00, 0x03, 0x86, 0xb7, 0xff, 0xff, 0x9d, 0x00, 0x01, 0xff, 0xff, 0x85, 0x00, 0x01, 0xff,
    0xff, 0x83, 0x00, 0x04, 0x3d, 0x00, 0x00, 0x00, 0x10, 0x84, 0x00, 0x01, 0xff, 0xff, 0x83, 0x00,
    0x00, 0x10, 0xc8, 0x00, 0x7f, 0x18, 0x42, 0x00, 0x00, 0x20, 0x42, 0x00, 0x00, 0x70, 0x42, 0x00,
    0x00, 0x70, 0x42, 0x00, 0x00, 0x18, 0x42, 0x00, 0x00, 0x1c, 0x42, 0x00, 0x00, 0x70, 0x42, 0x00,
    0x00, 0x70, 0x42, 0x00, 0x00, 0x18, 0x42, 0x00, 0x00, 0x20, 0x42, 0x00, 0x00, 0x70, 0x42, 0x00,
    0x00, 0x70, 0x42, 0x00, 0x00, 0x18, 0x42, 0x00, 0x00, 0x1c, 0x42, 0x00, 0x00, 0x70, 0x42, 0x00,
    0x00, 0x70, 0x42, 0xa4, 0x00, 0xb7, 0x43, 0x4b, 0x41, 0x4b, 0x4b, 0x59, 0x2e, 0x2e, 0x00, 0x90,
    0x01, 0x00, 0x00, 0xd7, 0x83, 0xb8, 0x43, 0x50, 0x4f, 0x4f, 0x48, 0x2e, 0x2e, 0x2e, 0x00, 0xc0,
    0x00, 0x00, 0x00, 0x42, 0x00, 0xba, 0x43, 0x53, 0x41, 0x53, 0x41, 0x4b, 0x4b, 0x59, 0x00, 0x08,
    0x00, 0x00, 0x00, 0x3d, 0xda, 0xbe, 0x43, 0x4d, 0x49, 0x5a, 0x47, 0x55, 0x54, 0x49, 0x00, 0x40,
    0x00, 0x00, 0x00, 0x9a, 0x59, 0x7f, 0xc3, 0x43, 0x53, 0x48, 0x4f, 0x4a, 0x49, 0x2e, 0x2e, 0x00,
    0x28, 0x00, 0x00, 0x00, 0x3d, 0xda, 0xc6, 0x43, 0x59, 0x41, 0x4e, 0x4f, 0x4e, 0x45, 0x2e, 0x00,
    0xb8, 0x00, 0x00, 0x00, 0xa4, 0x40, 0xc9, 0x43, 0x41, 0x52, 0x41, 0x43, 0x48, 0x55, 0x2e, 0x00,
    0x28, 0x01, 0x00, 0x00, 0x5a, 0xf4, 0xcf, 0x43, 0x4d, 0x52, 0x53, 0x54, 0x2e, 0x2e, 0x2e, 0x00,
    0xa0, 0x01, 0x00, 0x00, 0x48, 0x81, 0xb7, 0x43, 0x4b, 0x55, 0x52, 0x4f, 0x2e, 0x2e, 0x2e, 0x00,
    0x48, 0x00, 0x00, 0x00, 0x42, 0x00, 0xba, 0x43, 0x4b, 0x45, 0x4e, 0x49, 0x43, 0x48, 0x49, 0x00,
    0xa8, 0x00, 0x00, 0x00, 0x66, 0x26, 0xbd, 0x43, 0x4d, 0x41, 0x53, 0x41, 0x4b, 0x49, 0x2e, 0x00,
    0x50, 0x01, 0x00, 0x00, 0x83, 0x00, 0xbe, 0x43, 0x4d, 0x41, 0x54, 0x53, 0x55, 0x2e, 0x2e, 0x00,
    0x20, 0x01, 0x00, 0x00, 0x66, 0x86, 0x04, 0xc1, 0x43, 0x47, 0x45, 0x4e, 0x83, 0x2e, 0x01, 0x00,
    0x30, 0x84, 0x00, 0x04, 0xc3, 0x43, 0x4a, 0x55, 0x4e, 0x83, 0x2e, 0x22, 0x00, 0xd0, 0x00, 0x00,
    0x00, 0xa4, 0xc0, 0xc5, 0x43, 0x53, 0x55, 0x5a, 0x55, 0x4b, 0x49, 0x2e, 0x00, 0x88, 0x00, 0x00,
    0x00, 0xdf, 0xff, 0xcb, 0x43, 0x4d, 0x4f, 0x55, 0x52, 0x49, 0x2e, 0x2e, 0x00, 0x80, 0x01, 0x85,
    0x00, 0x4b, 0xee, 0x7c, 0x7f, 0x3f, 0x00, 0x00, 0x96, 0x44, 0x00, 0x80, 0x3b, 0x45, 0xcd, 0xcc,
    0xcc, 0x3c, 0x00, 0x80, 0x68, 0x44, 0x00, 0x00, 0x7a, 0x44, 0xa4, 0x70, 0x7d, 0x3f, 0x9a, 0x99,
    0x19, 0x3e, 0x00, 0x00, 0xa0, 0x40, 0x00, 0x00, 0xa0, 0x40, 0x66, 0x66, 0x66, 0x3f, 0xcd, 0xcc,
    0xcc, 0x3e, 0xcd, 0xcc, 0xcc, 0x3e, 0x00, 0x80, 0xbb, 0x45, 0x9a, 0x99, 0xa9, 0x40, 0x00, 0x00,
    0x7a, 0x44, 0x00, 0x00, 0xe0, 0x41, 0x00, 0x00, 0xa0, 0x40, 0xcd, 0xcc, 0x0c, 0x3f, 0x87, 0x00,
    0x4f, 0x66, 0x66, 0xa6, 0x40, 0xee, 0x7c, 0x7f, 0x3f, 0x00, 0x00, 0x96, 0x44, 0x00, 0x80, 0x3b,
    0x45, 0xcd, 0xcc, 0xcc, 0x3c, 0x00, 0x00, 0x75, 0x44, 0x00, 0x00, 0x7a, 0x44, 0xa4, 0x70, 0x7d,
    0x3f, 0x9a, 0x99, 0x19, 0x3e, 0x00, 0x00, 0xa0, 0x40, 0x9a, 0x99, 0x89, 0x40, 0x66, 0x66, 0x66,
    0x3f, 0xcd, 0xcc, 0xcc, 0x3e, 0xcd, 0xcc, 0xcc, 0x3e, 0x00, 0xe0, 0xab, 0x45, 0xcd, 0xcc, 0xbc,
    0x40, 0x00, 0x00, 0x7a, 0x44, 0x00, 0x00, 0xc8, 0x41, 0x00, 0x00, 0xa0, 0x40, 0x33, 0x33, 0x33,
    0x3f, 0x87, 0x00, 0x4f, 0xf6, 0x28, 0xa4, 0x40, 0xee, 0x7c, 0x7f, 0x3f, 0x00, 0x00, 0x96, 0x44,
    0x00, 0x80, 0x3b, 0x45, 0xcd, 0xcc, 0xcc, 0x3c, 0x00, 0x80, 0x68, 0x44, 0x00, 0x00, 0x7a, 0x44,
    0xa4, 0x70, 0x7d, 0x3f, 0x9a, 0x99, 0x19, 0x3e, 0x00, 0x00, 0xa0, 0x40, 0x00, 0x00, 0xa0, 0x40,
    0x66, 0x66, 0x66, 0x3f, 0xcd, 0xcc, 0xcc, 0x3e, 0xcd, 0xcc, 0xcc, 0x3e, 0x00, 0x80, 0xbb, 0x45,
    0x9a, 0x99, 0xa9, 0x40, 0x00, 0x00, 0x7a, 0x44, 0x00, 0x00, 0xe0, 0x41, 0x00, 0x00, 0xa0, 0x40,
    0xcd, 0xcc, 0x0c, 0x3f, 0x87, 0x00, 0x4f, 0x66, 0x66, 0xa6, 0x40, 0xee, 0x7c, 0x7f, 0x3f, 0x00,
    0x00, 0x96, 0x44, 0x00, 0x80, 0x3b, 0x45, 0xcd, 0xcc, 0xcc, 0x3c, 0x00, 0x00, 0x75, 0x44, 0x00,
    0x00, 0x7a, 0x44, 0xa4, 0x70, 0x7d, 0x3f, 0x9a, 0x99, 0x19, 0x3e, 0x00, 0x00, 0xa0, 0x40, 0x9a,
    0x99, 0x89, 0x40, 0x66, 0x66, 0x66, 0x3f, 0xcd, 0xcc, 0xcc, 0x3e, 0xcd, 0xcc, 0xcc, 0x3e, 0x00,
    0xe0, 0xab, 0x45, 0xcd, 0xcc, 0xbc, 0x40, 0x00, 0x00, 0x7a, 0x44, 0x00, 0x00, 0xc8, 0x41, 0x00,
    0x00, 0xa0, 0x40, 0x33, 0x33, 0x33, 0x3f, 0x87, 0x00, 0x4f, 0xf6, 0x28, 0xa4, 0x40, 0xee, 0x7c,
    0x7f, 0x3f, 0x00, 0x00, 0x48, 0x44, 0x00, 0x40, 0x1c, 0x45, 0xcd, 0xcc, 0xcc, 0x3c, 0x00, 0x80,
    0x6d, 0x44, 0x00, 0x00, 0x61, 0x44, 0xa4, 0x70, 0x7d, 0x3f, 0x9a, 0x99, 0x19, 0x3e, 0x00, 0x00,
    0x80, 0x40, 0x33, 0x33, 0x83, 0x40, 0x00, 0x00, 0x80, 0x3f, 0x52, 0xb8, 0x9e, 0x3e, 0xcd, 0xcc,
    0x4c, 0x3e, 0x00, 0x80, 0xbb, 0x45, 0x66, 0x66, 0xd6, 0x40, 0x00, 0x00, 0xe1, 0x44, 0x00, 0x00,
    0xc8, 0x41, 0x00, 0x00, 0xa0, 0x40, 0x9a, 0x99, 0x19, 0x3f, 0x85, 0x00, 0x51, 0x80, 0x3f, 0xf6,
    0x28, 0xa4, 0x40, 0xee, 0x7c, 0x7f, 0x3f, 0x00, 0x00, 0x48, 0x44, 0x00, 0x00, 0xfa, 0x44, 0xcd,
    0xcc, 0xcc, 0x3c, 0x00, 0x80, 0x6d, 0x44, 0x00, 0x00, 0x61, 0x44, 0xa4, 0x70, 0x7d, 0x3f, 0x9a,
    0x99, 0x19, 0x3e, 0x33, 0x33, 0x73, 0x40, 0x66, 0x66, 0x86, 0x40, 0x00, 0x00, 0x80, 0x3f, 0xc3,
    0xf5, 0xa8, 0x3e, 0xcd, 0xcc, 0x4c, 0x3e, 0x00, 0x80, 0xbb, 0x45, 0x66, 0x66, 0xd6, 0x40, 0x00,
    0x00, 0xe1, 0x44, 0x00, 0x00, 0xc8, 0x41, 0x00, 0x00, 0xa0, 0x40, 0xcd, 0xcc, 0x4c, 0x3f, 0x85,
    0x00, 0x51, 0x80, 0x3f, 0xf6, 0x28, 0xa4, 0x40, 0xee, 0x7c, 0x7f, 0x3f, 0x00, 0x00, 0x48, 0x44,
    0x00, 0x40, 0x1c, 0x45, 0xcd, 0xcc, 0xcc, 0x3c, 0x00, 0x80, 0x6d, 0x44, 0x00, 0x00, 0x61, 0x44,
    0xa4, 0x70, 0x7d, 0x3f, 0x9a, 0x99, 0x19, 0x3e, 0x00, 0x00, 0x80, 0x40, 0x33, 0x33, 0x83, 0x40,
    0x00, 0x00, 0x80, 0x3f, 0x52, 0xb8, 0x9e, 0x3e, 0xcd, 0xcc, 0x4c, 0x3e, 0x00, 0x80, 0xbb, 0x45,
    0x66, 0x66, 0xd6, 0x40, 0x00, 0x00, 0xe1, 0x44, 0x00, 0x00, 0xc8, 0x41, 0x00, 0x00, 0xa0, 0x40,
    0x9a, 0x99, 0x19, 0x3f, 0x85, 0x00, 0x51, 0x80, 0x3f, 0xf6, 0x28, 0xa4, 0x40, 0xee, 0x7c, 0x7f,
    0x3f, 0x00, 0x00, 0x48, 0x44, 0x00, 0x00, 0xfa, 0x44, 0xcd, 0xcc, 0xcc, 0x3c, 0x00, 0x80, 0x6d,
    0x44, 0x00, 0x00, 0x61, 0x44, 0xa4, 0x70, 0x7d, 0x3f, 0x9a, 0x99, 0x19, 0x3e, 0x33, 0x33, 0x73,
    0x40, 0x66, 0x66, 0x86, 0x40, 0x00, 0x00, 0x80, 0x3f, 0xc3, 0xf5, 0xa8, 0x3e, 0xcd, 0xcc, 0x4c,
    0x3e, 0x00, 0x80, 0xbb, 0x45, 0x66, 0x66, 0xd6, 0x40, 0x00, 0x00, 0xe1, 0x44, 0x00, 0x00, 0xc8,
    0x41, 0x00, 0x00, 0xa0, 0x40, 0xcd, 0xcc, 0x4c, 0x3f, 0x85, 0x00, 0x05, 0x80, 0x3f, 0xf6, 0x28,
    0xa4, 0x40, 0x83, 0x00, 0xff, 0xff, 0xff, 0xff, 0xff, 0xff, 0xff, 0xff, 0xff, 0xff, 0xff, 0xff,
    0xff, 0xff, 0xff, 0xff, 0xff, 0xff, 0xff, 0xff, 0xff, 0xff, 0xff, 0xff, 0xff, 0xff, 0xff, 0xff,
    0xff, 0xff, 0xff, 0xff, 0xff, 0xff, 0xff, 0xff, 0xff, 0xff, 0xff, 0xff, 0xff, 0xff, 0xff, 0xff,
    0xff, 0xff, 0xff, 0xff, 0xff, 0xff, 0xff, 0xff, 0xff, 0xff, 0xff, 0xff, 0xff, 0xff, 0xff, 0xff,
    0xff, 0xff, 0xff, 0xff, 0xff, 0xff, 0xff, 0xff, 0xff, 0xff, 0xff, 0xff, 0xff, 0xff, 0xff, 0xff,
    0xff, 0xff, 0xff, 0xff, 0xff, 0xff, 0xff, 0xff, 0xff, 0xff, 0xff, 0xff, 0xff, 0xff, 0xff, 0xff,
    0xff, 0xff, 0xff, 0xff, 0xff, 0xff, 0xff, 0xff, 0xff, 0xff, 0xff, 0xff, 0xff, 0xff, 0xff, 0xff,
    0xff, 0xff, 0xff, 0xff, 0xff, 0xff, 0xff, 0xff, 0xff, 0xff, 0xff, 0xff, 0xff, 0xff, 0xff, 0xff,
    0xff, 0xff, 0xff, 0xff, 0xff, 0xff, 0xff, 0xff, 0xff, 0xff, 0xff, 0xff, 0xff, 0xff, 0xff, 0xff,
    0xff, 0xff, 0xff, 0xff, 0xff, 0xff, 0xff, 0xff, 0xff, 0xff, 0xff, 0xff, 0xff, 0xff, 0xff, 0xff,
    0xff, 0xff, 0xff, 0xff, 0xff, 0xff, 0xff, 0xff, 0xff, 0xff, 0xff, 0xff, 0xff, 0xff, 0xff, 0xff,
    0xff, 0xff, 0xff, 0xff, 0xff, 0xff, 0xff, 0xff, 0xff, 0xff, 0xff, 0xff, 0xff, 0xff, 0xff, 0xff,
    0xff, 0xff, 0xff, 0xff, 0xff, 0xff, 0xff, 0xff, 0xff, 0xff, 0xff, 0xff, 0xff, 0xff, 0xff, 0xff,
    0xff, 0xff, 0xff, 0xff, 0xff, 0xff, 0xff, 0xff, 0xff, 0xff, 0xff, 0xff, 0xff, 0xff, 0xdf, 0xff,
    0x0b, 0x53, 0x45, 0x47, 0x41, 0x53, 0x54, 0x43, 0x62, 0x0f, 0xa6, 0xff, 0xff, 0x83, 0x00, 0x19,
    0x01, 0x00, 0xf1, 0xff, 0x50, 0xff, 0xff, 0xff, 0x02, 0x00, 0xfc, 0xff, 0x01, 0x00, 0x01, 0x00,
    0x01, 0x00, 0x00, 0x00, 0x01, 0x00, 0x01, 0x00, 0x09, 0x00, 0xd5, 0xff,
};

static constexpr u8 kTopskatr[] = {
    0x03, 0x79, 0x22, 0xa8, 0x0f, 0x85, 0x00, 0x01, 0xff, 0xff, 0x87, 0x00, 0x02, 0x01, 0x00, 0x01,
    0x8c, 0x00, 0x02, 0x02, 0x00, 0x02, 0x8c, 0x00, 0x00, 0x0f, 0xff, 0x00, 0xff, 0x00, 0xbe, 0x00,
    0x04, 0x08, 0x3d, 0x0c, 0x00, 0x0f, 0x84, 0x00, 0x01, 0xff, 0xff, 0x83, 0x00, 0x00, 0x0f, 0x86,
    0x00, 0x03, 0xd3, 0xbe, 0xff, 0xff, 0xff, 0x00, 0x9f, 0x00, 0x00, 0x01, 0x8a, 0x00, 0x07, 0x80,
    0x87, 0xff, 0xff, 0x00, 0xff, 0xff, 0xff, 0xff, 0x00, 0xff, 0x00, 0xff, 0x00, 0xff, 0x00, 0xf7,
    0x00, 0x7f, 0x90, 0xd0, 0x03, 0x00, 0x00, 0x01, 0x0e, 0x18, 0xcc, 0xc6, 0x03, 0x00, 0x01, 0x18,
    0x00, 0x0c, 0x08, 0xbd, 0x03, 0x00, 0x02, 0x13, 0x0e, 0x0c, 0x44, 0xb3, 0x03, 0x00, 0x03, 0x0a,
    0x04, 0x13, 0x80, 0xa9, 0x03, 0x00, 0x04, 0x09, 0x14, 0x0d, 0xbc, 0x9f, 0x03, 0x00, 0x05, 0x07,
    0x00, 0x13, 0xf8, 0x95, 0x03, 0x00, 0x00, 0x18, 0x00, 0x0a, 0x34, 0x8c, 0x03, 0x00, 0x01, 0x12,
    0x00, 0x08, 0x70, 0x82, 0x03, 0x00, 0x02, 0x12, 0x14, 0x06, 0xac, 0x78, 0x03, 0x00, 0x03, 0x12,
    0x08, 0x0d, 0xe8, 0x6e, 0x03, 0x00, 0x00, 0x0a, 0x08, 0x13, 0x24, 0x65, 0x03, 0x00, 0x01, 0x00,
    0x0c, 0x1e, 0x60, 0x5b, 0x03, 0x00, 0x02, 0x12, 0x00, 0x04, 0x9c, 0x51, 0x03, 0x00, 0x03, 0x03,
    0x15, 0x03, 0xd8, 0x47, 0x03, 0x00, 0x04, 0x12, 0x0d, 0x03, 0x14, 0x3e, 0x03, 0x00, 0x05, 0x05,
    0x14, 0x09, 0x7f, 0x50, 0x34, 0x03, 0x00, 0x00, 0x08, 0x19, 0x14, 0x8c, 0x2a, 0x03, 0x00, 0x01,
    0x08, 0x13, 0x0e, 0xc8, 0x20, 0x03, 0x00, 0x02, 0x18, 0x00, 0x12, 0x04, 0x17, 0x03, 0x00, 0x03,
    0x13, 0x0a, 0x0e, 0x22, 0x12, 0x03, 0x00, 0x00, 0x27, 0x27, 0x27, 0x40, 0x0d, 0x03, 0x00, 0x00,
    0x27, 0x27, 0x27, 0x5e, 0x08, 0x03, 0x00, 0x00, 0x27, 0x27, 0x27, 0x7c, 0x03, 0x03, 0x00, 0x00,
    0x27, 0x27, 0x27, 0x9a, 0xfe, 0x02, 0x00, 0x00, 0x27, 0x27, 0x27, 0xb8, 0xf9, 0x02, 0x00, 0x00,
    0x27, 0x27, 0x27, 0xd6, 0xf4, 0x02, 0x00, 0x00, 0x27, 0x27, 0x27, 0xf4, 0xef, 0x02, 0x00, 0x00,
    0x27, 0x27, 0x27, 0x12, 0xeb, 0x02, 0x00, 0x00, 0x27, 0x27, 0x27, 0x30, 0xe6, 0x02, 0x00, 0x00,
    0x27, 0x27, 0x27, 0x4e, 0xe1, 0x02, 0x00, 0x00, 0x27, 0x27, 0x27, 0x6c, 0xdc, 0x02, 0x00, 0x00,
    0x27, 0x27, 0x27, 0x7f, 0x8a, 0xd7, 0x02, 0x00, 0x00, 0x27, 0x27, 0x27, 0xa8, 0xd2, 0x02, 0x00,
    0x00, 0x27, 0x27, 0x27, 0xc6, 0xcd, 0x02, 0x00, 0x00, 0x27, 0x27, 0x27, 0xe4, 0xc8, 0x02, 0x00,
    0x00, 0x27, 0x27, 0x27, 0x02, 0xc4, 0x02, 0x00, 0x00, 0x27, 0x27, 0x27, 0x20, 0xbf, 0x02, 0x00,
    0x00, 0x27, 0x27, 0x27, 0x3e, 0xba, 0x02, 0x00, 0x00, 0x27, 0x27, 0x27, 0x5c, 0xb5, 0x02, 0x00,
    0x00, 0x27, 0x27, 0x27, 0x7a, 0xb0, 0x02, 0x00, 0x00, 0x27, 0x27, 0x27, 0x98, 0xab, 0x02, 0x00,
    0x00, 0x27, 0x27, 0x27, 0xb6, 0xa6, 0x02, 0x00, 0x00, 0x27, 0x27, 0x27, 0xd4, 0xa1, 0x02, 0x00,
    0x00, 0x27, 0x27, 0x27, 0xf2, 0x9c, 0x02, 0x00, 0x00, 0x27, 0x27, 0x27, 0x10, 0x98, 0x02, 0x00,
    0x00, 0x27, 0x27, 0x27, 0x2e, 0x93, 0x02, 0x00, 0x00, 0x27, 0x27, 0x27, 0x4c, 0x8e, 0x02, 0x00,
    0x00, 0x27, 0x27, 0x27, 0x7f, 0x6a, 0x89, 0x02, 0x00, 0x00, 0x27, 0x27, 0x27, 0x88, 0x84, 0x02,
    0x00, 0x00, 0x27, 0x27, 0x27, 0xa6, 0x7f, 0x02, 0x00, 0x00, 0x27, 0x27, 0x27, 0xc4, 0x7a, 0x02,
    0x00, 0x00, 0x27, 0x27, 0x27, 0xe2, 0x75, 0x02, 0x00, 0x00, 0x27, 0x27, 0x27, 0x00, 0x71, 0x02,
    0x00, 0x00, 0x27, 0x27, 0x27, 0x1e, 0x6c, 0x02, 0x00, 0x00, 0x27, 0x27, 0x27, 0x3c, 0x67, 0x02,
    0x00, 0x00, 0x27, 0x27, 0x27, 0x5a, 0x62, 0x02, 0x00, 0x00, 0x27, 0x27, 0x27, 0x78, 0x5d, 0x02,
    0x00, 0x00, 0x27, 0x27, 0x27, 0x96, 0x58, 0x02, 0x00, 0x00, 0x27, 0x27, 0x27, 0xb4, 0x53, 0x02,
    0x00, 0x00, 0x27, 0x27, 0x27, 0xd2, 0x4e, 0x02, 0x00, 0x00, 0x27, 0x27, 0x27, 0xf0, 0x49, 0x02,
    0x00, 0x00, 0x27, 0x27, 0x27, 0x0e, 0x45, 0x02, 0x00, 0x00, 0x27, 0x27, 0x27, 0x2c, 0x40, 0x02,
    0x00, 0x00, 0x27, 0x27, 0x27, 0x7f, 0x4a, 0x3b, 0x02, 0x00, 0x00, 0x27, 0x27, 0x27, 0x68, 0x36,
    0x02, 0x00, 0x00, 0x27, 0x27, 0x27, 0x86, 0x31, 0x02, 0x00, 0x00, 0x27, 0x27, 0x27, 0xa4, 0x2c,
    0x02, 0x00, 0x00, 0x27, 0x27, 0x27, 0xc2, 0x27, 0x02, 0x00, 0x00, 0x27, 0x27, 0x27, 0xe0, 0x22,
    0x02, 0x00, 0x00, 0x27, 0x27, 0x27, 0xfe, 0x1d, 0x02, 0x00, 0x00, 0x27, 0x27, 0x27, 0x1c, 0x19,
    0x02, 0x00, 0x00, 0x27, 0x27, 0x27, 0x3a, 0x14, 0x02, 0x00, 0x00, 0x27, 0x27, 0x27, 0x58, 0x0f,
    0x02, 0x00, 0x00, 0x27, 0x27, 0x27, 0x76, 0x0a, 0x02, 0x00, 0x00, 0x27, 0x27, 0x27, 0x94, 0x05,
    0x02, 0x00, 0x00, 0x27, 0x27, 0x27, 0xb2, 0x00, 0x02, 0x00, 0x00, 0x27, 0x27, 0x27, 0xd0, 0xfb,
    0x01, 0x00, 0x00, 0x27, 0x27, 0x27, 0xee, 0xf6, 0x01, 0x00, 0x00, 0x27, 0x27, 0x27, 0x0c, 0xf2,
    0x01, 0x00, 0x00, 0x27, 0x27, 0x27, 0x7f, 0x2a, 0xed, 0x01, 0x00, 0x00, 0x27, 0x27, 0x27, 0x48,
    0xe8, 0x01, 0x00, 0x00, 0x27, 0x27, 0x27, 0x66, 0xe3, 0x01, 0x00, 0x00, 0x27, 0x27, 0x27, 0x84,
    0xde, 0x01, 0x00, 0x00, 0x27, 0x27, 0x27, 0xa2, 0xd9, 0x01, 0x00, 0x00, 0x27, 0x27, 0x27, 0xc0,
    0xd4, 0x01, 0x00, 0x00, 0x27, 0x27, 0x27, 0xde, 0xcf, 0x01, 0x00, 0x00, 0x27, 0x27, 0x27, 0xfc,
    0xca, 0x01, 0x00, 0x00, 0x27, 0x27, 0x27, 0x1a, 0xc6, 0x01, 0x00, 0x00, 0x27, 0x27, 0x27, 0x38,
    0xc1, 0x01, 0x00, 0x00, 0x27, 0x27, 0x27, 0x56, 0xbc, 0x01, 0x00, 0x00, 0x27, 0x27, 0x27, 0x74,
    0xb7, 0x01, 0x00, 0x00, 0x27, 0x27, 0x27, 0x92, 0xb2, 0x01, 0x00, 0x00, 0x27, 0x27, 0x27, 0xb0,
    0xad, 0x01, 0x00, 0x00, 0x27, 0x27, 0x27, 0xce, 0xa8, 0x01, 0x00, 0x00, 0x27, 0x27, 0x27, 0xec,
    0xa3, 0x01, 0x00, 0x00, 0x27, 0x27, 0x27, 0x7f, 0x0a, 0x9f, 0x01, 0x00, 0x00, 0x27, 0x27, 0x27,
    0x28, 0x9a, 0x01, 0x00, 0x00, 0x27, 0x27, 0x27, 0x46, 0x95, 0x01, 0x00, 0x00, 0x27, 0x27, 0x27,
    0x64, 0x90, 0x01, 0x00, 0x00, 0x27, 0x27, 0x27, 0x90, 0xd0, 0x03, 0x00, 0x00, 0x0e, 0x06, 0x14,
    0xcc, 0xc6, 0x03, 0x00, 0x01, 0x0d, 0x11, 0x08, 0x08, 0xbd, 0x03, 0x00, 0x02, 0x0a, 0x00, 0x0a,
    0x44, 0xb3, 0x03, 0x00, 0x03, 0x13, 0x0c, 0x00, 0x80, 0xa9, 0x03, 0x00, 0x04, 0x08, 0x16, 0x00,
    0xbc, 0x9f, 0x03, 0x00, 0x05, 0x0a, 0x00, 0x0d, 0xf8, 0x95, 0x03, 0x00, 0x00, 0x0c, 0x08, 0x0e,
    0x34, 0x8c, 0x03, 0x00, 0x01, 0x00, 0x13, 0x14, 0x70, 0x82, 0x03, 0x00, 0x02, 0x12, 0x08, 0x0c,
    0xac, 0x78, 0x03, 0x00, 0x03, 0x01, 0x14, 0x0d, 0xe8, 0x6e, 0x03, 0x00, 0x00, 0x00, 0x0d, 0x08,
    0x24, 0x65, 0x03, 0x00, 0x01, 0x0c, 0x00, 0x04, 0x7f, 0x60, 0x5b, 0x03, 0x00, 0x02, 0x12, 0x18,
    0x14, 0x9c, 0x51, 0x03, 0x00, 0x03, 0x12, 0x00, 0x13, 0xd8, 0x47, 0x03, 0x00, 0x04, 0x07, 0x08,
    0x12, 0x14, 0x3e, 0x03, 0x00, 0x05, 0x0d, 0x0e, 0x0c, 0x50, 0x34, 0x03, 0x00, 0x00, 0x09, 0x08,
    0x0d, 0x8c, 0x2a, 0x03, 0x00, 0x01, 0x13, 0x00, 0x0a, 0xc8, 0x20, 0x03, 0x00, 0x02, 0x0f, 0x04,
    0x11, 0x04, 0x17, 0x03, 0x00, 0x03, 0x00, 0x0c, 0x1d, 0x22, 0x12, 0x03, 0x00, 0x00, 0x27, 0x27,
    0x27, 0x40, 0x0d, 0x03, 0x00, 0x00, 0x27, 0x27, 0x27, 0x5e, 0x08, 0x03, 0x00, 0x00, 0x27, 0x27,
    0x27, 0x7c, 0x03, 0x03, 0x00, 0x00, 0x27, 0x27, 0x27, 0x9a, 0xfe, 0x02, 0x00, 0x00, 0x27, 0x27,
    0x27, 0xb8, 0xf9, 0x02, 0x00, 0x00, 0x27, 0x27, 0x27, 0xd6, 0xf4, 0x02, 0x00, 0x00, 0x27, 0x27,
    0x27, 0xf4, 0xef, 0x02, 0x00, 0x00, 0x27, 0x27, 0x27, 0x7f, 0x12, 0xeb, 0x02, 0x00, 0x00, 0x27,
    0x27, 0x27, 0x30, 0xe6, 0x02, 0x00, 0x00, 0x27, 0x27, 0x27, 0x4e, 0xe1, 0x02, 0x00, 0x00, 0x27,
    0x27, 0x27, 0x6c, 0xdc, 0x02, 0x00, 0x00, 0x27, 0x27, 0x27, 0x8a, 0xd7, 0x02, 0x00, 0x00, 0x27,
    0x27, 0x27, 0xa8, 0xd2, 0x02, 0x00, 0x00, 0x27, 0x27, 0x27, 0xc6, 0xcd, 0x02, 0x00, 0x00, 0x27,
    0x27, 0x27, 0xe4, 0xc8, 0x02, 0x00, 0x00, 0x27, 0x27, 0x27, 0x02, 0xc4, 0x02, 0x00, 0x00, 0x27,
    0x27, 0x27, 0x20, 0xbf, 0x02, 0x00, 0x00, 0x27, 0x27, 0x27, 0x3e, 0xba, 0x02, 0x00, 0x00, 0x27,
    0x27, 0x27, 0x5c, 0xb5, 0x02, 0x00, 0x00, 0x27, 0x27, 0x27, 0x7a, 0xb0, 0x02, 0x00, 0x00, 0x27,
    0x27, 0x27, 0x98, 0xab, 0x02, 0x00, 0x00, 0x27, 0x27, 0x27, 0xb6, 0xa6, 0x02, 0x00, 0x00, 0x27,
    0x27, 0x27, 0xd4, 0xa1, 0x02, 0x00, 0x00, 0x27, 0x27, 0x27, 0x7f, 0xf2, 0x9c, 0x02, 0x00, 0x00,
    0x27, 0x27, 0x27, 0x10, 0x98, 0x02, 0x00, 0x00, 0x27, 0x27, 0x27, 0x2e, 0x93, 0x02, 0x00, 0x00,
    0x27, 0x27, 0x27, 0x4c, 0x8e, 0x02, 0x00, 0x00, 0x27, 0x27, 0x27, 0x6a, 0x89, 0x02, 0x00, 0x00,
    0x27, 0x27, 0x27, 0x88, 0x84, 0x02, 0x00, 0x00, 0x27, 0x27, 0x27, 0xa6, 0x7f, 0x02, 0x00, 0x00,
    0x27, 0x27, 0x27, 0xc4, 0x7a, 0x02, 0x00, 0x00, 0x27, 0x27, 0x27, 0xe2, 0x75, 0x02, 0x00, 0x00,
    0x27, 0x27, 0x27, 0x00, 0x71, 0x02, 0x00, 0x00, 0x27, 0x27, 0x27, 0x1e, 0x6c, 0x02, 0x00, 0x00,
    0x27, 0x27, 0x27, 0x3c, 0x67, 0x02, 0x00, 0x00, 0x27, 0x27, 0x27, 0x5a, 0x62, 0x02, 0x00, 0x00,
    0x27, 0x27, 0x27, 0x78, 0x5d, 0x02, 0x00, 0x00, 0x27, 0x27, 0x27, 0x96, 0x58, 0x02, 0x00, 0x00,
    0x27, 0x27, 0x27, 0xb4, 0x53, 0x02, 0x00, 0x00, 0x27, 0x27, 0x27, 0x7f, 0xd2, 0x4e, 0x02, 0x00,
    0x00, 0x27, 0x27, 0x27, 0xf0, 0x49, 0x02, 0x00, 0x00, 0x27, 0x27, 0x27, 0x0e, 0x45, 0x02, 0x00,
    0x00, 0x27, 0x27, 0x27, 0x2c, 0x40, 0x02, 0x00, 0x00, 0x27, 0x27, 0x27, 0x4a, 0x3b, 0x02, 0x00,
    0x00, 0x27, 0x27, 0x27, 0x68, 0x36, 0x02, 0x00, 0x00, 0x27, 0x27, 0x27, 0x86, 0x31, 0x02, 0x00,
    0x00, 0x27, 0x27, 0x27, 0xa4, 0x2c, 0x02, 0x00, 0x00, 0x27, 0x27, 0x27, 0xc2, 0x27, 0x02, 0x00,
    0x00, 0x27, 0x27, 0x27, 0xe0, 0x22, 0x02, 0x00, 0x00, 0x27, 0x27, 0x27, 0xfe, 0x1d, 0x02, 0x00,
    0x00, 0x27, 0x27, 0x27, 0x1c, 0x19, 0x02, 0x00, 0x00, 0x27, 0x27, 0x27, 0x3a, 0x14, 0x02, 0x00,
    0x00, 0x27, 0x27, 0x27, 0x58, 0x0f, 0x02, 0x00, 0x00, 0x27, 0x27, 0x27, 0x76, 0x0a, 0x02, 0x00,
    0x00, 0x27, 0x27, 0x27, 0x94, 0x05, 0x02, 0x00, 0x00, 0x27, 0x27, 0x27, 0x7f, 0xb2, 0x00, 0x02,
    0x00, 0x00, 0x27, 0x27, 0x27, 0xd0, 0xfb, 0x01, 0x00, 0x00, 0x27, 0x27, 0x27, 0xee, 0xf6, 0x01,
    0x00, 0x00, 0x27, 0x27, 0x27, 0x0c, 0xf2, 0x01, 0x00, 0x00, 0x27, 0x27, 0x27, 0x2a, 0xed, 0x01,
    0x00, 0x00, 0x27, 0x27, 0x27, 0x48, 0xe8, 0x01, 0x00, 0x00, 0x27, 0x27, 0x27, 0x66, 0xe3, 0x01,
    0x00, 0x00, 0x27, 0x27, 0x27, 0x84, 0xde, 0x01, 0x00, 0x00, 0x27, 0x27, 0x27, 0xa2, 0xd9, 0x01,
    0x00, 0x00, 0x27, 0x27, 0x27, 0xc0, 0xd4, 0x01, 0x00, 0x00, 0x27, 0x27, 0x27, 0xde, 0xcf, 0x01,
    0x00, 0x00, 0x27, 0x27, 0x27, 0xfc, 0xca, 0x01, 0x00, 0x00, 0x27, 0x27, 0x27, 0x1a, 0xc6, 0x01,
    0x00, 0x00, 0x27, 0x27, 0x27, 0x38, 0xc1, 0x01, 0x00, 0x00, 0x27, 0x27, 0x27, 0x56, 0xbc, 0x01,
    0x00, 0x00, 0x27, 0x27, 0x27, 0x74, 0xb7, 0x01, 0x00, 0x00, 0x27, 0x27, 0x27, 0x7f, 0x92, 0xb2,
    0x01, 0x00, 0x00, 0x27, 0x27, 0x27, 0xb0, 0xad, 0x01, 0x00, 0x00, 0x27, 0x27, 0x27, 0xce, 0xa8,
    0x01, 0x00, 0x00, 0x27, 0x27, 0x27, 0xec, 0xa3, 0x01, 0x00, 0x00, 0x27, 0x27, 0x27, 0x0a, 0x9f,
    0x01, 0x00, 0x00, 0x27, 0x27, 0x27, 0x28, 0x9a, 0x01, 0x00, 0x00, 0x27, 0x27, 0x27, 0x46, 0x95,
    0x01, 0x00, 0x00, 0x27, 0x27, 0x27, 0x64, 0x90, 0x01, 0x00, 0x00, 0x27, 0x27, 0x27, 0x40, 0x0d,
    0x03, 0x00, 0x00, 0x0e, 0x06, 0x14, 0x70, 0x05, 0x03, 0x00, 0x01, 0x0d, 0x11, 0x08, 0xa0, 0xfd,
    0x02, 0x00, 0x02, 0x0a, 0x00, 0x0a, 0xd0, 0xf5, 0x02, 0x00, 0x03, 0x13, 0x0c, 0x00, 0x00, 0xee,
    0x02, 0x00, 0x04, 0x08, 0x16, 0x00, 0x30, 0xe6, 0x02, 0x00, 0x05, 0x0a, 0x00, 0x0d, 0x60, 0xde,
    0x02, 0x00, 0x00, 0x0c, 0x08, 0x0e, 0x90, 0xd6, 0x02, 0x00, 0x01, 0x00, 0x13, 0x14, 0x7f, 0xc0,
    0xce, 0x02, 0x00, 0x02, 0x12, 0x08, 0x0c, 0xf0, 0xc6, 0x02, 0x00, 0x03, 0x01, 0x14, 0x0d, 0x20,
    0xbf, 0x02, 0x00, 0x00, 0x00, 0x0d, 0x08, 0x50, 0xb7, 0x02, 0x00, 0x01, 0x0c, 0x00, 0x04, 0x80,
    0xaf, 0x02, 0x00, 0x02, 0x12, 0x18, 0x14, 0xb0, 0xa7, 0x02, 0x00, 0x03, 0x12, 0x00, 0x13, 0xe0,
    0x9f, 0x02, 0x00, 0x04, 0x07, 0x08, 0x12, 0x10, 0x98, 0x02, 0x00, 0x05, 0x0d, 0x0e, 0x0c, 0x40,
    0x90, 0x02, 0x00, 0x00, 0x09, 0x08, 0x0d, 0x70, 0x88, 0x02, 0x00, 0x01, 0x13, 0x00, 0x0a, 0xa0,
    0x80, 0x02, 0x00, 0x02, 0x0f, 0x04, 0x11, 0xd0, 0x78, 0x02, 0x00, 0x03, 0x00, 0x0c, 0x1d, 0xe2,
    0x75, 0x02, 0x00, 0x00, 0x27, 0x27, 0x27, 0xf4, 0x72, 0x02, 0x00, 0x00, 0x27, 0x27, 0x27, 0x06,
    0x70, 0x02, 0x00, 0x00, 0x27, 0x27, 0x27, 0x18, 0x6d, 0x02, 0x00, 0x00, 0x27, 0x27, 0x27, 0x7f,
    0x2a, 0x6a, 0x02, 0x00, 0x00, 0x27, 0x27, 0x27, 0x3c, 0x67, 0x02, 0x00, 0x00, 0x27, 0x27, 0x27,
    0x4e, 0x64, 0x02, 0x00, 0x00, 0x27, 0x27, 0x27, 0x60, 0x61, 0x02, 0x00, 0x00, 0x27, 0x27, 0x27,
    0x72, 0x5e, 0x02, 0x00, 0x00, 0x27, 0x27, 0x27, 0x84, 0x5b, 0x02, 0x00, 0x00, 0x27, 0x27, 0x27,
    0x96, 0x58, 0x02, 0x00, 0x00, 0x27, 0x27, 0x27, 0xa8, 0x55, 0x02, 0x00, 0x00, 0x27, 0x27, 0x27,
    0xba, 0x52, 0x02, 0x00, 0x00, 0x27, 0x27, 0x27, 0xcc, 0x4f, 0x02, 0x00, 0x00, 0x27, 0x27, 0x27,
    0xde, 0x4c, 0x02, 0x00, 0x00, 0x27, 0x27, 0x27, 0xf0, 0x49, 0x02, 0x00, 0x00, 0x27, 0x27, 0x27,
    0x02, 0x47, 0x02, 0x00, 0x00, 0x27, 0x27, 0x27, 0x14, 0x44, 0x02, 0x00, 0x00, 0x27, 0x27, 0x27,
    0x26, 0x41, 0x02, 0x00, 0x00, 0x27, 0x27, 0x27, 0x38, 0x3e, 0x02, 0x00, 0x00, 0x27, 0x27, 0x27,
    0x7f, 0x4a, 0x3b, 0x02, 0x00, 0x00, 0x27, 0x27, 0x27, 0x5c, 0x38, 0x02, 0x00, 0x00, 0x27, 0x27,
    0x27, 0x6e, 0x35, 0x02, 0x00, 0x00, 0x27, 0x27, 0x27, 0x80, 0x32, 0x02, 0x00, 0x00, 0x27, 0x27,
    0x27, 0x92, 0x2f, 0x02, 0x00, 0x00, 0x27, 0x27, 0x27, 0xa4, 0x2c, 0x02, 0x00, 0x00, 0x27, 0x27,
    0x27, 0xb6, 0x29, 0x02, 0x00, 0x00, 0x27, 0x27, 0x27, 0xc8, 0x26, 0x02, 0x00, 0x00, 0x27, 0x27,
    0x27, 0xda, 0x23, 0x02, 0x00, 0x00, 0x27, 0x27, 0x27, 0xec, 0x20, 0x02, 0x00, 0x00, 0x27, 0x27,
    0x27, 0xfe, 0x1d, 0x02, 0x00, 0x00, 0x27, 0x27, 0x27, 0x10, 0x1b, 0x02, 0x00, 0x00, 0x27, 0x27,
    0x27, 0x22, 0x18, 0x02, 0x00, 0x00, 0x27, 0x27, 0x27, 0x34, 0x15, 0x02, 0x00, 0x00, 0x27, 0x27,
    0x27, 0x46, 0x12, 0x02, 0x00, 0x00, 0x27, 0x27, 0x27, 0x58, 0x0f, 0x02, 0x00, 0x00, 0x27, 0x27,
    0x27, 0x7f, 0x6a, 0x0c, 0x02, 0x00, 0x00, 0x27, 0x27, 0x27, 0x7c, 0x09, 0x02, 0x00, 0x00, 0x27,
    0x27, 0x27, 0x8e, 0x06, 0x02, 0x00, 0x00, 0x27, 0x27, 0x27, 0xa0, 0x03, 0x02, 0x00, 0x00, 0x27,
    0x27, 0x27, 0xb2, 0x00, 0x02, 0x00, 0x00, 0x27, 0x27, 0x27, 0xc4, 0xfd, 0x01, 0x00, 0x00, 0x27,
    0x27, 0x27, 0xd6, 0xfa, 0x01, 0x00, 0x00, 0x27, 0x27, 0x27, 0xe8, 0xf7, 0x01, 0x00, 0x00, 0x27,
    0x27, 0x27, 0xfa, 0xf4, 0x01, 0x00, 0x00, 0x27, 0x27, 0x27, 0x0c, 0xf2, 0x01, 0x00, 0x00, 0x27,
    0x27, 0x27, 0x1e, 0xef, 0x01, 0x00, 0x00, 0x27, 0x27, 0x27, 0x30, 0xec, 0x01, 0x00, 0x00, 0x27,
    0x27, 0x27, 0x42, 0xe9, 0x01, 0x00, 0x00, 0x27, 0x27, 0x27, 0x54, 0xe6, 0x01, 0x00, 0x00, 0x27,
    0x27, 0x27, 0x66, 0xe3, 0x01, 0x00, 0x00, 0x27, 0x27, 0x27, 0x78, 0xe0, 0x01, 0x00, 0x00, 0x27,
    0x27, 0x27, 0x7f, 0x8a, 0xdd, 0x01, 0x00, 0x00, 0x27, 0x27, 0x27, 0x9c, 0xda, 0x01, 0x00, 0x00,
    0x27, 0x27, 0x27, 0xae, 0xd7, 0x01, 0x00, 0x00, 0x27, 0x27, 0x27, 0xc0, 0xd4, 0x01, 0x00, 0x00,
    0x27, 0x27, 0x27, 0xd2, 0xd1, 0x01, 0x00, 0x00, 0x27, 0x27, 0x27, 0xe4, 0xce, 0x01, 0x00, 0x00,
    0x27, 0x27, 0x27, 0xf6, 0xcb, 0x01, 0x00, 0x00, 0x27, 0x27, 0x27, 0x08, 0xc9, 0x01, 0x00, 0x00,
    0x27, 0x27, 0x27, 0x1a, 0xc6, 0x01, 0x00, 0x00, 0x27, 0x27, 0x27, 0x2c, 0xc3, 0x01, 0x00, 0x00,
    0x27, 0x27, 0x27, 0x3e, 0xc0, 0x01, 0x00, 0x00, 0x27, 0x27, 0x27, 0x50, 0xbd, 0x01, 0x00, 0x00,
    0x27, 0x27, 0x27, 0x62, 0xba, 0x01, 0x00, 0x00, 0x27, 0x27, 0x27, 0x74, 0xb7, 0x01, 0x00, 0x00,
    0x27, 0x27, 0x27, 0x86, 0xb4, 0x01, 0x00, 0x00, 0x27, 0x27, 0x27, 0x98, 0xb1, 0x01, 0x00, 0x00,
    0x27, 0x27, 0x27, 0x5f, 0xaa, 0xae, 0x01, 0x00, 0x00, 0x27, 0x27, 0x27, 0xbc, 0xab, 0x01, 0x00,
    0x00, 0x27, 0x27, 0x27, 0xce, 0xa8, 0x01, 0x00, 0x00, 0x27, 0x27, 0x27, 0xe0, 0xa5, 0x01, 0x00,
    0x00, 0x27, 0x27, 0x27, 0xf2, 0xa2, 0x01, 0x00, 0x00, 0x27, 0x27, 0x27, 0x04, 0xa0, 0x01, 0x00,
    0x00, 0x27, 0x27, 0x27, 0x16, 0x9d, 0x01, 0x00, 0x00, 0x27, 0x27, 0x27, 0x28, 0x9a, 0x01, 0x00,
    0x00, 0x27, 0x27, 0x27, 0x3a, 0x97, 0x01, 0x00, 0x00, 0x27, 0x27, 0x27, 0x4c, 0x94, 0x01, 0x00,
    0x00, 0x27, 0x27, 0x27, 0x5e, 0x91, 0x01, 0x00, 0x00, 0x27, 0x27, 0x27, 0x70, 0x8e, 0x01, 0x00,
    0x00, 0x27, 0x27, 0x27, 0xff, 0x00, 0xff, 0x00, 0xf3, 0x00, 0x97, 0xff, 0x03, 0x79, 0x22, 0xa8,
    0x0f, 0x85, 0x00, 0x01, 0xff, 0xff, 0x87, 0x00, 0x02, 0x01, 0x00, 0x01, 0x8c, 0x00, 0x02, 0x02,
    0x00, 0x02, 0x8c, 0x00, 0x00, 0x0f, 0xff, 0x00, 0xff, 0x00, 0xbe, 0x00, 0x04, 0x08, 0x3d, 0x0c,
    0x00, 0x0f, 0x84, 0x00, 0x01, 0xff, 0xff, 0x83, 0x00, 0x00, 0x0f, 0x86, 0x00, 0x03, 0xd3, 0xbe,
    0xff, 0xff, 0xff, 0x00, 0x9f, 0x00, 0x00, 0x01, 0x8a, 0x00, 0x07, 0x80, 0x87, 0xff, 0xff, 0x00,
    0xff, 0xff, 0xff, 0xff, 0x00, 0xff, 0x00, 0xff, 0x00, 0xff, 0x00, 0xf7, 0x00, 0x7f, 0x90, 0xd0,
    0x03, 0x00, 0x00, 0x01, 0x0e, 0x18, 0xcc, 0xc6, 0x03, 0x00, 0x01, 0x18, 0x00, 0x0c, 0x08, 0xbd,
    0x03, 0x00, 0x02, 0x13, 0x0e, 0x0c, 0x44, 0xb3, 0x03, 0x00, 0x03, 0x0a, 0x04, 0x13, 0x80, 0xa9,
    0x03, 0x00, 0x04, 0x09, 0x14, 0x0d, 0xbc, 0x9f, 0x03, 0x00, 0x05, 0x07, 0x00, 0x13, 0xf8, 0x95,
    0x03, 0x00, 0x00, 0x18, 0x00, 0x0a, 0x34, 0x8c, 0x03, 0x00, 0x01, 0x12, 0x00, 0x08, 0x70, 0x82,
    0x03, 0x00, 0x02, 0x12, 0x14, 0x06, 0xac, 0x78, 0x03, 0x00, 0x03, 0x12, 0x08, 0x0d, 0xe8, 0x6e,
    0x03, 0x00, 0x00, 0x0a, 0x08, 0x13, 0x24, 0x65, 0x03, 0x00, 0x01, 0x00, 0x0c, 0x1e, 0x60, 0x5b,
    0x03, 0x00, 0x02, 0x12, 0x00, 0x04, 0x9c, 0x51, 0x03, 0x00, 0x03, 0x03, 0x15, 0x03, 0xd8, 0x47,
    0x03, 0x00, 0x04, 0x12, 0x0d, 0x03, 0x14, 0x3e, 0x03, 0x00, 0x05, 0x05, 0x14, 0x09, 0x7f, 0x50,
    0x34, 0x03, 0x00, 0x00, 0x08, 0x19, 0x14, 0x8c, 0x2a, 0x03, 0x00, 0x01, 0x08, 0x13, 0x0e, 0xc8,
    0x20, 0x03, 0x00, 0x02, 0x18, 0x00, 0x12, 0x04, 0x17, 0x03, 0x00, 0x03, 0x13, 0x0a, 0x0e, 0x22,
    0x12, 0x03, 0x00, 0x00, 0x27, 0x27, 0x27, 0x40, 0x0d, 0x03, 0x00, 0x00, 0x27, 0x27, 0x27, 0x5e,
    0x08, 0x03, 0x00, 0x00, 0x27, 0x27, 0x27, 0x7c, 0x03, 0x03, 0x00, 0x00, 0x27, 0x27, 0x27, 0x9a,
    0xfe, 0x02, 0x00, 0x00, 0x27, 0x27, 0x27, 0xb8, 0xf9, 0x02, 0x00, 0x00, 0x27, 0x27, 0x27, 0xd6,
    0xf4, 0x02, 0x00, 0x00, 0x27, 0x27, 0x27, 0xf4, 0xef, 0x02, 0x00, 0x00, 0x27, 0x27, 0x27, 0x12,
    0xeb, 0x02, 0x00, 0x00, 0x27, 0x27, 0x27, 0x30, 0xe6, 0x02, 0x00, 0x00, 0x27, 0x27, 0x27, 0x4e,
    0xe1, 0x02, 0x00, 0x00, 0x27, 0x27, 0x27, 0x6c, 0xdc, 0x02, 0x00, 0x00, 0x27, 0x27, 0x27, 0x7f,
    0x8a, 0xd7, 0x02, 0x00, 0x00, 0x27, 0x27, 0x27, 0xa8, 0xd2, 0x02, 0x00, 0x00, 0x27, 0x27, 0x27,
    0xc6, 0xcd, 0x02, 0x00, 0x00, 0x27, 0x27, 0x27, 0xe4, 0xc8, 0x02, 0x00, 0x00, 0x27, 0x27, 0x27,
    0x02, 0xc4, 0x02, 0x00, 0x00, 0x27, 0x27, 0x27, 0x20, 0xbf, 0x02, 0x00, 0x00, 0x27, 0x27, 0x27,
    0x3e, 0xba, 0x02, 0x00, 0x00, 0x27, 0x27, 0x27, 0x5c, 0xb5, 0x02, 0x00, 0x00, 0x27, 0x27, 0x27,
    0x7a, 0xb0, 0x02, 0x00, 0x00, 0x27, 0x27, 0x27, 0x98, 0xab, 0x02, 0x00, 0x00, 0x27, 0x27, 0x27,
    0xb6, 0xa6, 0x02, 0x00, 0x00, 0x27, 0x27, 0x27, 0xd4, 0xa1, 0x02, 0x00, 0x00, 0x27, 0x27, 0x27,
    0xf2, 0x9c, 0x02, 0x00, 0x00, 0x27, 0x27, 0x27, 0x10, 0x98, 0x02, 0x00, 0x00, 0x27, 0x27, 0x27,
    0x2e, 0x93, 0x02, 0x00, 0x00, 0x27, 0x27, 0x27, 0x4c, 0x8e, 0x02, 0x00, 0x00, 0x27, 0x27, 0x27,
    0x7f, 0x6a, 0x89, 0x02, 0x00, 0x00, 0x27, 0x27, 0x27, 0x88, 0x84, 0x02, 0x00, 0x00, 0x27, 0x27,
    0x27, 0xa6, 0x7f, 0x02, 0x00, 0x00, 0x27, 0x27, 0x27, 0xc4, 0x7a, 0x02, 0x00, 0x00, 0x27, 0x27,
    0x27, 0xe2, 0x75, 0x02, 0x00, 0x00, 0x27, 0x27, 0x27, 0x00, 0x71, 0x02, 0x00, 0x00, 0x27, 0x27,
    0x27, 0x1e, 0x6c, 0x02, 0x00, 0x00, 0x27, 0x27, 0x27, 0x3c, 0x67, 0x02, 0x00, 0x00, 0x27, 0x27,
    0x27, 0x5a, 0x62, 0x02, 0x00, 0x00, 0x27, 0x27, 0x27, 0x78, 0x5d, 0x02, 0x00, 0x00, 0x27, 0x27,
    0x27, 0x96, 0x58, 0x02, 0x00, 0x00, 0x27, 0x27, 0x27, 0xb4, 0x53, 0x02, 0x00, 0x00, 0x27, 0x27,
    0x27, 0xd2, 0x4e, 0x02, 0x00, 0x00, 0x27, 0x27, 0x27, 0xf0, 0x49, 0x02, 0x00, 0x00, 0x27, 0x27,
    0x27, 0x0e, 0x45, 0x02, 0x00, 0x00, 0x27, 0x27, 0x27, 0x2c, 0x40, 0x02, 0x00, 0x00, 0x27, 0x27,
    0x27, 0x7f, 0x4a, 0x3b, 0x02, 0x00, 0x00, 0x27, 0x27, 0x27, 0x68, 0x36, 0x02, 0x00, 0x00, 0x27,
    0x27, 0x27, 0x86, 0x31, 0x02, 0x00, 0x00, 0x27, 0x27, 0x27, 0xa4, 0x2c, 0x02, 0x00, 0x00, 0x27,
    0x27, 0x27, 0xc2, 0x27, 0x02, 0x00, 0x00, 0x27, 0x27, 0x27, 0xe0, 0x22, 0x02, 0x00, 0x00, 0x27,
    0x27, 0x27, 0xfe, 0x1d, 0x02, 0x00, 0x00, 0x27, 0x27, 0x27, 0x1c, 0x19, 0x02, 0x00, 0x00, 0x27,
    0x27, 0x27, 0x3a, 0x14, 0x02, 0x00, 0x00, 0x27, 0x27, 0x27, 0x58, 0x0f, 0x02, 0x00, 0x00, 0x27,
    0x27, 0x27, 0x76, 0x0a, 0x02, 0x00, 0x00, 0x27, 0x27, 0x27, 0x94, 0x05, 0x02, 0x00, 0x00, 0x27,
    0x27, 0x27, 0xb2, 0x00, 0x02, 0x00, 0x00, 0x27, 0x27, 0x27, 0xd0, 0xfb, 0x01, 0x00, 0x00, 0x27,
    0x27, 0x27, 0xee, 0xf6, 0x01, 0x00, 0x00, 0x27, 0x27, 0x27, 0x0c, 0xf2, 0x01, 0x00, 0x00, 0x27,
    0x27, 0x27, 0x7f, 0x2a, 0xed, 0x01, 0x00, 0x00, 0x27, 0x27, 0x27, 0x48, 0xe8, 0x01, 0x00, 0x00,
    0x27, 0x27, 0x27, 0x66, 0xe3, 0x01, 0x00, 0x00, 0x27, 0x27, 0x27, 0x84, 0xde, 0x01, 0x00, 0x00,
    0x27, 0x27, 0x27, 0xa2, 0xd9, 0x01, 0x00, 0x00, 0x27, 0x27, 0x27, 0xc0, 0xd4, 0x01, 0x00, 0x00,
    0x27, 0x27, 0x27, 0xde, 0xcf, 0x01, 0x00, 0x00, 0x27, 0x27, 0x27, 0xfc, 0xca, 0x01, 0x00, 0x00,
    0x27, 0x27, 0x27, 0x1a, 0xc6, 0x01, 0x00, 0x00, 0x27, 0x27, 0x27, 0x38, 0xc1, 0x01, 0x00, 0x00,
    0x27, 0x27, 0x27, 0x56, 0xbc, 0x01, 0x00, 0x00, 0x27, 0x27, 0x27, 0x74, 0xb7, 0x01, 0x00, 0x00,
    0x27, 0x27, 0x27, 0x92, 0xb2, 0x01, 0x00, 0x00, 0x27, 0x27, 0x27, 0xb0, 0xad, 0x01, 0x00, 0x00,
    0x27, 0x27, 0x27, 0xce, 0xa8, 0x01, 0x00, 0x00, 0x27, 0x27, 0x27, 0xec, 0xa3, 0x01, 0x00, 0x00,
    0x27, 0x27, 0x27, 0x7f, 0x0a, 0x9f, 0x01, 0x00, 0x00, 0x27, 0x27, 0x27, 0x28, 0x9a, 0x01, 0x00,
    0x00, 0x27, 0x27, 0x27, 0x46, 0x95, 0x01, 0x00, 0x00, 0x27, 0x27, 0x27, 0x64, 0x90, 0x01, 0x00,
    0x00, 0x27, 0x27, 0x27, 0x90, 0xd0, 0x03, 0x00, 0x00, 0x0e, 0x06, 0x14, 0xcc, 0xc6, 0x03, 0x00,
    0x01, 0x0d, 0x11, 0x08, 0x08, 0xbd, 0x03, 0x00, 0x02, 0x0a, 0x00, 0x0a, 0x44, 0xb3, 0x03, 0x00,
    0x03, 0x13, 0x0c, 0x00, 0x80, 0xa9, 0x03, 0x00, 0x04, 0x08, 0x16, 0x00, 0xbc, 0x9f, 0x03, 0x00,
    0x05, 0x0a, 0x00, 0x0d, 0xf8, 0x95, 0x03, 0x00, 0x00, 0x0c, 0x08, 0x0e, 0x34, 0x8c, 0x03, 0x00,
    0x01, 0x00, 0x13, 0x14, 0x70, 0x82, 0x03, 0x00, 0x02, 0x12, 0x08, 0x0c, 0xac, 0x78, 0x03, 0x00,
    0x03, 0x01, 0x14, 0x0d, 0xe8, 0x6e, 0x03, 0x00, 0x00, 0x00, 0x0d, 0x08, 0x24, 0x65, 0x03, 0x00,
    0x01, 0x0c, 0x00, 0x04, 0x7f, 0x60, 0x5b, 0x03, 0x00, 0x02, 0x12, 0x18, 0x14, 0x9c, 0x51, 0x03,
    0x00, 0x03, 0x12, 0x00, 0x13, 0xd8, 0x47, 0x03, 0x00, 0x04, 0x07, 0x08, 0x12, 0x14, 0x3e, 0x03,
    0x00, 0x05, 0x0d, 0x0e, 0x0c, 0x50, 0x34, 0x03, 0x00, 0x00, 0x09, 0x08, 0x0d, 0x8c, 0x2a, 0x03,
    0x00, 0x01, 0x13, 0x00, 0x0a, 0xc8, 0x20, 0x03, 0x00, 0x02, 0x0f, 0x04, 0x11, 0x04, 0x17, 0x03,
    0x00, 0x03, 0x00, 0x0c, 0x1d, 0x22, 0x12, 0x03, 0x00, 0x00, 0x27, 0x27, 0x27, 0x40, 0x0d, 0x03,
    0x00, 0x00, 0x27, 0x27, 0x27, 0x5e, 0x08, 0x03, 0x00, 0x00, 0x27, 0x27, 0x27, 0x7c, 0x03, 0x03,
    0x00, 0x00, 0x27, 0x27, 0x27, 0x9a, 0xfe, 0x02, 0x00, 0x00, 0x27, 0x27, 0x27, 0xb8, 0xf9, 0x02,
    0x00, 0x00, 0x27, 0x27, 0x27, 0xd6, 0xf4, 0x02, 0x00, 0x00, 0x27, 0x27, 0x27, 0xf4, 0xef, 0x02,
    0x00, 0x00, 0x27, 0x27, 0x27, 0x7f, 0x12, 0xeb, 0x02, 0x00, 0x00, 0x27, 0x27, 0x27, 0x30, 0xe6,
    0x02, 0x00, 0x00, 0x27, 0x27, 0x27, 0x4e, 0xe1, 0x02, 0x00, 0x00, 0x27, 0x27, 0x27, 0x6c, 0xdc,
    0x02, 0x00, 0x00, 0x27, 0x27, 0x27, 0x8a, 0xd7, 0x02, 0x00, 0x00, 0x27, 0x27, 0x27, 0xa8, 0xd2,
    0x02, 0x00, 0x00, 0x27, 0x27, 0x27, 0xc6, 0xcd, 0x02, 0x00, 0x00, 0x27, 0x27, 0x27, 0xe4, 0xc8,
    0x02, 0x00, 0x00, 0x27, 0x27, 0x27, 0x02, 0xc4, 0x02, 0x00, 0x00, 0x27, 0x27, 0x27, 0x20, 0xbf,
    0x02, 0x00, 0x00, 0x27, 0x27, 0x27, 0x3e, 0xba, 0x02, 0x00, 0x00, 0x27, 0x27, 0x27, 0x5c, 0xb5,
    0x02, 0x00, 0x00, 0x27, 0x27, 0x27, 0x7a, 0xb0, 0x02, 0x00, 0x00, 0x27, 0x27, 0x27, 0x98, 0xab,
    0x02, 0x00, 0x00, 0x27, 0x27, 0x27, 0xb6, 0xa6, 0x02, 0x00, 0x00, 0x27, 0x27, 0x27, 0xd4, 0xa1,
    0x02, 0x00, 0x00, 0x27, 0x27, 0x27, 0x7f, 0xf2, 0x9c, 0x02, 0x00, 0x00, 0x27, 0x27, 0x27, 0x10,
    0x98, 0x02, 0x00, 0x00, 0x27, 0x27, 0x27, 0x2e, 0x93, 0x02, 0x00, 0x00, 0x27, 0x27, 0x27, 0x4c,
    0x8e, 0x02, 0x00, 0x00, 0x27, 0x27, 0x27, 0x6a, 0x89, 0x02, 0x00, 0x00, 0x27, 0x27, 0x27, 0x88,
    0x84, 0x02, 0x00, 0x00, 0x27, 0x27, 0x27, 0xa6, 0x7f, 0x02, 0x00, 0x00, 0x27, 0x27, 0x27, 0xc4,
    0x7a, 0x02, 0x00, 0x00, 0x27, 0x27, 0x27, 0xe2, 0x75, 0x02, 0x00, 0x00, 0x27, 0x27, 0x27, 0x00,
    0x71, 0x02, 0x00, 0x00, 0x27, 0x27, 0x27, 0x1e, 0x6c, 0x02, 0x00, 0x00, 0x27, 0x27, 0x27, 0x3c,
    0x67, 0x02, 0x00, 0x00, 0x27, 0x27, 0x27, 0x5a, 0x62, 0x02, 0x00, 0x00, 0x27, 0x27, 0x27, 0x78,
    0x5d, 0x02, 0x00, 0x00, 0x27, 0x27, 0x27, 0x96, 0x58, 0x02, 0x00, 0x00, 0x27, 0x27, 0x27, 0xb4,
    0x53, 0x02, 0x00, 0x00, 0x27, 0x27, 0x27, 0x7f, 0xd2, 0x4e, 0x02, 0x00, 0x00, 0x27, 0x27, 0x27,
    0xf0, 0x49, 0x02, 0x00, 0x00, 0x27, 0x27, 0x27, 0x0e, 0x45, 0x02, 0x00, 0x00, 0x27, 0x27, 0x27,
    0x2c, 0x40, 0x02, 0x00, 0x00, 0x27, 0x27, 0x27, 0x4a, 0x3b, 0x02, 0x00, 0x00, 0x27, 0x27, 0x27,
    0x68, 0x36, 0x02, 0x00, 0x00, 0x27, 0x27, 0x27, 0x86, 0x31, 0x02, 0x00, 0x00, 0x27, 0x27, 0x27,
    0xa4, 0x2c, 0x02, 0x00, 0x00, 0x27, 0x27, 0x27, 0xc2, 0x27, 0x02, 0x00, 0x00, 0x27, 0x27, 0x27,
    0xe0, 0x22, 0x02, 0x00, 0x00, 0x27, 0x27, 0x27, 0xfe, 0x1d, 0x02, 0x00, 0x00, 0x27, 0x27, 0x27,
    0x1c, 0x19, 0x02, 0x00, 0x00, 0x27, 0x27, 0x27, 0x3a, 0x14, 0x02, 0x00, 0x00, 0x27, 0x27, 0x27,
    0x58, 0x0f, 0x02, 0x00, 0x00, 0x27, 0x27, 0x27, 0x76, 0x0a, 0x02, 0x00, 0x00, 0x27, 0x27, 0x27,
    0x94, 0x05, 0x02, 0x00, 0x00, 0x27, 0x27, 0x27, 0x7f, 0xb2, 0x00, 0x02, 0x00, 0x00, 0x27, 0x27,
    0x27, 0xd0, 0xfb, 0x01, 0x00, 0x00, 0x27, 0x27, 0x27, 0xee, 0xf6, 0x01, 0x00, 0x00, 0x27, 0x27,
    0x27, 0x0c, 0xf2, 0x01, 0x00, 0x00, 0x27, 0x27, 0x27, 0x2a, 0xed, 0x01, 0x00, 0x00, 0x27, 0x27,
    0x27, 0x48, 0xe8, 0x01, 0x00, 0x00, 0x27, 0x27, 0x27, 0x66, 0xe3, 0x01, 0x00, 0x00, 0x27, 0x27,
    0x27, 0x84, 0xde, 0x01, 0x00, 0x00, 0x27, 0x27, 0x27, 0xa2, 0xd9, 0x01, 0x00, 0x00, 0x27, 0x27,
    0x27, 0xc0, 0xd4, 0x01, 0x00, 0x00, 0x27, 0x27, 0x27, 0xde, 0xcf, 0x01, 0x00, 0x00, 0x27, 0x27,
    0x27, 0xfc, 0xca, 0x01, 0x00, 0x00, 0x27, 0x27, 0x27, 0x1a, 0xc6, 0x01, 0x00, 0x00, 0x27, 0x27,
    0x27, 0x38, 0xc1, 0x01, 0x00, 0x00, 0x27, 0x27, 0x27, 0x56, 0xbc, 0x01, 0x00, 0x00, 0x27, 0x27,
    0x27, 0x74, 0xb7, 0x01, 0x00, 0x00, 0x27, 0x27, 0x27, 0x7f, 0x92, 0xb2, 0x01, 0x00, 0x00, 0x27,
    0x27, 0x27, 0xb0, 0xad, 0x01, 0x00, 0x00, 0x27, 0x27, 0x27, 0xce, 0xa8, 0x01, 0x00, 0x00, 0x27,
    0x27, 0x27, 0xec, 0xa3, 0x01, 0x00, 0x00, 0x27, 0x27, 0x27, 0x0a, 0x9f, 0x01, 0x00, 0x00, 0x27,
    0x27, 0x27, 0x28, 0x9a, 0x01, 0x00, 0x00, 0x27, 0x27, 0x27, 0x46, 0x95, 0x01, 0x00, 0x00, 0x27,
    0x27, 0x27, 0x64, 0x90, 0x01, 0x00, 0x00, 0x27, 0x27, 0x27, 0x40, 0x0d, 0x03, 0x00, 0x00, 0x0e,
    0x06, 0x14, 0x70, 0x05, 0x03, 0x00, 0x01, 0x0d, 0x11, 0x08, 0xa0, 0xfd, 0x02, 0x00, 0x02, 0x0a,
    0x00, 0x0a, 0xd0, 0xf5, 0x02, 0x00, 0x03, 0x13, 0x0c, 0x00, 0x00, 0xee, 0x02, 0x00, 0x04, 0x08,
    0x16, 0x00, 0x30, 0xe6, 0x02, 0x00, 0x05, 0x0a, 0x00, 0x0d, 0x60, 0xde, 0x02, 0x00, 0x00, 0x0c,
    0x08, 0x0e, 0x90, 0xd6, 0x02, 0x00, 0x01, 0x00, 0x13, 0x14, 0x7f, 0xc0, 0xce, 0x02, 0x00, 0x02,
    0x12, 0x08, 0x0c, 0xf0, 0xc6, 0x02, 0x00, 0x03, 0x01, 0x14, 0x0d, 0x20, 0xbf, 0x02, 0x00, 0x00,
    0x00, 0x0d, 0x08, 0x50, 0xb7, 0x02, 0x00, 0x01, 0x0c, 0x00, 0x04, 0x80, 0xaf, 0x02, 0x00, 0x02,
    0x12, 0x18, 0x14, 0xb0, 0xa7, 0x02, 0x00, 0x03, 0x12, 0x00, 0x13, 0xe0, 0x9f, 0x02, 0x00, 0x04,
    0x07, 0x08, 0x12, 0x10, 0x98, 0x02, 0x00, 0x05, 0x0d, 0x0e, 0x0c, 0x40, 0x90, 0x02, 0x00, 0x00,
    0x09, 0x08, 0x0d, 0x70, 0x88, 0x02, 0x00, 0x01, 0x13, 0x00, 0x0a, 0xa0, 0x80, 0x02, 0x00, 0x02,
    0x0f, 0x04, 0x11, 0xd0, 0x78, 0x02, 0x00, 0x03, 0x00, 0x0c, 0x1d, 0xe2, 0x75, 0x02, 0x00, 0x00,
    0x27, 0x27, 0x27, 0xf4, 0x72, 0x02, 0x00, 0x00, 0x27, 0x27, 0x27, 0x06, 0x70, 0x02, 0x00, 0x00,
    0x27, 0x27, 0x27, 0x18, 0x6d, 0x02, 0x00, 0x00, 0x27, 0x27, 0x27, 0x7f, 0x2a, 0x6a, 0x02, 0x00,
    0x00, 0x27, 0x27, 0x27, 0x3c, 0x67, 0x02, 0x00, 0x00, 0x27, 0x27, 0x27, 0x4e, 0x64, 0x02, 0x00,
    0x00, 0x27, 0x27, 0x27, 0x60, 0x61, 0x02, 0x00, 0x00, 0x27, 0x27, 0x27, 0x72, 0x5e, 0x02, 0x00,
    0x00, 0x27, 0x27, 0x27, 0x84, 0x5b, 0x02, 0x00, 0x00, 0x27, 0x27, 0x27, 0x96, 0x58, 0x02, 0x00,
    0x00, 0x27, 0x27, 0x27, 0xa8, 0x55, 0x02, 0x00, 0x00, 0x27, 0x27, 0x27, 0xba, 0x52, 0x02, 0x00,
    0x00, 0x27, 0x27, 0x27, 0xcc, 0x4f, 0x02, 0x00, 0x00, 0x27, 0x27, 0x27, 0xde, 0x4c, 0x02, 0x00,
    0x00, 0x27, 0x27, 0x27, 0xf0, 0x49, 0x02, 0x00, 0x00, 0x27, 0x27, 0x27, 0x02, 0x47, 0x02, 0x00,
    0x00, 0x27, 0x27, 0x27, 0x14, 0x44, 0x02, 0x00, 0x00, 0x27, 0x27, 0x27, 0x26, 0x41, 0x02, 0x00,
    0x00, 0x27, 0x27, 0x27, 0x38, 0x3e, 0x02, 0x00, 0x00, 0x27, 0x27, 0x27, 0x7f, 0x4a, 0x3b, 0x02,
    0x00, 0x00, 0x27, 0x27, 0x27, 0x5c, 0x38, 0x02, 0x00, 0x00, 0x27, 0x27, 0x27, 0x6e, 0x35, 0x02,
    0x00, 0x00, 0x27, 0x27, 0x27, 0x80, 0x32, 0x02, 0x00, 0x00, 0x27, 0x27, 0x27, 0x92, 0x2f, 0x02,
    0x00, 0x00, 0x27, 0x27, 0x27, 0xa4, 0x2c, 0x02, 0x00, 0x00, 0x27, 0x27, 0x27, 0xb6, 0x29, 0x02,
    0x00, 0x00, 0x27, 0x27, 0x27, 0xc8, 0x26, 0x02, 0x00, 0x00, 0x27, 0x27, 0x27, 0xda, 0x23, 0x02,
    0x00, 0x00, 0x27, 0x27, 0x27, 0xec, 0x20, 0x02, 0x00, 0x00, 0x27, 0x27, 0x27, 0xfe, 0x1d, 0x02,
    0x00, 0x00, 0x27, 0x27, 0x27, 0x10, 0x1b, 0x02, 0x00, 0x00, 0x27, 0x27, 0x27, 0x22, 0x18, 0x02,
    0x00, 0x00, 0x27, 0x27, 0x27, 0x34, 0x15, 0x02, 0x00, 0x00, 0x27, 0x27, 0x27, 0x46, 0x12, 0x02,
    0x00, 0x00, 0x27, 0x27, 0x27, 0x58, 0x0f, 0x02, 0x00, 0x00, 0x27, 0x27, 0x27, 0x7f, 0x6a, 0x0c,
    0x02, 0x00, 0x00, 0x27, 0x27, 0x27, 0x7c, 0x09, 0x02, 0x00, 0x00, 0x27, 0x27, 0x27, 0x8e, 0x06,
    0x02, 0x00, 0x00, 0x27, 0x27, 0x27, 0xa0, 0x03, 0x02, 0x00, 0x00, 0x27, 0x27, 0x27, 0xb2, 0x00,
    0x02, 0x00, 0x00, 0x27, 0x27, 0x27, 0xc4, 0xfd, 0x01, 0x00, 0x00, 0x27, 0x27, 0x27, 0xd6, 0xfa,
    0x01, 0x00, 0x00, 0x27, 0x27, 0x27, 0xe8, 0xf7, 0x01, 0x00, 0x00, 0x27, 0x27, 0x27, 0xfa, 0xf4,
    0x01, 0x00, 0x00, 0x27, 0x27, 0x27, 0x0c, 0xf2, 0x01, 0x00, 0x00, 0x27, 0x27, 0x27, 0x1e, 0xef,
    0x01, 0x00, 0x00, 0x27, 0x27, 0x27, 0x30, 0xec, 0x01, 0x00, 0x00, 0x27, 0x27, 0x27, 0x42, 0xe9,
    0x01, 0x00, 0x00, 0x27, 0x27, 0x27, 0x54, 0xe6, 0x01, 0x00, 0x00, 0x27, 0x27, 0x27, 0x66, 0xe3,
    0x01, 0x00, 0x00, 0x27, 0x27, 0x27, 0x78, 0xe0, 0x01, 0x00, 0x00, 0x27, 0x27, 0x27, 0x7f, 0x8a,
    0xdd, 0x01, 0x00, 0x00, 0x27, 0x27, 0x27, 0x9c, 0xda, 0x01, 0x00, 0x00, 0x27, 0x27, 0x27, 0xae,
    0xd7, 0x01, 0x00, 0x00, 0x27, 0x27, 0x27, 0xc0, 0xd4, 0x01, 0x00, 0x00, 0x27, 0x27, 0x27, 0xd2,
    0xd1, 0x01, 0x00, 0x00, 0x27, 0x27, 0x27, 0xe4, 0xce, 0x01, 0x00, 0x00, 0x27, 0x27, 0x27, 0xf6,
    0xcb, 0x01, 0x00, 0x00, 0x27, 0x27, 0x27, 0x08, 0xc9, 0x01, 0x00, 0x00, 0x27, 0x27, 0x27, 0x1a,
    0xc6, 0x01, 0x00, 0x00, 0x27, 0x27, 0x27, 0x2c, 0xc3, 0x01, 0x00, 0x00, 0x27, 0x27, 0x27, 0x3e,
    0xc0, 0x01, 0x00, 0x00, 0x27, 0x27, 0x27, 0x50, 0xbd, 0x01, 0x00, 0x00, 0x27, 0x27, 0x27, 0x62,
    0xba, 0x01, 0x00, 0x00, 0x27, 0x27, 0x27, 0x74, 0xb7, 0x01, 0x00, 0x00, 0x27, 0x27, 0x27, 0x86,
    0xb4, 0x01, 0x00, 0x00, 0x27, 0x27, 0x27, 0x98, 0xb1, 0x01, 0x00, 0x00, 0x27, 0x27, 0x27, 0x5f,
    0xaa, 0xae, 0x01, 0x00, 0x00, 0x27, 0x27, 0x27, 0xbc, 0xab, 0x01, 0x00, 0x00, 0x27, 0x27, 0x27,
    0xce, 0xa8, 0x01, 0x00, 0x00, 0x27, 0x27, 0x27, 0xe0, 0xa5, 0x01, 0x00, 0x00, 0x27, 0x27, 0x27,
    0xf2, 0xa2, 0x01, 0x00, 0x00, 0x27, 0x27, 0x27, 0x04, 0xa0, 0x01, 0x00, 0x00, 0x27, 0x27, 0x27,
    0x16, 0x9d, 0x01, 0x00, 0x00, 0x27, 0x27, 0x27, 0x28, 0x9a, 0x01, 0x00, 0x00, 0x27, 0x27, 0x27,
    0x3a, 0x97, 0x01, 0x00, 0x00, 0x27, 0x27, 0x27, 0x4c, 0x94, 0x01, 0x00, 0x00, 0x27, 0x27, 0x27,
    0x5e, 0x91, 0x01, 0x00, 0x00, 0x27, 0x27, 0x27, 0x70, 0x8e, 0x01, 0x00, 0x00, 0x27, 0x27, 0x27,
    0xff, 0x00, 0xff, 0x00, 0xf3, 0x00, 0xff, 0xff, 0xff, 0xff, 0xff, 0xff, 0xff, 0xff, 0xff, 0xff,
    0xff, 0xff, 0xff, 0xff, 0xff, 0xff, 0xff, 0xff, 0xff, 0xff, 0xff, 0xff, 0xff, 0xff, 0xff, 0xff,
    0xff, 0xff, 0xff, 0xff, 0xff, 0xff, 0xff, 0xff, 0xff, 0xff, 0xff, 0xff, 0xff, 0xff, 0xff, 0xff,
    0xff, 0xff, 0xff, 0xff, 0xff, 0xff, 0xff, 0xff, 0xff, 0xff, 0xff, 0xff, 0xff, 0xff, 0xff, 0xff,
    0xff, 0xff, 0xff, 0xff, 0xff, 0xff, 0xff, 0xff, 0xff, 0xff, 0xff, 0xff, 0xff, 0xff, 0xff, 0xff,
    0xff, 0xff, 0xff, 0xff, 0xff, 0xff, 0xff, 0xff, 0xff, 0xff, 0xff, 0xff, 0xff, 0xff, 0xff, 0xff,
    0xff, 0xff, 0xff, 0xff, 0xff, 0xff, 0xff, 0xff, 0xff, 0xff, 0xff, 0xff, 0xff, 0xff, 0xff, 0xff,
    0xff, 0xff, 0xff, 0xff, 0xff, 0xff, 0xff, 0xff, 0xff, 0xff, 0xff, 0xff, 0xff, 0xff, 0xff, 0xff,
    0xff, 0xff, 0xff, 0xff, 0xff, 0xff, 0xff, 0xff, 0xc7, 0xff, 0x4a, 0x53, 0x45, 0x47, 0x41, 0x54,
    0x50, 0x53, 0x4b, 0x15, 0x13, 0xff, 0xff, 0x01, 0x00, 0x00, 0x00, 0x58, 0x00, 0xff, 0xff, 0x01,
    0x03, 0x00, 0x00, 0x00, 0x03, 0x00, 0x03, 0x00, 0x01, 0x01, 0x00, 0xb1, 0x4f, 0x4f, 0xb1, 0x80,
    0x80, 0xff, 0xff, 0xcd, 0xcc, 0x4c, 0xc0, 0x00, 0x00, 0xc0, 0xbf, 0xc2, 0x3e, 0x3e, 0xc2, 0x80,
    0x80, 0xff, 0xff, 0xcd, 0xcc, 0x4c, 0x40, 0x00, 0x00, 0xc0, 0xbf, 0xf2, 0xff, 0xff, 0xff, 0x00,
    0x00, 0x01, 0x00, 0x01, 0x00, 0x01, 0x84, 0x00, 0x05, 0x01, 0x00, 0x01, 0x00, 0x01, 0x00, 0xa9,
    0xff,
};

static constexpr u8 kVcop[] = {
    0x08, 0x53, 0x45, 0x47, 0x41, 0x55, 0x82, 0x01, 0x00, 0x0a, 0x87, 0x00, 0x05, 0x01, 0x01, 0x01,
    0x00, 0x01, 0x01, 0x83, 0x00, 0x00, 0x01, 0x83, 0x00, 0x13, 0x04, 0x05, 0x00, 0x00, 0x83, 0x00,
    0x24, 0x00, 0x76, 0x02, 0xa9, 0x01, 0x80, 0x00, 0x27, 0x00, 0x73, 0x02, 0xa9, 0x01, 0xcb, 0x00,
    0x08, 0x53, 0x45, 0x47, 0x41, 0x55, 0x82, 0x01, 0x00, 0x0a, 0x87, 0x00, 0x05, 0x01, 0x01, 0x01,
    0x00, 0x01, 0x01, 0x83, 0x00, 0x00, 0x01, 0x83, 0x00, 0x13, 0x04, 0x05, 0x00, 0x00, 0x83, 0x00,
    0x24, 0x00, 0x76, 0x02, 0xa9, 0x01, 0x80, 0x00, 0x27, 0x00, 0x73, 0x02, 0xa9, 0x01, 0xcb, 0x00,
    0x09, 0x53, 0x45, 0x47, 0x41, 0x06, 0x01, 0x00, 0x00, 0x60, 0x02, 0xf5, 0x00, 0x09, 0x53, 0x45,
    0x47, 0x41, 0x06, 0x01, 0x00, 0x00, 0x60, 0x02, 0xf5, 0x00, 0x10, 0x73, 0x65, 0x67, 0x61, 0x00,
    0xff, 0xff, 0xff, 0xa0, 0x86, 0x01, 0x00, 0x08, 0x00, 0x00, 0x00, 0x13, 0x86, 0x00, 0x02, 0x90,
    0x5f, 0x01, 0x84, 0x00, 0x10, 0x0a, 0x00, 0x00, 0x00, 0x08, 0x00, 0x00, 0x00, 0x80, 0x38, 0x01,
    0x00, 0x08, 0x00, 0x00, 0x00, 0x19, 0x86, 0x00, 0x24, 0x70, 0x11, 0x01, 0x00, 0x12, 0x00, 0x00,
    0x00, 0x04, 0x00, 0x00, 0x00, 0x0a, 0x00, 0x00, 0x00, 0x60, 0xea, 0x00, 0x00, 0x0a, 0x00, 0x00,
    0x00, 0x04, 0x00, 0x00, 0x00, 0x0d, 0x00, 0x00, 0x00, 0x50, 0xc3, 0x00, 0x00, 0x0c, 0x86, 0x00,
    0x05, 0x11, 0x00, 0x00, 0x00, 0x40, 0x9c, 0x85, 0x00, 0x10, 0x0e, 0x00, 0x00, 0x00, 0x02, 0x00,
    0x00, 0x00, 0x30, 0x75, 0x00, 0x00, 0x0e, 0x00, 0x00, 0x00, 0x12, 0x86, 0x00, 0x04, 0x20, 0x4e,
    0x00, 0x00, 0x12, 0x86, 0x00, 0x13, 0x0e, 0x00, 0x00, 0x00, 0x10, 0x27, 0x00, 0x00, 0x0d, 0x00,
    0x00, 0x00, 0x0e, 0x00, 0x00, 0x00, 0x0e, 0x00, 0x00, 0x00, 0xff, 0xff, 0xff, 0xff, 0xff, 0xff,
    0xff, 0xff, 0xff, 0xff, 0xff, 0xff, 0xff, 0xff, 0xff, 0xff, 0xff, 0xff, 0xff, 0xff, 0xff, 0xff,
    0xff, 0xff, 0xff, 0xff, 0xff, 0xff, 0xff, 0xff, 0xff, 0xff, 0xff, 0xff, 0xff, 0xff, 0xff, 0xff,
    0xff, 0xff, 0xff, 0xff, 0xff, 0xff, 0xff, 0xff, 0xff, 0xff, 0xff, 0xff, 0xff, 0xff, 0xff, 0xff,
    0xff, 0xff, 0xff, 0xff, 0xff, 0xff, 0xff, 0xff, 0xff, 0xff, 0xff, 0xff, 0xff, 0xff, 0xff, 0xff,
    0xff, 0xff, 0xff, 0xff, 0xff, 0xff, 0xff, 0xff, 0xff, 0xff, 0xff, 0xff, 0xff, 0xff, 0xff, 0xff,
    0xff, 0xff, 0xff, 0xff, 0xff, 0xff, 0xff, 0xff, 0xff, 0xff, 0xff, 0xff, 0xff, 0xff, 0xff, 0xff,
    0xff, 0xff, 0xff, 0xff, 0xff, 0xff, 0xff, 0xff, 0xff, 0xff, 0xff, 0xff, 0xff, 0xff, 0xff, 0xff,
    0xff, 0xff, 0xff, 0xff, 0xff, 0xff, 0xff, 0xff, 0xff, 0xff, 0xff, 0xff, 0xff, 0xff, 0xff, 0xff,
    0xff, 0xff, 0xff, 0xff, 0xff, 0xff, 0xff, 0xff, 0xff, 0xff, 0xff, 0xff, 0xff, 0xff, 0xff, 0xff,
    0xff, 0xff, 0xff, 0xff, 0xff, 0xff, 0xff, 0xff, 0xff, 0xff, 0xff, 0xff, 0xff, 0xff, 0xff, 0xff,
    0xff, 0xff, 0xff, 0xff, 0xff, 0xff, 0xff, 0xff, 0xff, 0xff, 0xff, 0xff, 0xff, 0xff, 0xff, 0xff,
    0xff, 0xff, 0xff, 0xff, 0xff, 0xff, 0xff, 0xff, 0xff, 0xff, 0xff, 0xff, 0xff, 0xff, 0xff, 0xff,
    0xff, 0xff, 0xff, 0xff, 0xff, 0xff, 0xff, 0xff, 0xff, 0xff, 0xff, 0xff, 0xff, 0xff, 0xff, 0xff,
    0xff, 0xff, 0xff, 0xff, 0xff, 0xff, 0xff, 0xff, 0xff, 0xff, 0xff, 0xff, 0xff, 0xff, 0xff, 0xff,
    0xff, 0xff, 0xff, 0xff, 0xff, 0xff, 0xff, 0xff, 0xff, 0xff, 0xff, 0xff, 0xff, 0xff, 0xcf, 0xff,
    0x07, 0x62, 0x72, 0x6f, 0x6b, 0x65, 0x65, 0x65, 0x70, 0xff, 0xff,
};

static constexpr u8 kVcop2[] = {
    0x09, 0x53, 0x45, 0x47, 0x41, 0x28, 0x82, 0x02, 0x00, 0x83, 0x92, 0x86, 0x00, 0x05, 0x01, 0x01,
    0x01, 0x00, 0x01, 0x01, 0x83, 0x00, 0x05, 0x01, 0x00, 0x01, 0x00, 0x01, 0x01, 0x8e, 0x00, 0x23,
    0x04, 0x03, 0x00, 0x00, 0x89, 0x00, 0x24, 0x00, 0x76, 0x02, 0xa9, 0x01, 0x86, 0x00, 0x24, 0x00,
    0x73, 0x02, 0xa9, 0x01, 0xa0, 0x00, 0x24, 0x00, 0x76, 0x02, 0xa9, 0x01, 0x9d, 0x00, 0x24, 0x00,
    0x73, 0x02, 0xa9, 0x01, 0xa7, 0x00, 0x0d, 0x01, 0x00, 0x00, 0x00, 0x53, 0x45, 0x47, 0x41, 0x28,
    0x82, 0x02, 0x00, 0x83, 0x92, 0x86, 0x00, 0x05, 0x01, 0x01, 0x01, 0x00, 0x01, 0x01, 0x83, 0x00,
    0x05, 0x01, 0x00, 0x01, 0x00, 0x01, 0x01, 0x8e, 0x00, 0x23, 0x04, 0x03, 0x00, 0x00, 0x89, 0x00,
    0x24, 0x00, 0x76, 0x02, 0xa9, 0x01, 0x86, 0x00, 0x24, 0x00, 0x73, 0x02, 0xa9, 0x01, 0xa0, 0x00,
    0x24, 0x00, 0x76, 0x02, 0xa9, 0x01, 0x9d, 0x00, 0x24, 0x00, 0x73, 0x02, 0xa9, 0x01, 0xa7, 0x00,
    0x00, 0x01, 0x86, 0x00, 0x05, 0xb5, 0x40, 0x00, 0x00, 0xb0, 0x01, 0xf9, 0x00, 0x05, 0xb5, 0x40,
    0x00, 0x00, 0xb0, 0x01, 0xf5, 0x00, 0xff, 0xff, 0xff, 0xff, 0xff, 0xff, 0xff, 0xff, 0xff, 0xff,
    0xff, 0xff, 0xff, 0xff, 0xff, 0xff, 0xff, 0xff, 0xff, 0xff, 0xff, 0xff, 0xff, 0xff, 0xff, 0xff,
    0xff, 0xff, 0xff, 0xff, 0xff, 0xff, 0xff, 0xff, 0xff, 0xff, 0xff, 0xff, 0xff, 0xff, 0xff, 0xff,
    0xff, 0xff, 0xff, 0xff, 0xff, 0xff, 0xff, 0xff, 0xff, 0xff, 0xff, 0xff, 0xff, 0xff, 0xff, 0xff,
    0xff, 0xff, 0xff, 0xff, 0xff, 0xff, 0xff, 0xff, 0xff, 0xff, 0xff, 0xff, 0xff, 0xff, 0xff, 0xff,
    0xff, 0xff, 0xff, 0xff, 0xff, 0xff, 0xff, 0xff, 0xff, 0xff, 0xff, 0xff, 0xff, 0xff, 0xff, 0xff,
    0xff, 0xff, 0xff, 0xff, 0xff, 0xff, 0xff, 0xff, 0xff, 0xff, 0xff, 0xff, 0xff, 0xff, 0xff, 0xff,
    0xff, 0xff, 0xff, 0xff, 0xff, 0xff, 0xff, 0xff, 0xff, 0xff, 0xff, 0xff, 0xff, 0xff, 0xff, 0xff,
    0xff, 0xff, 0xff, 0xff, 0xff, 0xff, 0xff, 0xff, 0xff, 0xff, 0xff, 0xff, 0xff, 0xff, 0xff, 0xff,
    0xff, 0xff, 0xff, 0xff, 0xff, 0xff, 0xff, 0xff, 0xff, 0xff, 0xff, 0xff, 0xff, 0xff, 0xff, 0xff,
    0xff, 0xff, 0xff, 0xff, 0xff, 0xff, 0xff, 0xff, 0xff, 0xff, 0xff, 0xff, 0xff, 0xff, 0xff, 0xff,
    0xff, 0xff, 0xff, 0xff, 0xff, 0xff, 0xff, 0xff, 0xff, 0xff, 0xff, 0xff, 0xff, 0xff, 0xff, 0xff,
    0xff, 0xff, 0xff, 0xff, 0xff, 0xff, 0xff, 0xff, 0xff, 0xff, 0xff, 0xff, 0xff, 0xff, 0xff, 0xff,
    0xff, 0xff, 0xff, 0xff, 0xff, 0xff, 0xff, 0xff, 0xff, 0xff, 0xff, 0xff, 0xff, 0xff, 0xff, 0xff,
    0xff, 0xff, 0xff, 0xff, 0xff, 0xff, 0xff, 0xff, 0xff, 0xff, 0xff, 0xff, 0xff, 0xff, 0xff, 0xff,
    0xff, 0xff, 0xff, 0xff, 0xff, 0xff, 0xff, 0xff, 0xff, 0xff, 0xff, 0xff, 0xf7, 0xff, 0x07, 0x62,
    0x72, 0x6f, 0x6b, 0x65, 0x65, 0x65, 0x70, 0xff, 0xff,
};

static constexpr u8 kVf2[] = {
    0x00, 0x00, 0xff, 0x7f, 0xff, 0x7f, 0xff, 0x7f, 0xff, 0x7f, 0xff, 0x7f, 0xff, 0x7f, 0xff, 0x7f,
    0xff, 0x7f, 0xd2, 0x7f, 0x00, 0x00, 0xff, 0x7f, 0xff, 0x7f, 0xff, 0x7f, 0xff, 0x7f, 0xff, 0x7f,
    0xff, 0x7f, 0xff, 0x7f, 0xff, 0x7f, 0xd2, 0x7f, 0x00, 0x00, 0xff, 0x7f, 0xff, 0x7f, 0xff, 0x7f,
    0xff, 0x7f, 0xff, 0x7f, 0xff, 0x7f, 0xff, 0x7f, 0xff, 0x7f, 0xd2, 0x7f, 0x00, 0x00, 0xff, 0x7f,
    0xff, 0x7f, 0xff, 0x7f, 0xff, 0x7f, 0xff, 0x7f, 0xff, 0x7f, 0xff, 0x7f, 0xff, 0x7f, 0xd2, 0x7f,
    0x00, 0x00, 0xff, 0x7f, 0xff, 0x7f, 0xff, 0x7f, 0xff, 0x7f, 0xff, 0x7f, 0xff, 0x7f, 0xff, 0x7f,
    0xff, 0x7f, 0xd2, 0x7f, 0x00, 0x00, 0xff, 0x7f, 0xff, 0x7f, 0xff, 0x7f, 0xff, 0x7f, 0xff, 0x7f,
    0xff, 0x7f, 0xff, 0x7f, 0xff, 0x7f, 0xd2, 0x7f, 0x00, 0x00, 0xff, 0x7f, 0xff, 0x7f, 0xff, 0x7f,
    0xff, 0x7f, 0xff, 0x7f, 0xff, 0x7f, 0xff, 0x7f, 0xff, 0x7f, 0xd2, 0x7f, 0x00, 0x00, 0xff, 0x7f,
    0xff, 0x7f, 0xff, 0x7f, 0xff, 0x7f, 0xff, 0x7f, 0xff, 0x7f, 0xff, 0x7f, 0xff, 0x7f, 0xd2, 0x7f,
    0x00, 0x00, 0xff, 0x7f, 0xff, 0x7f, 0xff, 0x7f, 0xff, 0x7f, 0xff, 0x7f, 0xff, 0x7f, 0xff, 0x7f,
    0xff, 0x7f, 0xd2, 0x7f, 0x00, 0x00, 0xff, 0x7f, 0xff, 0x7f, 0xff, 0x7f, 0xff, 0x7f, 0xff, 0x7f,
    0xff, 0x7f, 0xff, 0x7f, 0xff, 0x7f, 0xd2, 0x7f, 0x00, 0x00, 0xff, 0x7f, 0xff, 0x7f, 0xff, 0x7f,
    0xff, 0x7f, 0xff, 0x7f, 0xff, 0x7f, 0xff, 0x7f, 0xff, 0x7f, 0xd2, 0x7f, 0xe3, 0xff, 0x01, 0x00,
    0x00, 0xff, 0xff, 0xfd, 0xff, 0x0a, 0xe0, 0x93, 0x04, 0x00, 0x59, 0x55, 0x2e, 0x00, 0x00, 0x00,
    0x05, 0x84, 0x00, 0x0a, 0x98, 0x9f, 0x04, 0x00, 0x49, 0x4b, 0x45, 0x00, 0x00, 0x00, 0x06, 0x84,
    0x00, 0x0a, 0x50, 0xab, 0x04, 0x00, 0x49, 0x5a, 0x41, 0x00, 0x00, 0x00, 0x07, 0x84, 0x00, 0x0a,
    0x08, 0xb7, 0x04, 0x00, 0x54, 0x41, 0x4b, 0x00, 0x00, 0x00, 0x08, 0x84, 0x00, 0x0a, 0xc0, 0xc2,
    0x04, 0x00, 0x53, 0x49, 0x4e, 0x00, 0x00, 0x00, 0x0a, 0x84, 0x00, 0x06, 0x78, 0xce, 0x04, 0x00,
    0x49, 0x4e, 0x4f, 0x88, 0x00, 0x0a, 0x30, 0xda, 0x04, 0x00, 0x54, 0x4f, 0x4d, 0x00, 0x00, 0x00,
    0x01, 0x84, 0x00, 0x0a, 0xe8, 0xe5, 0x04, 0x00, 0x4f, 0x47, 0x55, 0x00, 0x00, 0x00, 0x02, 0x84,
    0x00, 0x0a, 0xa0, 0xf1, 0x04, 0x00, 0x48, 0x49, 0x44, 0x00, 0x00, 0x00, 0x03, 0x84, 0x00, 0x0a,
    0x58, 0xfd, 0x04, 0x00, 0x4f, 0x53, 0x49, 0x00, 0x00, 0x00, 0x04, 0x84, 0x00, 0x0a, 0x10, 0x09,
    0x05, 0x00, 0x4a, 0x45, 0x46, 0x00, 0x00, 0x00, 0x05, 0x84, 0x00, 0x0a, 0xc8, 0x14, 0x05, 0x00,
    0x4d, 0x49, 0x55, 0x00, 0x00, 0x00, 0x06, 0x84, 0x00, 0x0a, 0x80, 0x20, 0x05, 0x00, 0x49, 0x53,
    0x4f, 0x00, 0x00, 0x00, 0x07, 0x84, 0x00, 0x0a, 0x38, 0x2c, 0x05, 0x00, 0x59, 0x41, 0x4d, 0x00,
    0x00, 0x00, 0x08, 0x84, 0x00, 0x0a, 0xf0, 0x37, 0x05, 0x00, 0x4f, 0x53, 0x41, 0x00, 0x00, 0x00,
    0x0a, 0x84, 0x00, 0x06, 0xa8, 0x43, 0x05, 0x00, 0x4b, 0x41, 0x4b, 0x88, 0x00, 0x0a, 0x60, 0x4f,
    0x05, 0x00, 0x59, 0x41, 0x4b, 0x00, 0x00, 0x00, 0x01, 0x84, 0x00, 0x0a, 0x18, 0x5b, 0x05, 0x00,
    0x4b, 0x41, 0x4f, 0x00, 0x00, 0x00, 0x02, 0xff, 0x00, 0xe4, 0x00, 0x18, 0xeb, 0x0a, 0xba, 0x88,
    0x00, 0x00, 0x18, 0x00, 0x56, 0x49, 0x52, 0x54, 0x55, 0x41, 0x20, 0x46, 0x49, 0x47, 0x48, 0x54,
    0x45, 0x52, 0x20, 0x32, 0xaa, 0x8f, 0x00, 0x85, 0x02, 0x90, 0xff, 0x01, 0x02, 0x02, 0x8c, 0x01,
    0x0d, 0x0f, 0x00, 0x00, 0xa0, 0x00, 0xc8, 0x00, 0x40, 0x40, 0x40, 0x25, 0x25, 0x25, 0x1f, 0xa2,
    0xff, 0xff, 0x00, 0xff, 0x00, 0xff, 0x00, 0xff, 0x00, 0xff, 0x00, 0xff, 0x00, 0xff, 0x00, 0xff,
    0x00, 0xff, 0x00, 0xff, 0x00, 0xff, 0x00, 0xff, 0x00, 0xff, 0x00, 0xff, 0x00, 0xff, 0x00, 0xff,
    0x00, 0xff, 0x00, 0xff, 0x00, 0xff, 0x00, 0xff, 0x00, 0xff, 0x00, 0xff, 0x00, 0xff, 0x00, 0xff,
    0x00, 0xff, 0x00, 0xff, 0xff,
};

static constexpr u8 kVon[] = {
    0x1a, 0x53, 0x45, 0x47, 0x41, 0x2e, 0x41, 0x4d, 0x23, 0x33, 0x2e, 0x56, 0x52, 0x4f, 0x4e, 0x2e,
    0x00, 0x0c, 0x02, 0x00, 0x00, 0x02, 0xa0, 0x11, 0x0b, 0x11, 0x11, 0x11, 0x84, 0x00, 0x0a, 0x01,
    0x00, 0x02, 0x00, 0x00, 0x03, 0x01, 0x00, 0x02, 0x00, 0x01, 0x84, 0x00, 0x07, 0x01, 0x00, 0x01,
    0x00, 0x00, 0x01, 0x00, 0xff, 0x9b, 0x00, 0x00, 0x08, 0x8a, 0x00, 0x83, 0xff, 0xff, 0x00, 0xdf,
    0x00, 0x54, 0x4d, 0x53, 0x42, 0x00, 0xd0, 0x64, 0x04, 0x00, 0x4d, 0x53, 0x42, 0x00, 0xd0, 0x64,
    0x04, 0x00, 0x4d, 0x53, 0x42, 0x00, 0xd0, 0x64, 0x04, 0x00, 0x4d, 0x53, 0x42, 0x00, 0xd0, 0x64,
    0x04, 0x00, 0x4d, 0x53, 0x42, 0x00, 0xd0, 0x64, 0x04, 0x00, 0x4d, 0x53, 0x42, 0x00, 0xd0, 0x64,
    0x04, 0x00, 0x4d, 0x53, 0x42, 0x00, 0xd0, 0x64, 0x04, 0x00, 0x4d, 0x53, 0x42, 0x00, 0xd0, 0x64,
    0x04, 0x00, 0x4d, 0x53, 0x42, 0x00, 0xd0, 0x64, 0x04, 0x00, 0x4d, 0x53, 0x42, 0x00, 0xd0, 0x64,
    0x04, 0x00, 0x4d, 0x53, 0x42, 0x00, 0x05, 0x86, 0x00, 0x04, 0x4d, 0x53, 0x42, 0x00, 0x05, 0x86,
    0x00, 0x04, 0x4d, 0x53, 0x42, 0x00, 0x05, 0x86, 0x00, 0x04, 0x4d, 0x53, 0x42, 0x00, 0x05, 0x86,
    0x00, 0x04, 0x4d, 0x53, 0x42, 0x00, 0x05, 0x86, 0x00, 0x04, 0x4d, 0x53, 0x42, 0x00, 0x05, 0x86,
    0x00, 0x04, 0x4d, 0x53, 0x42, 0x00, 0x05, 0x86, 0x00, 0x04, 0x4d, 0x53, 0x42, 0x00, 0x05, 0x86,
    0x00, 0x04, 0x4d, 0x53, 0x42, 0x00, 0x05, 0x86, 0x00, 0x04, 0x4d, 0x53, 0x42, 0x00, 0x05, 0x86,
    0x00, 0x1a, 0x53, 0x45, 0x47, 0x41, 0x2e, 0x41, 0x4d, 0x23, 0x33, 0x2e, 0x56, 0x52, 0x4f, 0x4e,
    0x2e, 0x00, 0x0c, 0x02, 0x00, 0x00, 0x02, 0xa0, 0x11, 0x0b, 0x11, 0x11, 0x11, 0x84, 0x00, 0x0a,
    0x01, 0x00, 0x02, 0x00, 0x00, 0x03, 0x01, 0x00, 0x02, 0x00, 0x01, 0x84, 0x00, 0x07, 0x01, 0x00,
    0x01, 0x00, 0x00, 0x01, 0x00, 0xff, 0x9b, 0x00, 0x00, 0x08, 0x8a, 0x00, 0x83, 0xff, 0xff, 0x00,
    0xdf, 0x00, 0x54, 0x4d, 0x53, 0x42, 0x00, 0xd0, 0x64, 0x04, 0x00, 0x4d, 0x53, 0x42, 0x00, 0xd0,
    0x64, 0x04, 0x00, 0x4d, 0x53, 0x42, 0x00, 0xd0, 0x64, 0x04, 0x00, 0x4d, 0x53, 0x42, 0x00, 0xd0,
    0x64, 0x04, 0x00, 0x4d, 0x53, 0x42, 0x00, 0xd0, 0x64, 0x04, 0x00, 0x4d, 0x53, 0x42, 0x00, 0xd0,
    0x64, 0x04, 0x00, 0x4d, 0x53, 0x42, 0x00, 0xd0, 0x64, 0x04, 0x00, 0x4d, 0x53, 0x42, 0x00, 0xd0,
    0x64, 0x04, 0x00, 0x4d, 0x53, 0x42, 0x00, 0xd0, 0x64, 0x04, 0x00, 0x4d, 0x53, 0x42, 0x00, 0xd0,
    0x64, 0x04, 0x00, 0x4d, 0x53, 0x42, 0x00, 0x05, 0x86, 0x00, 0x04, 0x4d, 0x53, 0x42, 0x00, 0x05,
    0x86, 0x00, 0x04, 0x4d, 0x53, 0x42, 0x00, 0x05, 0x86, 0x00, 0x04, 0x4d, 0x53, 0x42, 0x00, 0x05,
    0x86, 0x00, 0x04, 0x4d, 0x53, 0x42, 0x00, 0x05, 0x86, 0x00, 0x04, 0x4d, 0x53, 0x42, 0x00, 0x05,
    0x86, 0x00, 0x04, 0x4d, 0x53, 0x42, 0x00, 0x05, 0x86, 0x00, 0x04, 0x4d, 0x53, 0x42, 0x00, 0x05,
    0x86, 0x00, 0x04, 0x4d, 0x53, 0x42, 0x00, 0x05, 0x86, 0x00, 0x04, 0x4d, 0x53, 0x42, 0x00, 0x05,
    0x86, 0x00, 0xff, 0xff, 0xff, 0xff, 0xff, 0xff, 0xff, 0xff, 0xff, 0xff, 0xff, 0xff, 0xff, 0xff,
    0xff, 0xff, 0xff, 0xff, 0xff, 0xff, 0xff, 0xff, 0xff, 0xff, 0xff, 0xff, 0xff, 0xff, 0xff, 0xff,
    0xff, 0xff, 0xff, 0xff, 0xff, 0xff, 0xff, 0xff, 0xff, 0xff, 0xff, 0xff, 0xff, 0xff, 0xff, 0xff,
    0xff, 0xff, 0xff, 0xff, 0xff, 0xff, 0xff, 0xff, 0xff, 0xff, 0xff, 0xff, 0xff, 0xff, 0xff, 0xff,
    0xff, 0xff, 0xff, 0xff, 0xff, 0xff, 0xff, 0xff, 0xff, 0xff, 0xff, 0xff, 0xff, 0xff, 0xff, 0xff,
    0xff, 0xff, 0xff, 0xff, 0xff, 0xff, 0xff, 0xff, 0xff, 0xff, 0xff, 0xff, 0xff, 0xff, 0xff, 0xff,
    0xff, 0xff, 0xff, 0xff, 0xff, 0xff, 0xff, 0xff, 0xff, 0xff, 0xff, 0xff, 0xff, 0xff, 0xff, 0xff,
    0xff, 0xff, 0xff, 0xff, 0xff, 0xff, 0xff, 0xff, 0xff, 0xff, 0xff, 0xff, 0xff, 0xff, 0xff, 0xff,
    0xff, 0xff, 0xff, 0xff, 0xff, 0xff, 0xff, 0xff, 0xff, 0xff, 0xff, 0xff, 0xff, 0xff, 0xff, 0xff,
    0xff, 0xff, 0xff, 0xff, 0xff, 0xff, 0xff, 0xff, 0xff, 0xff, 0xff, 0xff, 0xff, 0xff, 0xff, 0xff,
    0xff, 0xff, 0xff, 0xff, 0xff, 0xff, 0xff, 0xff, 0xff, 0xff, 0xff, 0xff, 0xff, 0xff, 0xff, 0xff,
    0xff, 0xff, 0xff, 0xff, 0xff, 0xff, 0xff, 0xff, 0xff, 0xff, 0xff, 0xff, 0xff, 0xff, 0xff, 0xff,
    0xff, 0xff, 0xff, 0xff, 0xff, 0xff, 0xff, 0xff, 0xff, 0xff, 0xff, 0xff, 0xff, 0xff, 0xff, 0xff,
    0xff, 0xff, 0xff, 0xff, 0xff, 0xff, 0xff, 0xff, 0xff, 0xff, 0xff, 0xff, 0xff, 0xff, 0xff, 0xff,
    0xff, 0xff, 0xff, 0xff, 0xff, 0xff, 0xff, 0xff, 0xff, 0xff, 0xff, 0xff, 0xff, 0xff, 0xff, 0xff,
    0xe7, 0xff, 0x14, 0x53, 0x45, 0x47, 0x41, 0x4d, 0x53, 0x42, 0x34, 0xf3, 0x22, 0xff, 0xff, 0x01,
    0x00, 0x00, 0x00, 0x11, 0x0b, 0x11, 0x11, 0x11, 0x84, 0x00, 0x0a, 0x01, 0x00, 0x02, 0x00, 0x00,
    0x03, 0x01, 0x00, 0x02, 0x00, 0x01, 0x84, 0x00, 0x06, 0x01, 0x00, 0x01, 0x00, 0x00, 0x01, 0x00,
    0x8a, 0xff, 0x14, 0x53, 0x45, 0x47, 0x41, 0x4d, 0x53, 0x42, 0x34, 0xf3, 0x22, 0xff, 0xff, 0x01,
    0x00, 0x00, 0x00, 0x11, 0x0b, 0x11, 0x11, 0x11, 0x84, 0x00, 0x0a, 0x01, 0x00, 0x02, 0x00, 0x00,
    0x03, 0x01, 0x00, 0x02, 0x00, 0x01, 0x84, 0x00, 0x06, 0x01, 0x00, 0x01, 0x00, 0x00, 0x01, 0x00,
    0x92, 0xff,
};

static constexpr u8 kVstriker[] = {
    0x0a, 0x53, 0x45, 0x47, 0x41, 0x12, 0x82, 0x02, 0x00, 0x7d, 0xd7, 0x01, 0x85, 0x00, 0x08, 0x01,
    0x01, 0x01, 0x00, 0x01, 0x01, 0x00, 0x00, 0x00, 0x83, 0x01, 0x03, 0x00, 0x00, 0x01, 0x03, 0xd9,
    0x00, 0x0e, 0x01, 0x00, 0x00, 0x00, 0x53, 0x45, 0x47, 0x41, 0x12, 0x82, 0x02, 0x00, 0x7d, 0xd7,
    0x01, 0x85, 0x00, 0x08, 0x01, 0x01, 0x01, 0x00, 0x01, 0x01, 0x00, 0x00, 0x00, 0x83, 0x01, 0x03,
    0x00, 0x00, 0x01, 0x03, 0xd9, 0x00, 0x00, 0x01, 0x86, 0x00, 0x05, 0xe3, 0x93, 0x00, 0x00, 0x80,
    0x03, 0xf9, 0x00, 0x05, 0xe3, 0x93, 0x00, 0x00, 0x80, 0x03, 0xf5, 0x00, 0x83, 0xff, 0x01, 0x60,
    0x78, 0x83, 0xff, 0x1f, 0x0b, 0x1b, 0x0a, 0x12, 0x1d, 0x0a, 0x1c, 0x20, 0x0e, 0x17, 0x0e, 0x1d,
    0x10, 0x0e, 0x1b, 0x0a, 0x1b, 0x10, 0x0e, 0x17, 0x10, 0x1c, 0x19, 0x0a, 0x0d, 0x0e, 0x17, 0x0c,
    0x18, 0x15, 0x03, 0x03, 0x83, 0x02, 0x17, 0x01, 0x01, 0x00, 0x00, 0x08, 0x07, 0x07, 0x06, 0x05,
    0x04, 0x04, 0x03, 0x03, 0x02, 0x10, 0x04, 0x06, 0x08, 0x07, 0x11, 0x01, 0x03, 0x00, 0x0f, 0xbd,
    0xff, 0x01, 0x60, 0x78, 0x83, 0xff, 0x1f, 0x0b, 0x1b, 0x0a, 0x12, 0x1d, 0x0a, 0x1c, 0x20, 0x0e,
    0x17, 0x0e, 0x1d, 0x10, 0x0e, 0x1b, 0x0a, 0x1b, 0x10, 0x0e, 0x17, 0x10, 0x1c, 0x19, 0x0a, 0x0d,
    0x0e, 0x17, 0x0c, 0x18, 0x15, 0x03, 0x03, 0x83, 0x02, 0x17, 0x01, 0x01, 0x00, 0x00, 0x08, 0x07,
    0x07, 0x06, 0x05, 0x04, 0x04, 0x03, 0x03, 0x02, 0x10, 0x04, 0x06, 0x08, 0x07, 0x11, 0x01, 0x03,
    0x00, 0x0f, 0xff, 0xff, 0xff, 0xff, 0xff, 0xff, 0xff, 0xff, 0xff, 0xff, 0xff, 0xff, 0xff, 0xff,
    0xff, 0xff, 0xff, 0xff, 0xff, 0xff, 0xff, 0xff, 0xff, 0xff, 0xff, 0xff, 0xff, 0xff, 0xff, 0xff,
    0xff, 0xff, 0xff, 0xff, 0xff, 0xff, 0xff, 0xff, 0xff, 0xff, 0xff, 0xff, 0xff, 0xff, 0xff, 0xff,
    0xff, 0xff, 0xff, 0xff, 0xff, 0xff, 0xff, 0xff, 0xff, 0xff, 0xff, 0xff, 0xff, 0xff, 0xff, 0xff,
    0xff, 0xff, 0xff, 0xff, 0xff, 0xff, 0xff, 0xff, 0xff, 0xff, 0xff, 0xff, 0xff, 0xff, 0xff, 0xff,
    0xff, 0xff, 0xff, 0xff, 0xff, 0xff, 0xff, 0xff, 0xff, 0xff, 0xff, 0xff, 0xff, 0xff, 0xff, 0xff,
    0xff, 0xff, 0xff, 0xff, 0xff, 0xff, 0xff, 0xff, 0xff, 0xff, 0xff, 0xff, 0xff, 0xff, 0xff, 0xff,
    0xff, 0xff, 0xff, 0xff, 0xff, 0xff, 0xff, 0xff, 0xff, 0xff, 0xff, 0xff, 0xff, 0xff, 0xff, 0xff,
    0xff, 0xff, 0xff, 0xff, 0xff, 0xff, 0xff, 0xff, 0xff, 0xff, 0xff, 0xff, 0xff, 0xff, 0xff, 0xff,
    0xff, 0xff, 0xff, 0xff, 0xff, 0xff, 0xff, 0xff, 0xff, 0xff, 0xff, 0xff, 0xff, 0xff, 0xff, 0xff,
    0xff, 0xff, 0xff, 0xff, 0xff, 0xff, 0xff, 0xff, 0xff, 0xff, 0xff, 0xff, 0xff, 0xff, 0xff, 0xff,
    0xff, 0xff, 0xff, 0xff, 0xff, 0xff, 0xff, 0xff, 0xff, 0xff, 0xff, 0xff, 0xff, 0xff, 0xff, 0xff,
    0xff, 0xff, 0xff, 0xff, 0xff, 0xff, 0xff, 0xff, 0xff, 0xff, 0xff, 0xff, 0xff, 0xff, 0xff, 0xff,
    0xff, 0xff, 0xff, 0xff, 0xff, 0xff, 0xff, 0xff, 0xff, 0xff, 0xff, 0xff, 0xff, 0xff, 0xff, 0xff,
    0xff, 0xff, 0xff, 0xff, 0xff, 0xff, 0xff, 0xff, 0xff, 0xff, 0xff, 0xff, 0xff, 0xff, 0xff, 0xff,
    0xff, 0xff, 0xff, 0xff, 0xff, 0xff, 0xff, 0xff, 0xb9, 0xff,
};

static constexpr u8 kWaverunr[] = {
    0x83, 0x00, 0x05, 0x54, 0x04, 0x1f, 0xe2, 0xf3, 0xa0, 0x8d, 0x00, 0x87, 0xff, 0x9d, 0x00, 0x3f,
    0xf0, 0x42, 0x00, 0x00, 0xf0, 0x42, 0x00, 0x00, 0xf0, 0x42, 0x00, 0x00, 0xf0, 0x42, 0x00, 0x00,
    0xf0, 0x42, 0x00, 0x00, 0xf0, 0x42, 0x00, 0x00, 0xf0, 0x42, 0x00, 0x00, 0xf0, 0x42, 0x00, 0x00,
    0xfa, 0x43, 0x00, 0x00, 0xfa, 0x43, 0x00, 0x00, 0xfa, 0x43, 0x00, 0x00, 0xfa, 0x43, 0x00, 0x00,
    0xfa, 0x43, 0x00, 0x00, 0xfa, 0x43, 0x00, 0x00, 0xfa, 0x43, 0x00, 0x00, 0xfa, 0x43, 0xf3, 0xa0,
    0x8d, 0x00, 0x87, 0xff, 0x9d, 0x00, 0x3d, 0xf0, 0x42, 0x00, 0x00, 0xf0, 0x42, 0x00, 0x00, 0xf0,
    0x42, 0x00, 0x00, 0xf0, 0x42, 0x00, 0x00, 0xf0, 0x42, 0x00, 0x00, 0xf0, 0x42, 0x00, 0x00, 0xf0,
    0x42, 0x00, 0x00, 0xf0, 0x42, 0x00, 0x00, 0xfa, 0x43, 0x00, 0x00, 0xfa, 0x43, 0x00, 0x00, 0xfa,
    0x43, 0x00, 0x00, 0xfa, 0x43, 0x00, 0x00, 0xfa, 0x43, 0x00, 0x00, 0xfa, 0x43, 0x00, 0x00, 0xfa,
    0x43, 0x00, 0x00, 0xfa, 0x43, 0x9b, 0x00, 0x7f, 0xfc, 0x50, 0x00, 0x00, 0x07, 0x00, 0x14, 0x00,
    0x46, 0x46, 0x46, 0xff, 0x1f, 0x05, 0x21, 0x43, 0x08, 0x02, 0x04, 0x00, 0x46, 0x46, 0x46, 0xff,
    0x63, 0x2e, 0x21, 0x43, 0x11, 0x14, 0x0d, 0x00, 0x46, 0x46, 0x46, 0xff, 0xa8, 0x57, 0x21, 0x43,
    0x0e, 0x1a, 0x0e, 0x00, 0x46, 0x46, 0x46, 0xff, 0xec, 0x80, 0x21, 0x43, 0x12, 0x02, 0x07, 0x00,
    0x46, 0x46, 0x46, 0xff, 0x31, 0xaa, 0x21, 0x43, 0x07, 0x1a, 0x1e, 0x00, 0x46, 0x46, 0x46, 0xff,
    0x75, 0xd3, 0x21, 0x43, 0x08, 0x1a, 0x1d, 0x00, 0x46, 0x46, 0x46, 0xff, 0xb9, 0xfc, 0x21, 0x43,
    0x00, 0x27, 0x1f, 0x00, 0x46, 0x46, 0x46, 0xff, 0xfe, 0x25, 0x22, 0x43, 0x00, 0x1a, 0x14, 0x00,
    0x46, 0x46, 0x46, 0xff, 0x42, 0x4f, 0x22, 0x43, 0x00, 0x1a, 0x14, 0x00, 0x46, 0x46, 0x46, 0xff,
    0x87, 0x78, 0x22, 0x43, 0x1b, 0x1c, 0x1a, 0x00, 0x7f, 0x46, 0x46, 0x46, 0xff, 0xcb, 0xa1, 0x22,
    0x43, 0x00, 0x1a, 0x14, 0x00, 0x46, 0x46, 0x46, 0xff, 0x0f, 0xcb, 0x22, 0x43, 0x02, 0x01, 0x02,
    0x00, 0x46, 0x46, 0x46, 0xff, 0x54, 0xf4, 0x22, 0x43, 0x23, 0x02, 0x07, 0x00, 0x46, 0x46, 0x46,
    0xff, 0x98, 0x1d, 0x23, 0x43, 0x02, 0x01, 0x02, 0x00, 0x46, 0x46, 0x46, 0xff, 0xdd, 0x46, 0x23,
    0x43, 0x12, 0x1b, 0x04, 0x00, 0x46, 0x46, 0x46, 0xff, 0x21, 0x70, 0x23, 0x43, 0x13, 0x1a, 0x13,
    0x00, 0x46, 0x46, 0x46, 0xff, 0x65, 0x99, 0x23, 0x43, 0x18, 0x1a, 0x0e, 0x00, 0x46, 0x46, 0x46,
    0xff, 0xaa, 0xc2, 0x23, 0x43, 0x04, 0x1a, 0x14, 0x00, 0x46, 0x46, 0x46, 0xff, 0xee, 0xeb, 0x23,
    0x43, 0x0b, 0x04, 0x13, 0x00, 0x46, 0x46, 0x46, 0xff, 0x33, 0x15, 0x24, 0x43, 0x1d, 0x14, 0x12,
    0x00, 0x46, 0x46, 0x46, 0xff, 0x77, 0x3e, 0x24, 0x43, 0x7f, 0x06, 0x0e, 0x1b, 0x00, 0x46, 0x46,
    0x46, 0xff, 0xbb, 0x67, 0x24, 0x43, 0x1d, 0x1d, 0x1d, 0x00, 0x46, 0x46, 0x46, 0xff, 0x00, 0x91,
    0x24, 0x43, 0x18, 0x1a, 0x08, 0x00, 0x46, 0x46, 0x46, 0x00, 0x44, 0xba, 0x24, 0x43, 0x18, 0x1a,
    0x08, 0x00, 0x46, 0x46, 0x46, 0xff, 0x89, 0xe3, 0x24, 0x43, 0x07, 0x18, 0x0e, 0x00, 0x46, 0x46,
    0x46, 0xff, 0xcd, 0x0c, 0x25, 0x43, 0x13, 0x00, 0x0d, 0x00, 0x46, 0x46, 0x46, 0xff, 0x12, 0x36,
    0x25, 0x43, 0x18, 0x00, 0x1b, 0x00, 0x46, 0x46, 0x46, 0xff, 0x56, 0x5f, 0x25, 0x43, 0x14, 0x05,
    0x0e, 0x00, 0x46, 0x46, 0x46, 0xff, 0x9a, 0x88, 0x25, 0x43, 0x12, 0x0f, 0x02, 0x00, 0x46, 0x46,
    0x46, 0xff, 0xdf, 0xb1, 0x25, 0x43, 0x0c, 0x08, 0x12, 0x00, 0x46, 0x46, 0x46, 0xff, 0x23, 0xdb,
    0x25, 0x43, 0x0d, 0x09, 0x19, 0x00, 0x46, 0x46, 0x46, 0xff, 0x7f, 0x68, 0x04, 0x26, 0x43, 0x0a,
    0x11, 0x11, 0x00, 0x46, 0x46, 0x46, 0xff, 0xac, 0x2d, 0x26, 0x43, 0x16, 0x00, 0x12, 0x00, 0x46,
    0x46, 0x46, 0xff, 0xf0, 0x56, 0x26, 0x43, 0x0e, 0x16, 0x0b, 0x00, 0x46, 0x46, 0x46, 0xff, 0x35,
    0x80, 0x26, 0x43, 0x03, 0x03, 0x01, 0x00, 0x46, 0x46, 0x46, 0xff, 0x79, 0xa9, 0x26, 0x43, 0x07,
    0x00, 0x0a, 0x00, 0x46, 0x46, 0x46, 0xff, 0xbe, 0xd2, 0x26, 0x43, 0x05, 0x0b, 0x0e, 0x00, 0x46,
    0x46, 0x46, 0xff, 0x02, 0xfc, 0x26, 0x43, 0x13, 0x0e, 0x01, 0x00, 0x46, 0x46, 0x46, 0xff, 0x46,
    0x25, 0x27, 0x43, 0x03, 0x0e, 0x0b, 0x00, 0x46, 0x46, 0x46, 0xff, 0x8b, 0x4e, 0x27, 0x43, 0x0f,
    0x0d, 0x06, 0x00, 0x46, 0x46, 0x46, 0xff, 0xcf, 0x77, 0x27, 0x43, 0x12, 0x07, 0x11, 0x00, 0x46,
    0x46, 0x46, 0xff, 0x14, 0xa1, 0x27, 0x43, 0x00, 0x0d, 0x06, 0x00, 0x7f, 0x46, 0x46, 0x46, 0xff,
    0x58, 0xca, 0x27, 0x43, 0x0c, 0x0d, 0x01, 0x00, 0x46, 0x46, 0x46, 0xff, 0x9c, 0xf3, 0x27, 0x43,
    0x0a, 0x00, 0x0c, 0x00, 0x46, 0x46, 0x46, 0xff, 0xe1, 0x1c, 0x28, 0x43, 0x07, 0x08, 0x13, 0x00,
    0x46, 0x46, 0x46, 0xff, 0x25, 0x46, 0x28, 0x43, 0x0a, 0x11, 0x06, 0x00, 0x46, 0x46, 0x46, 0xff,
    0x6a, 0x6f, 0x28, 0x43, 0x08, 0x0a, 0x00, 0x00, 0x46, 0x46, 0x46, 0xff, 0xae, 0x98, 0x28, 0x43,
    0x13, 0x00, 0x0a, 0x00, 0x46, 0x46, 0x46, 0xff, 0xf2, 0xc1, 0x28, 0x43, 0x1d, 0x1d, 0x1d, 0x00,
    0x46, 0x46, 0x46, 0xff, 0x37, 0xeb, 0x28, 0x43, 0x03, 0x1a, 0x01, 0x00, 0x46, 0x46, 0x46, 0xff,
    0x7b, 0x14, 0x29, 0x43, 0x18, 0x1a, 0x00, 0x00, 0x46, 0x46, 0x46, 0xff, 0xc0, 0x3d, 0x29, 0x43,
    0x0d, 0x1a, 0x12, 0x00, 0x46, 0x46, 0x46, 0xff, 0x04, 0x67, 0x29, 0x43, 0x7f, 0x00, 0x1a, 0x04,
    0x00, 0x46, 0x46, 0x46, 0xff, 0x48, 0x90, 0x29, 0x43, 0x0c, 0x1a, 0x01, 0x00, 0x46, 0x46, 0x46,
    0xff, 0x8d, 0xb9, 0x29, 0x43, 0x08, 0x1a, 0x00, 0x00, 0x46, 0x46, 0x46, 0xff, 0xd1, 0xe2, 0x29,
    0x43, 0x13, 0x1a, 0x0b, 0x00, 0x46, 0x46, 0x46, 0xff, 0x16, 0x0c, 0x2a, 0x43, 0x04, 0x1a, 0x0b,
    0x00, 0x46, 0x46, 0x46, 0x00, 0x5a, 0x35, 0x2a, 0x43, 0x1d, 0x1d, 0x1d, 0x00, 0x46, 0x46, 0x46,
    0xff, 0x9e, 0x5e, 0x2a, 0x43, 0x1b, 0x1c, 0x1a, 0x00, 0x46, 0x46, 0x46, 0xff, 0xe3, 0x87, 0x2a,
    0x43, 0x07, 0x08, 0x13, 0x00, 0x46, 0x46, 0x46, 0xff, 0x27, 0xb1, 0x2a, 0x43, 0x1b, 0x1b, 0x1b,
    0x00, 0x46, 0x46, 0x46, 0xff, 0x6c, 0xda, 0x2a, 0x43, 0x12, 0x0c, 0x08, 0x00, 0x46, 0x46, 0x46,
    0xff, 0xb0, 0x03, 0x2b, 0x43, 0x0b, 0x04, 0x1b, 0x00, 0x46, 0x46, 0x46, 0xff, 0x7f, 0xf4, 0x2c,
    0x2b, 0x43, 0x0a, 0x1a, 0x05, 0x00, 0x46, 0x46, 0x46, 0xff, 0x39, 0x56, 0x2b, 0x43, 0x0e, 0x0a,
    0x1a, 0x00, 0x46, 0x46, 0x46, 0xff, 0x7d, 0x7f, 0x2b, 0x43, 0x05, 0x08, 0x12, 0x00, 0x46, 0x46,
    0x46, 0xff, 0xc2, 0xa8, 0x2b, 0x43, 0x07, 0x1b, 0x1b, 0x00, 0x46, 0x46, 0x46, 0xff, 0x06, 0xd2,
    0x2b, 0x43, 0x0d, 0x1a, 0x14, 0x00, 0x46, 0x46, 0x46, 0xff, 0x4a, 0xfb, 0x2b, 0x43, 0x08, 0x02,
    0x04, 0x00, 0x46, 0x46, 0x46, 0xff, 0x8f, 0x24, 0x2c, 0x43, 0x04, 0x1a, 0x18, 0x00, 0x46, 0x46,
    0x46, 0xff, 0xd3, 0x4d, 0x2c, 0x43, 0x18, 0x1a, 0x0e, 0x00, 0x46, 0x46, 0x46, 0xff, 0x18, 0x77,
    0x2c, 0x43, 0x13, 0x1a, 0x0a, 0x00, 0x46, 0x46, 0x46, 0xff, 0x5c, 0xa0, 0x2c, 0x43, 0x00, 0x1a,
    0x00, 0x00, 0x46, 0x46, 0x46, 0xff, 0xa0, 0xc9, 0x2c, 0x43, 0x07, 0x1a, 0x04, 0x00, 0x7f, 0x46,
    0x46, 0x46, 0xff, 0xe5, 0xf2, 0x2c, 0x43, 0x13, 0x1a, 0x0d, 0x00, 0x46, 0x46, 0x46, 0xff, 0x29,
    0x1c, 0x2d, 0x43, 0x00, 0x1a, 0x07, 0x00, 0x46, 0x46, 0x46, 0xff, 0x6e, 0x45, 0x2d, 0x43, 0x18,
    0x1a, 0x13, 0x00, 0x46, 0x46, 0x46, 0xff, 0xb2, 0x6e, 0x2d, 0x43, 0x0a, 0x1a, 0x13, 0x00, 0x46,
    0x46, 0x46, 0xff, 0xf6, 0x97, 0x2d, 0x43, 0x12, 0x13, 0x11, 0x00, 0x46, 0x46, 0x46, 0xff, 0x3b,
    0xc1, 0x2d, 0x43, 0x0c, 0x01, 0x0b, 0x00, 0x46, 0x46, 0x46, 0xff, 0x7f, 0xea, 0x2d, 0x43, 0x0a,
    0x19, 0x11, 0x00, 0x46, 0x46, 0x46, 0xff, 0xc4, 0x13, 0x2e, 0x43, 0x02, 0x01, 0x1d, 0x00, 0x46,
    0x46, 0x46, 0xff, 0x08, 0x3d, 0x2e, 0x43, 0x22, 0x1e, 0x1e, 0x00, 0x46, 0x46, 0x46, 0xff, 0x4c,
    0x66, 0x2e, 0x43, 0x12, 0x14, 0x0f, 0x00, 0x46, 0x46, 0x46, 0xff, 0x91, 0x8f, 0x2e, 0x43, 0x7f,
    0x04, 0x11, 0x1d, 0x00, 0x46, 0x46, 0x46, 0xff, 0xd5, 0xb8, 0x2e, 0x43, 0x05, 0x0e, 0x14, 0x00,
    0x46, 0x46, 0x46, 0xff, 0x1a, 0xe2, 0x2e, 0x43, 0x11, 0x1a, 0x1a, 0x00, 0x46, 0x46, 0x46, 0xff,
    0x5e, 0x0b, 0x2f, 0x43, 0x00, 0x0c, 0x1f, 0x00, 0x46, 0x46, 0x46, 0xff, 0xa2, 0x34, 0x2f, 0x43,
    0x11, 0x1d, 0x03, 0x00, 0x46, 0x46, 0x46, 0xff, 0xe7, 0x5d, 0x2f, 0x43, 0x13, 0x1a, 0x12, 0x00,
    0x46, 0x46, 0x46, 0xff, 0x2b, 0x87, 0x2f, 0x43, 0x08, 0x1a, 0x0a, 0x00, 0x46, 0x46, 0x46, 0x00,
    0x70, 0xb0, 0x2f, 0x43, 0x00, 0x1a, 0x18, 0x00, 0x46, 0x46, 0x46, 0xff, 0xb4, 0xd9, 0x2f, 0x43,
    0x13, 0x1a, 0x18, 0x00, 0x46, 0x46, 0x46, 0xff, 0xf8, 0x02, 0x30, 0x43, 0x00, 0x1a, 0x16, 0x00,
    0x46, 0x46, 0x46, 0xff, 0x3d, 0x2c, 0x30, 0x43, 0x00, 0x1a, 0x14, 0x00, 0x46, 0x46, 0x46, 0xff,
    0x7f, 0x81, 0x55, 0x30, 0x43, 0x14, 0x0f, 0x1d, 0x00, 0x46, 0x46, 0x46, 0xff, 0xc6, 0x7e, 0x30,
    0x43, 0x03, 0x16, 0x0d, 0x00, 0x46, 0x46, 0x46, 0xff, 0x0a, 0xa8, 0x30, 0x43, 0x06, 0x0e, 0x1d,
    0x00, 0x46, 0x46, 0x46, 0xff, 0x4e, 0xd1, 0x30, 0x43, 0x02, 0x0c, 0x0d, 0x00, 0x46, 0x46, 0x46,
    0xff, 0x93, 0xfa, 0x30, 0x43, 0x16, 0x1d, 0x11, 0x00, 0x46, 0x46, 0x46, 0xff, 0x29, 0x9c, 0x35,
    0x43, 0x1d, 0x1d, 0x14, 0x00, 0x46, 0x46, 0x46, 0xff, 0x6d, 0xc5, 0x35, 0x43, 0x00, 0x1d, 0x0d,
    0x00, 0x46, 0x46, 0x46, 0xff, 0xb2, 0xee, 0x35, 0x43, 0x1d, 0x1d, 0x0d, 0x00, 0x46, 0x46, 0x46,
    0xff, 0xf6, 0x17, 0x36, 0x43, 0x15, 0x1d, 0x04, 0x00, 0x46, 0x46, 0x46, 0xff, 0x3b, 0x41, 0x36,
    0x43, 0x1d, 0x1d, 0x11, 0x00, 0x46, 0x46, 0x46, 0xff, 0x7f, 0x6a, 0x36, 0x43, 0x04, 0x1d, 0x1b,
    0x00, 0x7f, 0x46, 0x46, 0x46, 0xff, 0xc3, 0x93, 0x36, 0x43, 0x0e, 0x0d, 0x01, 0x00, 0x46, 0x46,
    0x46, 0xff, 0x08, 0xbd, 0x36, 0x43, 0x14, 0x0e, 0x0c, 0x00, 0x46, 0x46, 0x46, 0xff, 0x4c, 0xe6,
    0x36, 0x43, 0x00, 0x13, 0x00, 0x00, 0x46, 0x46, 0x46, 0xff, 0x91, 0x0f, 0x37, 0x43, 0x12, 0x04,
    0x12, 0x00, 0x46, 0x46, 0x46, 0xff, 0xd5, 0x38, 0x37, 0x43, 0x08, 0x0c, 0x00, 0x00, 0x46, 0x46,
    0x46, 0xff, 0x19, 0x62, 0x37, 0x43, 0x12, 0x08, 0x13, 0x00, 0x46, 0x46, 0x46, 0xff, 0x5e, 0x8b,
    0x37, 0x43, 0x00, 0x0b, 0x0e, 0x00, 0x46, 0x46, 0x46, 0xff, 0xa2, 0xb4, 0x37, 0x43, 0x02, 0x00,
    0x0b, 0x00, 0x46, 0x46, 0x46, 0xff, 0xe7, 0xdd, 0x37, 0x43, 0x19, 0x0e, 0x0e, 0x00, 0x46, 0x46,
    0x46, 0xff, 0x2b, 0x07, 0x38, 0x43, 0x12, 0x00, 0x08, 0x00, 0x46, 0x46, 0x46, 0xff, 0x6f, 0x30,
    0x38, 0x43, 0x7f, 0x0a, 0x0e, 0x1b, 0x00, 0x46, 0x46, 0x46, 0xff, 0xb4, 0x59, 0x38, 0x43, 0x1f,
    0x1a, 0x01, 0x00, 0x46, 0x46, 0x46, 0xff, 0xf8, 0x82, 0x38, 0x43, 0x20, 0x1a, 0x03, 0x00, 0x46,
    0x46, 0x46, 0xff, 0x3d, 0xac, 0x38, 0x43, 0x21, 0x1a, 0x02, 0x00, 0x46, 0x46, 0x46, 0xff, 0x81,
    0xd5, 0x38, 0x43, 0x1f, 0x1e, 0x1f, 0x00, 0x46, 0x46, 0x46, 0xff, 0xc5, 0xfe, 0x38, 0x43, 0x20,
    0x1e, 0x26, 0x00, 0x46, 0x46, 0x46, 0xff, 0x0a, 0x28, 0x39, 0x43, 0x21, 0x1e, 0x1f, 0x00, 0x46,
    0x46, 0x46, 0x00, 0x4e, 0x51, 0x39, 0x43, 0x08, 0x16, 0x00, 0x00, 0x46, 0x46, 0x46, 0xff, 0x93,
    0x7a, 0x39, 0x43, 0x13, 0x12, 0x14, 0x00, 0x46, 0x46, 0x46, 0xff, 0xd7, 0xa3, 0x39, 0x43, 0x0a,
    0x00, 0x1a, 0x00, 0x46, 0x46, 0x46, 0xff, 0x1c, 0xcd, 0x39, 0x43, 0x01, 0x0d, 0x0a, 0x00, 0x46,
    0x46, 0x46, 0xff, 0x7f, 0x60, 0xf6, 0x39, 0x43, 0x07, 0x00, 0x0f, 0x00, 0x46, 0x46, 0x46, 0xff,
    0xa4, 0x1f, 0x3a, 0x43, 0x0f, 0x0e, 0x1a, 0x00, 0x46, 0x46, 0x46, 0xff, 0xe9, 0x48, 0x3a, 0x43,
    0x0a, 0x00, 0x18, 0x00, 0x46, 0x46, 0x46, 0xff, 0x2d, 0x72, 0x3a, 0x43, 0x11, 0x0e, 0x19, 0x00,
    0x46, 0x46, 0x46, 0xff, 0x72, 0x9b, 0x3a, 0x43, 0x06, 0x0e, 0x14, 0x00, 0x46, 0x46, 0x46, 0xff,
    0xb6, 0xc4, 0x3a, 0x43, 0x0d, 0x0c, 0x11, 0x00, 0x46, 0x46, 0x46, 0xff, 0xfa, 0xed, 0x3a, 0x43,
    0x06, 0x0a, 0x0a, 0x00, 0x46, 0x46, 0x46, 0xff, 0x3f, 0x17, 0x3b, 0x43, 0x03, 0x1a, 0x03, 0x00,
    0x46, 0x46, 0x46, 0xff, 0x83, 0x40, 0x3b, 0x43, 0x04, 0x1a, 0x0e, 0x00, 0x46, 0x46, 0x46, 0xff,
    0xc8, 0x69, 0x3b, 0x43, 0x04, 0x1a, 0x12, 0x00, 0x46, 0x46, 0x46, 0xff, 0x0c, 0x93, 0x3b, 0x43,
    0x0d, 0x1a, 0x14, 0x00, 0x7f, 0x46, 0x46, 0x46, 0xff, 0x50, 0xbc, 0x3b, 0x43, 0x1a, 0x1a, 0x14,
    0x00, 0x46, 0x46, 0x46, 0xff, 0x95, 0xe5, 0x3b, 0x43, 0x00, 0x1a, 0x14, 0x00, 0x46, 0x46, 0x46,
    0xff, 0xd9, 0x0e, 0x3c, 0x43, 0x13, 0x0f, 0x03, 0x00, 0x46, 0x46, 0x46, 0xff, 0x1e, 0x38, 0x3c,
    0x43, 0x10, 0x13, 0x1d, 0x00, 0x46, 0x46, 0x46, 0xff, 0x62, 0x61, 0x3c, 0x43, 0x03, 0x0e, 0x1b,
    0x00, 0x46, 0x46, 0x46, 0xff, 0xa6, 0x8a, 0x3c, 0x43, 0x06, 0x04, 0x0d, 0x00, 0x46, 0x46, 0x46,
    0xff, 0xeb, 0xb3, 0x3c, 0x43, 0x0a, 0x00, 0x13, 0x00, 0x46, 0x46, 0x46, 0xff, 0x2f, 0xdd, 0x3c,
    0x43, 0x07, 0x0e, 0x12, 0x00, 0x46, 0x46, 0x46, 0xff, 0x74, 0x06, 0x3d, 0x43, 0x08, 0x12, 0x08,
    0x00, 0x46, 0x46, 0x46, 0xff, 0xb8, 0x2f, 0x3d, 0x43, 0x0a, 0x08, 0x13, 0x00, 0x46, 0x46, 0x46,
    0xff, 0xfc, 0x58, 0x3d, 0x43, 0x7f, 0x14, 0x04, 0x0d, 0x00, 0x46, 0x46, 0x46, 0xff, 0x41, 0x82,
    0x3d, 0x43, 0x00, 0x0c, 0x1f, 0x00, 0x46, 0x46, 0x46, 0xff, 0x85, 0xab, 0x3d, 0x43, 0x00, 0x1a,
    0x14, 0x00, 0x46, 0x46, 0x46, 0xff, 0xca, 0xd4, 0x3d, 0x43, 0x00, 0x0c, 0x00, 0x00, 0x46, 0x46,
    0x46, 0xff, 0x0e, 0xfe, 0x3d, 0x43, 0x18, 0x1a, 0x0e, 0x00, 0x46, 0x46, 0x46, 0xff, 0x52, 0x27,
    0x3e, 0x43, 0x16, 0x1a, 0x04, 0x00, 0x46, 0x46, 0x46, 0xff, 0x97, 0x50, 0x3e, 0x43, 0x00, 0x1a,
    0x15, 0x00, 0x46, 0x46, 0x46, 0xff, 0xdb, 0x79, 0x3e, 0x43, 0x15, 0x1a, 0x00, 0x00, 0x46, 0x46,
    0x46, 0xff, 0x20, 0xa3, 0x3e, 0x43, 0x04, 0x1a, 0x16, 0x00, 0x46, 0x46, 0x46, 0x00, 0x64, 0xcc,
    0x3e, 0x43, 0x25, 0x25, 0x25, 0x00, 0x46, 0x46, 0x46, 0xff, 0xa8, 0xf5, 0x3e, 0x43, 0x18, 0x1a,
    0x08, 0x00, 0x46, 0x46, 0x46, 0xff, 0x7f, 0xed, 0x1e, 0x3f, 0x43, 0x10, 0x13, 0x1a, 0x00, 0x46,
    0x46, 0x46, 0xff, 0x31, 0x48, 0x3f, 0x43, 0x10, 0x13, 0x1a, 0x00, 0x46, 0x46, 0x46, 0xff, 0x76,
    0x71, 0x3f, 0x43, 0x24, 0x20, 0x25, 0x00, 0x46, 0x46, 0x46, 0xff, 0xba, 0x9a, 0x3f, 0x43, 0x0f,
    0x11, 0x0e, 0x00, 0x46, 0x46, 0x46, 0xff, 0xfe, 0xc3, 0x3f, 0x43, 0x13, 0x1a, 0x13, 0x00, 0x46,
    0x46, 0x46, 0xff, 0x43, 0xed, 0x3f, 0x43, 0x16, 0x13, 0x16, 0x00, 0x46, 0x46, 0x46, 0xff, 0x87,
    0x16, 0x40, 0x43, 0x13, 0x11, 0x05, 0x00, 0x46, 0x46, 0x46, 0xff, 0xcc, 0x3f, 0x40, 0x43, 0x03,
    0x0e, 0x12, 0x00, 0x46, 0x46, 0x46, 0xff, 0x10, 0x69, 0x40, 0x43, 0x0a, 0x17, 0x12, 0x00, 0x46,
    0x46, 0x46, 0xff, 0x54, 0x92, 0x40, 0x43, 0x03, 0x00, 0x08, 0x00, 0x46, 0x46, 0x46, 0xff, 0x99,
    0xbb, 0x40, 0x43, 0x14, 0x0c, 0x04, 0x00, 0x7f, 0x46, 0x46, 0x46, 0xff, 0xdd, 0xe4, 0x40, 0x43,
    0x0f, 0x0e, 0x13, 0x00, 0x46, 0x46, 0x46, 0xff, 0x22, 0x0e, 0x41, 0x43, 0x01, 0x08, 0x06, 0x00,
    0x46, 0x46, 0x46, 0xff, 0x66, 0x37, 0x41, 0x43, 0x0c, 0x08, 0x13, 0x00, 0x46, 0x46, 0x46, 0xff,
    0xaa, 0x60, 0x41, 0x43, 0x0e, 0x1d, 0x0e, 0x00, 0x46, 0x46, 0x46, 0xff, 0xef, 0x89, 0x41, 0x43,
    0x0e, 0x1d, 0x1d, 0x00, 0x46, 0x46, 0x46, 0xff, 0x33, 0xb3, 0x41, 0x43, 0x1d, 0x0e, 0x1d, 0x00,
    0x46, 0x46, 0x46, 0xff, 0x78, 0xdc, 0x41, 0x43, 0x0a, 0x1a, 0x08, 0x00, 0x46, 0x46, 0x46, 0xff,
    0xbc, 0x05, 0x42, 0x43, 0x07, 0x1a, 0x0d, 0x00, 0x46, 0x46, 0x46, 0xff, 0x00, 0x2f, 0x42, 0x43,
    0x00, 0x1a, 0x14, 0x00, 0x46, 0x46, 0x46, 0xff, 0x45, 0x58, 0x42, 0x43, 0x04, 0x1a, 0x1c, 0x00,
    0x46, 0x46, 0x46, 0xff, 0x89, 0x81, 0x42, 0x43, 0x7f, 0x08, 0x1a, 0x1b, 0x00, 0x46, 0x46, 0x46,
    0xff, 0xce, 0xaa, 0x42, 0x43, 0x11, 0x11, 0x1d, 0x00, 0x46, 0x46, 0x46, 0xff, 0x12, 0xd4, 0x42,
    0x43, 0x0e, 0x1e, 0x0e, 0x00, 0x46, 0x46, 0x46, 0xff, 0x56, 0xfd, 0x42, 0x43, 0x18, 0x1a, 0x08,
    0x00, 0x46, 0x46, 0x46, 0xff, 0x9b, 0x26, 0x43, 0x43, 0x1a, 0x1a, 0x07, 0x00, 0x46, 0x46, 0x46,
    0xff, 0xdf, 0x4f, 0x43, 0x43, 0x00, 0x1a, 0x12, 0x00, 0x46, 0x46, 0x46, 0xff, 0x24, 0x79, 0x43,
    0x43, 0x0c, 0x1a, 0x14, 0x00, 0x46, 0x46, 0x46, 0xff, 0x68, 0xa2, 0x43, 0x43, 0x08, 0x1a, 0x12,
    0x00, 0x46, 0x46, 0x46, 0xff, 0xac, 0xcb, 0x43, 0x43, 0x07, 0x1a, 0x13, 0x00, 0x46, 0x46, 0x46,
    0xff, 0xf1, 0xf4, 0x43, 0x43, 0x12, 0x1a, 0x00, 0x00, 0x46, 0x46, 0x46, 0xff, 0x35, 0x1e, 0x44,
    0x43, 0x0e, 0x1a, 0x0e, 0x00, 0x46, 0x46, 0x46, 0x00, 0x7f, 0x7a, 0x47, 0x44, 0x43, 0x18, 0x1a,
    0x0d, 0x00, 0x46, 0x46, 0x46, 0xff, 0xbe, 0x70, 0x44, 0x43, 0x0e, 0x1a, 0x04, 0x00, 0x46, 0x46,
    0x46, 0xff, 0x02, 0x9a, 0x44, 0x43, 0x13, 0x1a, 0x14, 0x00, 0x46, 0x46, 0x46, 0xff, 0x47, 0xc3,
    0x44, 0x43, 0x03, 0x0e, 0x1b, 0x00, 0x46, 0x46, 0x46, 0xff, 0x8b, 0xec, 0x44, 0x43, 0x03, 0x0e,
    0x1b, 0x00, 0x46, 0x46, 0x46, 0xff, 0xd0, 0x15, 0x45, 0x43, 0x10, 0x13, 0x1d, 0x00, 0x46, 0x46,
    0x46, 0xff, 0x14, 0x3f, 0x45, 0x43, 0x10, 0x13, 0x1d, 0x00, 0x46, 0x46, 0x46, 0xff, 0x58, 0x68,
    0x45, 0x43, 0x00, 0x1a, 0x14, 0x00, 0x46, 0x46, 0x46, 0xff, 0x9d, 0x91, 0x45, 0x43, 0x0e, 0x0d,
    0x01, 0x00, 0x46, 0x46, 0x46, 0xff, 0xe1, 0xba, 0x48, 0x43, 0x0c, 0x1a, 0x0a, 0x00, 0x46, 0x46,
    0x46, 0xff, 0x25, 0xe4, 0x48, 0x43, 0x18, 0x1a, 0x13, 0x00, 0x7f, 0x46, 0x46, 0x46, 0xff, 0x6a,
    0x0d, 0x49, 0x43, 0x12, 0x1a, 0x16, 0x00, 0x46, 0x46, 0x46, 0xff, 0xae, 0x36, 0x49, 0x43, 0x12,
    0x1a, 0x04, 0x00, 0x46, 0x46, 0x46, 0xff, 0xf3, 0x5f, 0x49, 0x43, 0x0a, 0x1a, 0x0d, 0x00, 0x46,
    0x46, 0x46, 0xff, 0x37, 0x89, 0x49, 0x43, 0x09, 0x1a, 0x13, 0x00, 0x46, 0x46, 0x46, 0xff, 0x7b,
    0xb2, 0x49, 0x43, 0x18, 0x1a, 0x04, 0x00, 0x46, 0x46, 0x46, 0xff, 0xc0, 0xdb, 0x49, 0x43, 0x13,
    0x1a, 0x04, 0x00, 0x46, 0x46, 0x46, 0xff, 0x04, 0x05, 0x4a, 0x43, 0x01, 0x08, 0x03, 0x00, 0x46,
    0x46, 0x46, 0xff, 0x49, 0x2e, 0x4a, 0x43, 0x13, 0x16, 0x0a, 0x00, 0x46, 0x46, 0x46, 0xff, 0x8d,
    0x57, 0x4a, 0x43, 0x12, 0x1a, 0x0c, 0x00, 0x46, 0x46, 0x46, 0xff, 0xd1, 0x80, 0x4a, 0x43, 0x13,
    0x1a, 0x05, 0x00, 0x46, 0x46, 0x46, 0xff, 0x16, 0xaa, 0x4a, 0x43, 0x7f, 0x12, 0x1a, 0x13, 0x00,
    0x46, 0x46, 0x46, 0xff, 0x5a, 0xd3, 0x4a, 0x43, 0x0a, 0x08, 0x13, 0x00, 0x46, 0x46, 0x46, 0xff,
    0x9f, 0xfc, 0x4a, 0x43, 0x00, 0x1a, 0x00, 0x00, 0x46, 0x46, 0x46, 0xff, 0xe3, 0x25, 0x4b, 0x43,
    0x0a, 0x1a, 0x00, 0x00, 0x46, 0x46, 0x46, 0xff, 0x27, 0x4f, 0x4b, 0x43, 0x13, 0x1a, 0x04, 0x00,
    0x46, 0x46, 0x46, 0xff, 0x6c, 0x78, 0x4b, 0x43, 0x0a, 0x1a, 0x07, 0x00, 0x46, 0x46, 0x46, 0xff,
    0xb0, 0xa1, 0x4b, 0x43, 0x0a, 0x1a, 0x05, 0x00, 0x46, 0x46, 0x46, 0xff, 0xf5, 0xca, 0x4b, 0x43,
    0x0a, 0x00, 0x0c, 0x00, 0x46, 0x46, 0x46, 0xff, 0x39, 0xf4, 0x4b, 0x43, 0x18, 0x1a, 0x13, 0x00,
    0x46, 0x46, 0x46, 0xff, 0x7d, 0x1d, 0x4c, 0x43, 0x0c, 0x13, 0x0a, 0x00, 0x46, 0x46, 0x46, 0xff,
    0xc2, 0x46, 0x4c, 0x43, 0x00, 0x13, 0x08, 0x00, 0x46, 0x46, 0x46, 0x00, 0x7f, 0x06, 0x70, 0x4c,
    0x43, 0x04, 0x0c, 0x08, 0x00, 0x46, 0x46, 0x46, 0xff, 0x4b, 0x99, 0x4c, 0x43, 0x0c, 0x1a, 0x14,
    0x00, 0x46, 0x46, 0x46, 0xff, 0x8f, 0xc2, 0x4c, 0x43, 0x0a, 0x00, 0x13, 0x00, 0x46, 0x46, 0x46,
    0xff, 0xd4, 0xeb, 0x4c, 0x43, 0x21, 0x27, 0x25, 0x00, 0x46, 0x46, 0x46, 0xff, 0x18, 0x15, 0x4d,
    0x43, 0x26, 0x08, 0x14, 0x00, 0x46, 0x46, 0x46, 0xff, 0x5c, 0x3e, 0x4d, 0x43, 0x0c, 0x12, 0x01,
    0x00, 0x46, 0x46, 0x46, 0xff, 0xa1, 0x67, 0x4d, 0x43, 0x0c, 0x12, 0x01, 0x00, 0x46, 0x46, 0x46,
    0xff, 0xe5, 0x90, 0x4d, 0x43, 0x07, 0x1a, 0x0c, 0x00, 0x46, 0x46, 0x46, 0xff, 0x2a, 0xba, 0x4d,
    0x43, 0x0c, 0x1a, 0x0c, 0x00, 0x46, 0x46, 0x46, 0xff, 0x6e, 0xe3, 0x4d, 0x43, 0x11, 0x1a, 0x0c,
    0x00, 0x46, 0x46, 0x46, 0xff, 0xb2, 0x0c, 0x4e, 0x43, 0x0c, 0x1a, 0x18, 0x00, 0x7f, 0x46, 0x46,
    0x46, 0xff, 0xf7, 0x35, 0x4e, 0x43, 0x0c, 0x1a, 0x12, 0x00, 0x46, 0x46, 0x46, 0xff, 0x3b, 0x5f,
    0x4e, 0x43, 0x07, 0x1a, 0x0c, 0x00, 0x46, 0x46, 0x46, 0xff, 0x80, 0x88, 0x4e, 0x43, 0x11, 0x1a,
    0x0c, 0x00, 0x46, 0x46, 0x46, 0xff, 0xc4, 0xb1, 0x4e, 0x43, 0x00, 0x1a, 0x0c, 0x00, 0x46, 0x46,
    0x46, 0xff, 0x08, 0xdb, 0x4e, 0x43, 0x0a, 0x1a, 0x0d, 0x00, 0x46, 0x46, 0x46, 0xff, 0x4d, 0x04,
    0x4f, 0x43, 0x0a, 0x1a, 0x0d, 0x00, 0x46, 0x46, 0x46, 0xff, 0x91, 0x2d, 0x4f, 0x43, 0x0c, 0x12,
    0x01, 0x00, 0x46, 0x46, 0x46, 0xff, 0xd6, 0x56, 0x4f, 0x43, 0x18, 0x1a, 0x18, 0x00, 0x46, 0x46,
    0x46, 0xff, 0x1a, 0x80, 0x4f, 0x43, 0x07, 0x1a, 0x08, 0x00, 0x46, 0x46, 0x46, 0xff, 0x5e, 0xa9,
    0x4f, 0x43, 0x12, 0x1a, 0x12, 0x00, 0x46, 0x46, 0x46, 0xff, 0xa3, 0xd2, 0x4f, 0x43, 0x7f, 0x21,
    0x1e, 0x1f, 0x00, 0x46, 0x46, 0x46, 0xff, 0xe7, 0xfb, 0x4f, 0x43, 0x07, 0x08, 0x11, 0x00, 0x46,
    0x46, 0x46, 0xff, 0x2c, 0x25, 0x50, 0x43, 0x07, 0x1a, 0x08, 0x00, 0x46, 0x46, 0x46, 0xff, 0x70,
    0x4e, 0x50, 0x43, 0x0d, 0x1a, 0x12, 0x00, 0x46, 0x46, 0x46, 0xff, 0xb4, 0x77, 0x50, 0x43, 0x0a,
    0x1a, 0x0c, 0x00, 0x46, 0x46, 0x46, 0xff, 0xf9, 0xa0, 0x50, 0x43, 0x0c, 0x1a, 0x18, 0x00, 0x46,
    0x46, 0x46, 0xff, 0x3d, 0xca, 0x50, 0x43, 0x13, 0x1a, 0x0d, 0x00, 0x46, 0x46, 0x46, 0xff, 0x82,
    0xf3, 0x50, 0x43, 0x18, 0x1a, 0x12, 0x00, 0x46, 0x46, 0x46, 0xff, 0xc6, 0x1c, 0x51, 0x43, 0x0c,
    0x0e, 0x11, 0x00, 0x46, 0x46, 0x46, 0xff, 0x0a, 0x46, 0x51, 0x43, 0x22, 0x23, 0x21, 0x00, 0x46,
    0x46, 0x46, 0xff, 0x4f, 0x6f, 0x51, 0x43, 0x0c, 0x1a, 0x0e, 0x00, 0x46, 0x46, 0x46, 0xff, 0x7f,
    0x93, 0x98, 0x51, 0x43, 0x18, 0x1a, 0x08, 0x00, 0x46, 0x46, 0x46, 0xff, 0xd8, 0xc1, 0x51, 0x43,
    0x12, 0x1a, 0x0e, 0x00, 0x46, 0x46, 0x46, 0x00, 0x1c, 0xeb, 0x51, 0x43, 0x12, 0x1a, 0x12, 0x00,
    0x46, 0x46, 0x46, 0xff, 0x60, 0x14, 0x52, 0x43, 0x0f, 0x13, 0x00, 0x00, 0x46, 0x46, 0x46, 0xff,
    0xa5, 0x3d, 0x52, 0x43, 0x13, 0x07, 0x00, 0x00, 0x46, 0x46, 0x46, 0xff, 0xe9, 0x66, 0x52, 0x43,
    0x0d, 0x0a, 0x18, 0x00, 0x46, 0x46, 0x46, 0xff, 0x2e, 0x90, 0x52, 0x43, 0x0e, 0x14, 0x05, 0x00,
    0x46, 0x46, 0x46, 0xff, 0x72, 0xb9, 0x52, 0x43, 0x0e, 0x11, 0x11, 0x00, 0x46, 0x46, 0x46, 0xff,
    0xb6, 0xe2, 0x52, 0x43, 0x00, 0x03, 0x08, 0x00, 0x46, 0x46, 0x46, 0xff, 0xfb, 0x0b, 0x53, 0x43,
    0x0d, 0x06, 0x1b, 0x00, 0x46, 0x46, 0x46, 0xff, 0x3f, 0x35, 0x53, 0x43, 0x21, 0x24, 0x24, 0x00,
    0x7f, 0x46, 0x46, 0x46, 0xff, 0x84, 0x5e, 0x53, 0x43, 0x0c, 0x0c, 0x0a, 0x00, 0x46, 0x46, 0x46,
    0xff, 0xc8, 0x87, 0x53, 0x43, 0x20, 0x1e, 0x23, 0x00, 0x46, 0x46, 0x46, 0xff, 0x0c, 0xb1, 0x53,
    0x43, 0x12, 0x04, 0x06, 0x00, 0x46, 0x46, 0x46, 0xff, 0x51, 0xda, 0x53, 0x43, 0x00, 0x1a, 0x1d,
    0x00, 0x46, 0x46, 0x46, 0xff, 0x95, 0x03, 0x54, 0x43, 0x0d, 0x0e, 0x1f, 0x00, 0x46, 0x46, 0x46,
    0xff, 0xda, 0x2c, 0x54, 0x43, 0x0d, 0x00, 0x06, 0x00, 0x46, 0x46, 0x46, 0xff, 0x1e, 0x56, 0x54,
    0x43, 0x0e, 0x18, 0x00, 0x00, 0x46, 0x46, 0x46, 0xff, 0x62, 0x7f, 0x54, 0x43, 0x02, 0x00, 0x11,
    0x00, 0x46, 0x46, 0x46, 0xff, 0xa7, 0xa8, 0x54, 0x43, 0x0f, 0x1b, 0x1c, 0x00, 0x46, 0x46, 0x46,
    0xff, 0xeb, 0xd1, 0x54, 0x43, 0x05, 0x08, 0x06, 0x00, 0x46, 0x46, 0x46, 0xff, 0x30, 0xfb, 0x54,
    0x43, 0x7f, 0x07, 0x13, 0x1b, 0x00, 0x46, 0x46, 0x46, 0xff, 0x74, 0x24, 0x55, 0x43, 0x12, 0x13,
    0x15, 0x00, 0x46, 0x46, 0x46, 0xff, 0xb8, 0x4d, 0x55, 0x43, 0x0c, 0x03, 0x21, 0x00, 0x46, 0x46,
    0x46, 0xff, 0xfd, 0x76, 0x55, 0x43, 0x15, 0x05, 0x21, 0x00, 0x46, 0x46, 0x46, 0xff, 0x41, 0xa0,
    0x55, 0x43, 0x03, 0x1a, 0x01, 0x00, 0x46, 0x46, 0x46, 0xff, 0x86, 0xc9, 0x55, 0x43, 0x03, 0x1a,
    0x03, 0x00, 0x46, 0x46, 0x46, 0xff, 0xca, 0xf2, 0x55, 0x43, 0x0c, 0x09, 0x0a, 0x00, 0x46, 0x46,
    0x46, 0xff, 0x0e, 0x1c, 0x56, 0x43, 0x00, 0x1a, 0x14, 0x00, 0x46, 0x46, 0x46, 0xff, 0x53, 0x45,
    0x56, 0x43, 0x20, 0x22, 0x1f, 0x00, 0x46, 0x46, 0x46, 0xff, 0x97, 0x6e, 0x56, 0x43, 0x05, 0x1a,
    0x05, 0x00, 0x46, 0x46, 0x46, 0xff, 0xdc, 0x97, 0x56, 0x43, 0x21, 0x1a, 0x25, 0x00, 0x46, 0x46,
    0x46, 0xff, 0x7f, 0x20, 0xc1, 0x56, 0x43, 0x01, 0x1a, 0x03, 0x00, 0x46, 0x46, 0x46, 0xff, 0x64,
    0xea, 0x56, 0x43, 0x23, 0x1f, 0x21, 0x00, 0x46, 0x46, 0x46, 0xff, 0xa9, 0x13, 0x57, 0x43, 0x00,
    0x06, 0x04, 0x00, 0x46, 0x46, 0x46, 0xff, 0xed, 0x3c, 0x57, 0x43, 0x20, 0x22, 0x1b, 0x00, 0x46,
    0x46, 0x46, 0x00, 0x32, 0x66, 0x57, 0x43, 0x07, 0x06, 0x13, 0x00, 0x46, 0x46, 0x46, 0xff, 0x76,
    0x8f, 0x57, 0x43, 0x1f, 0x25, 0x21, 0x00, 0x46, 0x46, 0x46, 0xff, 0xba, 0xb8, 0x57, 0x43, 0x00,
    0x13, 0x08, 0x00, 0x46, 0x46, 0x46, 0xff, 0xff, 0xe1, 0x57, 0x43, 0x16, 0x1a, 0x11, 0x00, 0x46,
    0x46, 0x46, 0xff, 0x43, 0x0b, 0x58, 0x43, 0x0d, 0x0c, 0x0a, 0x00, 0x46, 0x46, 0x46, 0xff, 0x88,
    0x34, 0x58, 0x43, 0x00, 0x1a, 0x14, 0x00, 0x46, 0x46, 0x46, 0xff, 0xcc, 0x5d, 0x58, 0x43, 0x02,
    0x12, 0x0a, 0x00, 0x7f, 0x46, 0x46, 0x46, 0xff, 0x10, 0x87, 0x58, 0x43, 0x26, 0x27, 0x22, 0x00,
    0x46, 0x46, 0x46, 0xff, 0x55, 0xb0, 0x58, 0x43, 0xfc, 0x50, 0x00, 0x00, 0x07, 0x00, 0x14, 0x00,
    0x46, 0x46, 0x46, 0xff, 0x1f, 0x05, 0x21, 0x43, 0x08, 0x02, 0x04, 0x00, 0x46, 0x46, 0x46, 0xff,
    0x63, 0x2e, 0x21, 0x43, 0x11, 0x14, 0x0d, 0x00, 0x46, 0x46, 0x46, 0xff, 0xa8, 0x57, 0x21, 0x43,
    0x0e, 0x1a, 0x0e, 0x00, 0x46, 0x46, 0x46, 0xff, 0xec, 0x80, 0x21, 0x43, 0x12, 0x02, 0x07, 0x00,
    0x46, 0x46, 0x46, 0xff, 0x31, 0xaa, 0x21, 0x43, 0x07, 0x1a, 0x1e, 0x00, 0x46, 0x46, 0x46, 0xff,
    0x75, 0xd3, 0x21, 0x43, 0x08, 0x1a, 0x1d, 0x00, 0x46, 0x46, 0x46, 0xff, 0xb9, 0xfc, 0x21, 0x43,
    0x00, 0x27, 0x1f, 0x00, 0x46, 0x46, 0x46, 0xff, 0xfe, 0x25, 0x22, 0x43, 0x00, 0x1a, 0x14, 0x00,
    0x46, 0x46, 0x46, 0xff, 0x7f, 0x42, 0x4f, 0x22, 0x43, 0x00, 0x1a, 0x14, 0x00, 0x46, 0x46, 0x46,
    0xff, 0x87, 0x78, 0x22, 0x43, 0x1b, 0x1c, 0x1a, 0x00, 0x46, 0x46, 0x46, 0xff, 0xcb, 0xa1, 0x22,
    0x43, 0x00, 0x1a, 0x14, 0x00, 0x46, 0x46, 0x46, 0xff, 0x0f, 0xcb, 0x22, 0x43, 0x02, 0x01, 0x02,
    0x00, 0x46, 0x46, 0x46, 0xff, 0x54, 0xf4, 0x22, 0x43, 0x23, 0x02, 0x07, 0x00, 0x46, 0x46, 0x46,
    0xff, 0x98, 0x1d, 0x23, 0x43, 0x02, 0x01, 0x02, 0x00, 0x46, 0x46, 0x46, 0xff, 0xdd, 0x46, 0x23,
    0x43, 0x12, 0x1b, 0x04, 0x00, 0x46, 0x46, 0x46, 0xff, 0x21, 0x70, 0x23, 0x43, 0x13, 0x1a, 0x13,
    0x00, 0x46, 0x46, 0x46, 0xff, 0x65, 0x99, 0x23, 0x43, 0x18, 0x1a, 0x0e, 0x00, 0x46, 0x46, 0x46,
    0xff, 0xaa, 0xc2, 0x23, 0x43, 0x04, 0x1a, 0x14, 0x00, 0x46, 0x46, 0x46, 0xff, 0xee, 0xeb, 0x23,
    0x43, 0x0b, 0x04, 0x13, 0x00, 0x7f, 0x46, 0x46, 0x46, 0xff, 0x33, 0x15, 0x24, 0x43, 0x1d, 0x14,
    0x12, 0x00, 0x46, 0x46, 0x46, 0xff, 0x77, 0x3e, 0x24, 0x43, 0x06, 0x0e, 0x1b, 0x00, 0x46, 0x46,
    0x46, 0xff, 0xbb, 0x67, 0x24, 0x43, 0x1d, 0x1d, 0x1d, 0x00, 0x46, 0x46, 0x46, 0xff, 0x00, 0x91,
    0x24, 0x43, 0x18, 0x1a, 0x08, 0x00, 0x46, 0x46, 0x46, 0x00, 0x44, 0xba, 0x24, 0x43, 0x18, 0x1a,
    0x08, 0x00, 0x46, 0x46, 0x46, 0xff, 0x89, 0xe3, 0x24, 0x43, 0x07, 0x18, 0x0e, 0x00, 0x46, 0x46,
    0x46, 0xff, 0xcd, 0x0c, 0x25, 0x43, 0x13, 0x00, 0x0d, 0x00, 0x46, 0x46, 0x46, 0xff, 0x12, 0x36,
    0x25, 0x43, 0x18, 0x00, 0x1b, 0x00, 0x46, 0x46, 0x46, 0xff, 0x56, 0x5f, 0x25, 0x43, 0x14, 0x05,
    0x0e, 0x00, 0x46, 0x46, 0x46, 0xff, 0x9a, 0x88, 0x25, 0x43, 0x12, 0x0f, 0x02, 0x00, 0x46, 0x46,
    0x46, 0xff, 0xdf, 0xb1, 0x25, 0x43, 0x7f, 0x0c, 0x08, 0x12, 0x00, 0x46, 0x46, 0x46, 0xff, 0x23,
    0xdb, 0x25, 0x43, 0x0d, 0x09, 0x19, 0x00, 0x46, 0x46, 0x46, 0xff, 0x68, 0x04, 0x26, 0x43, 0x0a,
    0x11, 0x11, 0x00, 0x46, 0x46, 0x46, 0xff, 0xac, 0x2d, 0x26, 0x43, 0x16, 0x00, 0x12, 0x00, 0x46,
    0x46, 0x46, 0xff, 0xf0, 0x56, 0x26, 0x43, 0x0e, 0x16, 0x0b, 0x00, 0x46, 0x46, 0x46, 0xff, 0x35,
    0x80, 0x26, 0x43, 0x03, 0x03, 0x01, 0x00, 0x46, 0x46, 0x46, 0xff, 0x79, 0xa9, 0x26, 0x43, 0x07,
    0x00, 0x0a, 0x00, 0x46, 0x46, 0x46, 0xff, 0xbe, 0xd2, 0x26, 0x43, 0x05, 0x0b, 0x0e, 0x00, 0x46,
    0x46, 0x46, 0xff, 0x02, 0xfc, 0x26, 0x43, 0x13, 0x0e, 0x01, 0x00, 0x46, 0x46, 0x46, 0xff, 0x46,
    0x25, 0x27, 0x43, 0x03, 0x0e, 0x0b, 0x00, 0x46, 0x46, 0x46, 0xff, 0x8b, 0x4e, 0x27, 0x43, 0x0f,
    0x0d, 0x06, 0x00, 0x46, 0x46, 0x46, 0xff, 0x7f, 0xcf, 0x77, 0x27, 0x43, 0x12, 0x07, 0x11, 0x00,
    0x46, 0x46, 0x46, 0xff, 0x14, 0xa1, 0x27, 0x43, 0x00, 0x0d, 0x06, 0x00, 0x46, 0x46, 0x46, 0xff,
    0x58, 0xca, 0x27, 0x43, 0x0c, 0x0d, 0x01, 0x00, 0x46, 0x46, 0x46, 0xff, 0x9c, 0xf3, 0x27, 0x43,
    0x0a, 0x00, 0x0c, 0x00, 0x46, 0x46, 0x46, 0xff, 0xe1, 0x1c, 0x28, 0x43, 0x07, 0x08, 0x13, 0x00,
    0x46, 0x46, 0x46, 0xff, 0x25, 0x46, 0x28, 0x43, 0x0a, 0x11, 0x06, 0x00, 0x46, 0x46, 0x46, 0xff,
    0x6a, 0x6f, 0x28, 0x43, 0x08, 0x0a, 0x00, 0x00, 0x46, 0x46, 0x46, 0xff, 0xae, 0x98, 0x28, 0x43,
    0x13, 0x00, 0x0a, 0x00, 0x46, 0x46, 0x46, 0xff, 0xf2, 0xc1, 0x28, 0x43, 0x1d, 0x1d, 0x1d, 0x00,
    0x46, 0x46, 0x46, 0xff, 0x37, 0xeb, 0x28, 0x43, 0x03, 0x1a, 0x01, 0x00, 0x46, 0x46, 0x46, 0xff,
    0x7b, 0x14, 0x29, 0x43, 0x18, 0x1a, 0x00, 0x00, 0x7f, 0x46, 0x46, 0x46, 0xff, 0xc0, 0x3d, 0x29,
    0x43, 0x0d, 0x1a, 0x12, 0x00, 0x46, 0x46, 0x46, 0xff, 0x04, 0x67, 0x29, 0x43, 0x00, 0x1a, 0x04,
    0x00, 0x46, 0x46, 0x46, 0xff, 0x48, 0x90, 0x29, 0x43, 0x0c, 0x1a, 0x01, 0x00, 0x46, 0x46, 0x46,
    0xff, 0x8d, 0xb9, 0x29, 0x43, 0x08, 0x1a, 0x00, 0x00, 0x46, 0x46, 0x46, 0xff, 0xd1, 0xe2, 0x29,
    0x43, 0x13, 0x1a, 0x0b, 0x00, 0x46, 0x46, 0x46, 0xff, 0x16, 0x0c, 0x2a, 0x43, 0x04, 0x1a, 0x0b,
    0x00, 0x46, 0x46, 0x46, 0x00, 0x5a, 0x35, 0x2a, 0x43, 0x1d, 0x1d, 0x1d, 0x00, 0x46, 0x46, 0x46,
    0xff, 0x9e, 0x5e, 0x2a, 0x43, 0x1b, 0x1c, 0x1a, 0x00, 0x46, 0x46, 0x46, 0xff, 0xe3, 0x87, 0x2a,
    0x43, 0x07, 0x08, 0x13, 0x00, 0x46, 0x46, 0x46, 0xff, 0x27, 0xb1, 0x2a, 0x43, 0x1b, 0x1b, 0x1b,
    0x00, 0x46, 0x46, 0x46, 0xff, 0x6c, 0xda, 0x2a, 0x43, 0x7f, 0x12, 0x0c, 0x08, 0x00, 0x46, 0x46,
    0x46, 0xff, 0xb0, 0x03, 0x2b, 0x43, 0x0b, 0x04, 0x1b, 0x00, 0x46, 0x46, 0x46, 0xff, 0xf4, 0x2c,
    0x2b, 0x43, 0x0a, 0x1a, 0x05, 0x00, 0x46, 0x46, 0x46, 0xff, 0x39, 0x56, 0x2b, 0x43, 0x0e, 0x0a,
    0x1a, 0x00, 0x46, 0x46, 0x46, 0xff, 0x7d, 0x7f, 0x2b, 0x43, 0x05, 0x08, 0x12, 0x00, 0x46, 0x46,
    0x46, 0xff, 0xc2, 0xa8, 0x2b, 0x43, 0x07, 0x1b, 0x1b, 0x00, 0x46, 0x46, 0x46, 0xff, 0x06, 0xd2,
    0x2b, 0x43, 0x0d, 0x1a, 0x14, 0x00, 0x46, 0x46, 0x46, 0xff, 0x4a, 0xfb, 0x2b, 0x43, 0x08, 0x02,
    0x04, 0x00, 0x46, 0x46, 0x46, 0xff, 0x8f, 0x24, 0x2c, 0x43, 0x04, 0x1a, 0x18, 0x00, 0x46, 0x46,
    0x46, 0xff, 0xd3, 0x4d, 0x2c, 0x43, 0x18, 0x1a, 0x0e, 0x00, 0x46, 0x46, 0x46, 0xff, 0x18, 0x77,
    0x2c, 0x43, 0x13, 0x1a, 0x0a, 0x00, 0x46, 0x46, 0x46, 0xff, 0x7f, 0x5c, 0xa0, 0x2c, 0x43, 0x00,
    0x1a, 0x00, 0x00, 0x46, 0x46, 0x46, 0xff, 0xa0, 0xc9, 0x2c, 0x43, 0x07, 0x1a, 0x04, 0x00, 0x46,
    0x46, 0x46, 0xff, 0xe5, 0xf2, 0x2c, 0x43, 0x13, 0x1a, 0x0d, 0x00, 0x46, 0x46, 0x46, 0xff, 0x29,
    0x1c, 0x2d, 0x43, 0x00, 0x1a, 0x07, 0x00, 0x46, 0x46, 0x46, 0xff, 0x6e, 0x45, 0x2d, 0x43, 0x18,
    0x1a, 0x13, 0x00, 0x46, 0x46, 0x46, 0xff, 0xb2, 0x6e, 0x2d, 0x43, 0x0a, 0x1a, 0x13, 0x00, 0x46,
    0x46, 0x46, 0xff, 0xf6, 0x97, 0x2d, 0x43, 0x12, 0x13, 0x11, 0x00, 0x46, 0x46, 0x46, 0xff, 0x3b,
    0xc1, 0x2d, 0x43, 0x0c, 0x01, 0x0b, 0x00, 0x46, 0x46, 0x46, 0xff, 0x7f, 0xea, 0x2d, 0x43, 0x0a,
    0x19, 0x11, 0x00, 0x46, 0x46, 0x46, 0xff, 0xc4, 0x13, 0x2e, 0x43, 0x02, 0x01, 0x1d, 0x00, 0x46,
    0x46, 0x46, 0xff, 0x08, 0x3d, 0x2e, 0x43, 0x22, 0x1e, 0x1e, 0x00, 0x7f, 0x46, 0x46, 0x46, 0xff,
    0x4c, 0x66, 0x2e, 0x43, 0x12, 0x14, 0x0f, 0x00, 0x46, 0x46, 0x46, 0xff, 0x91, 0x8f, 0x2e, 0x43,
    0x04, 0x11, 0x1d, 0x00, 0x46, 0x46, 0x46, 0xff, 0xd5, 0xb8, 0x2e, 0x43, 0x05, 0x0e, 0x14, 0x00,
    0x46, 0x46, 0x46, 0xff, 0x1a, 0xe2, 0x2e, 0x43, 0x11, 0x1a, 0x1a, 0x00, 0x46, 0x46, 0x46, 0xff,
    0x5e, 0x0b, 0x2f, 0x43, 0x00, 0x0c, 0x1f, 0x00, 0x46, 0x46, 0x46, 0xff, 0xa2, 0x34, 0x2f, 0x43,
    0x11, 0x1d, 0x03, 0x00, 0x46, 0x46, 0x46, 0xff, 0xe7, 0x5d, 0x2f, 0x43, 0x13, 0x1a, 0x12, 0x00,
    0x46, 0x46, 0x46, 0xff, 0x2b, 0x87, 0x2f, 0x43, 0x08, 0x1a, 0x0a, 0x00, 0x46, 0x46, 0x46, 0x00,
    0x70, 0xb0, 0x2f, 0x43, 0x00, 0x1a, 0x18, 0x00, 0x46, 0x46, 0x46, 0xff, 0xb4, 0xd9, 0x2f, 0x43,
    0x13, 0x1a, 0x18, 0x00, 0x46, 0x46, 0x46, 0xff, 0xf8, 0x02, 0x30, 0x43, 0x7f, 0x00, 0x1a, 0x16,
    0x00, 0x46, 0x46, 0x46, 0xff, 0x3d, 0x2c, 0x30, 0x43, 0x00, 0x1a, 0x14, 0x00, 0x46, 0x46, 0x46,
    0xff, 0x81, 0x55, 0x30, 0x43, 0x14, 0x0f, 0x1d, 0x00, 0x46, 0x46, 0x46, 0xff, 0xc6, 0x7e, 0x30,
    0x43, 0x03, 0x16, 0x0d, 0x00, 0x46, 0x46, 0x46, 0xff, 0x0a, 0xa8, 0x30, 0x43, 0x06, 0x0e, 0x1d,
    0x00, 0x46, 0x46, 0x46, 0xff, 0x4e, 0xd1, 0x30, 0x43, 0x02, 0x0c, 0x0d, 0x00, 0x46, 0x46, 0x46,
    0xff, 0x93, 0xfa, 0x30, 0x43, 0x16, 0x1d, 0x11, 0x00, 0x46, 0x46, 0x46, 0xff, 0x29, 0x9c, 0x35,
    0x43, 0x1d, 0x1d, 0x14, 0x00, 0x46, 0x46, 0x46, 0xff, 0x6d, 0xc5, 0x35, 0x43, 0x00, 0x1d, 0x0d,
    0x00, 0x46, 0x46, 0x46, 0xff, 0xb2, 0xee, 0x35, 0x43, 0x1d, 0x1d, 0x0d, 0x00, 0x46, 0x46, 0x46,
    0xff, 0xf6, 0x17, 0x36, 0x43, 0x15, 0x1d, 0x04, 0x00, 0x46, 0x46, 0x46, 0xff, 0x7f, 0x3b, 0x41,
    0x36, 0x43, 0x1d, 0x1d, 0x11, 0x00, 0x46, 0x46, 0x46, 0xff, 0x7f, 0x6a, 0x36, 0x43, 0x04, 0x1d,
    0x1b, 0x00, 0x46, 0x46, 0x46, 0xff, 0xc3, 0x93, 0x36, 0x43, 0x0e, 0x0d, 0x01, 0x00, 0x46, 0x46,
    0x46, 0xff, 0x08, 0xbd, 0x36, 0x43, 0x14, 0x0e, 0x0c, 0x00, 0x46, 0x46, 0x46, 0xff, 0x4c, 0xe6,
    0x36, 0x43, 0x00, 0x13, 0x00, 0x00, 0x46, 0x46, 0x46, 0xff, 0x91, 0x0f, 0x37, 0x43, 0x12, 0x04,
    0x12, 0x00, 0x46, 0x46, 0x46, 0xff, 0xd5, 0x38, 0x37, 0x43, 0x08, 0x0c, 0x00, 0x00, 0x46, 0x46,
    0x46, 0xff, 0x19, 0x62, 0x37, 0x43, 0x12, 0x08, 0x13, 0x00, 0x46, 0x46, 0x46, 0xff, 0x5e, 0x8b,
    0x37, 0x43, 0x00, 0x0b, 0x0e, 0x00, 0x46, 0x46, 0x46, 0xff, 0xa2, 0xb4, 0x37, 0x43, 0x02, 0x00,
    0x0b, 0x00, 0x46, 0x46, 0x46, 0xff, 0xe7, 0xdd, 0x37, 0x43, 0x19, 0x0e, 0x0e, 0x00, 0x7f, 0x46,
    0x46, 0x46, 0xff, 0x2b, 0x07, 0x38, 0x43, 0x12, 0x00, 0x08, 0x00, 0x46, 0x46, 0x46, 0xff, 0x6f,
    0x30, 0x38, 0x43, 0x0a, 0x0e, 0x1b, 0x00, 0x46, 0x46, 0x46, 0xff, 0xb4, 0x59, 0x38, 0x43, 0x1f,
    0x1a, 0x01, 0x00, 0x46, 0x46, 0x46, 0xff, 0xf8, 0x82, 0x38, 0x43, 0x20, 0x1a, 0x03, 0x00, 0x46,
    0x46, 0x46, 0xff, 0x3d, 0xac, 0x38, 0x43, 0x21, 0x1a, 0x02, 0x00, 0x46, 0x46, 0x46, 0xff, 0x81,
    0xd5, 0x38, 0x43, 0x1f, 0x1e, 0x1f, 0x00, 0x46, 0x46, 0x46, 0xff, 0xc5, 0xfe, 0x38, 0x43, 0x20,
    0x1e, 0x26, 0x00, 0x46, 0x46, 0x46, 0xff, 0x0a, 0x28, 0x39, 0x43, 0x21, 0x1e, 0x1f, 0x00, 0x46,
    0x46, 0x46, 0x00, 0x4e, 0x51, 0x39, 0x43, 0x08, 0x16, 0x00, 0x00, 0x46, 0x46, 0x46, 0xff, 0x93,
    0x7a, 0x39, 0x43, 0x13, 0x12, 0x14, 0x00, 0x46, 0x46, 0x46, 0xff, 0xd7, 0xa3, 0x39, 0x43, 0x7f,
    0x0a, 0x00, 0x1a, 0x00, 0x46, 0x46, 0x46, 0xff, 0x1c, 0xcd, 0x39, 0x43, 0x01, 0x0d, 0x0a, 0x00,
    0x46, 0x46, 0x46, 0xff, 0x60, 0xf6, 0x39, 0x43, 0x07, 0x00, 0x0f, 0x00, 0x46, 0x46, 0x46, 0xff,
    0xa4, 0x1f, 0x3a, 0x43, 0x0f, 0x0e, 0x1a, 0x00, 0x46, 0x46, 0x46, 0xff, 0xe9, 0x48, 0x3a, 0x43,
    0x0a, 0x00, 0x18, 0x00, 0x46, 0x46, 0x46, 0xff, 0x2d, 0x72, 0x3a, 0x43, 0x11, 0x0e, 0x19, 0x00,
    0x46, 0x46, 0x46, 0xff, 0x72, 0x9b, 0x3a, 0x43, 0x06, 0x0e, 0x14, 0x00, 0x46, 0x46, 0x46, 0xff,
    0xb6, 0xc4, 0x3a, 0x43, 0x0d, 0x0c, 0x11, 0x00, 0x46, 0x46, 0x46, 0xff, 0xfa, 0xed, 0x3a, 0x43,
    0x06, 0x0a, 0x0a, 0x00, 0x46, 0x46, 0x46, 0xff, 0x3f, 0x17, 0x3b, 0x43, 0x03, 0x1a, 0x03, 0x00,
    0x46, 0x46, 0x46, 0xff, 0x83, 0x40, 0x3b, 0x43, 0x04, 0x1a, 0x0e, 0x00, 0x46, 0x46, 0x46, 0xff,
    0x7f, 0xc8, 0x69, 0x3b, 0x43, 0x04, 0x1a, 0x12, 0x00, 0x46, 0x46, 0x46, 0xff, 0x0c, 0x93, 0x3b,
    0x43, 0x0d, 0x1a, 0x14, 0x00, 0x46, 0x46, 0x46, 0xff, 0x50, 0xbc, 0x3b, 0x43, 0x1a, 0x1a, 0x14,
    0x00, 0x46, 0x46, 0x46, 0xff, 0x95, 0xe5, 0x3b, 0x43, 0x00, 0x1a, 0x14, 0x00, 0x46, 0x46, 0x46,
    0xff, 0xd9, 0x0e, 0x3c, 0x43, 0x13, 0x0f, 0x03, 0x00, 0x46, 0x46, 0x46, 0xff, 0x1e, 0x38, 0x3c,
    0x43, 0x10, 0x13, 0x1d, 0x00, 0x46, 0x46, 0x46, 0xff, 0x62, 0x61, 0x3c, 0x43, 0x03, 0x0e, 0x1b,
    0x00, 0x46, 0x46, 0x46, 0xff, 0xa6, 0x8a, 0x3c, 0x43, 0x06, 0x04, 0x0d, 0x00, 0x46, 0x46, 0x46,
    0xff, 0xeb, 0xb3, 0x3c, 0x43, 0x0a, 0x00, 0x13, 0x00, 0x46, 0x46, 0x46, 0xff, 0x2f, 0xdd, 0x3c,
    0x43, 0x07, 0x0e, 0x12, 0x00, 0x46, 0x46, 0x46, 0xff, 0x74, 0x06, 0x3d, 0x43, 0x08, 0x12, 0x08,
    0x00, 0x7f, 0x46, 0x46, 0x46, 0xff, 0xb8, 0x2f, 0x3d, 0x43, 0x0a, 0x08, 0x13, 0x00, 0x46, 0x46,
    0x46, 0xff, 0xfc, 0x58, 0x3d, 0x43, 0x14, 0x04, 0x0d, 0x00, 0x46, 0x46, 0x46, 0xff, 0x41, 0x82,
    0x3d, 0x43, 0x00, 0x0c, 0x1f, 0x00, 0x46, 0x46, 0x46, 0xff, 0x85, 0xab, 0x3d, 0x43, 0x00, 0x1a,
    0x14, 0x00, 0x46, 0x46, 0x46, 0xff, 0xca, 0xd4, 0x3d, 0x43, 0x00, 0x0c, 0x00, 0x00, 0x46, 0x46,
    0x46, 0xff, 0x0e, 0xfe, 0x3d, 0x43, 0x18, 0x1a, 0x0e, 0x00, 0x46, 0x46, 0x46, 0xff, 0x52, 0x27,
    0x3e, 0x43, 0x16, 0x1a, 0x04, 0x00, 0x46, 0x46, 0x46, 0xff, 0x97, 0x50, 0x3e, 0x43, 0x00, 0x1a,
    0x15, 0x00, 0x46, 0x46, 0x46, 0xff, 0xdb, 0x79, 0x3e, 0x43, 0x15, 0x1a, 0x00, 0x00, 0x46, 0x46,
    0x46, 0xff, 0x20, 0xa3, 0x3e, 0x43, 0x04, 0x1a, 0x16, 0x00, 0x46, 0x46, 0x46, 0x00, 0x64, 0xcc,
    0x3e, 0x43, 0x7f, 0x25, 0x25, 0x25, 0x00, 0x46, 0x46, 0x46, 0xff, 0xa8, 0xf5, 0x3e, 0x43, 0x18,
    0x1a, 0x08, 0x00, 0x46, 0x46, 0x46, 0xff, 0xed, 0x1e, 0x3f, 0x43, 0x10, 0x13, 0x1a, 0x00, 0x46,
    0x46, 0x46, 0xff, 0x31, 0x48, 0x3f, 0x43, 0x10, 0x13, 0x1a, 0x00, 0x46, 0x46, 0x46, 0xff, 0x76,
    0x71, 0x3f, 0x43, 0x24, 0x20, 0x25, 0x00, 0x46, 0x46, 0x46, 0xff, 0xba, 0x9a, 0x3f, 0x43, 0x0f,
    0x11, 0x0e, 0x00, 0x46, 0x46, 0x46, 0xff, 0xfe, 0xc3, 0x3f, 0x43, 0x13, 0x1a, 0x13, 0x00, 0x46,
    0x46, 0x46, 0xff, 0x43, 0xed, 0x3f, 0x43, 0x16, 0x13, 0x16, 0x00, 0x46, 0x46, 0x46, 0xff, 0x87,
    0x16, 0x40, 0x43, 0x13, 0x11, 0x05, 0x00, 0x46, 0x46, 0x46, 0xff, 0xcc, 0x3f, 0x40, 0x43, 0x03,
    0x0e, 0x12, 0x00, 0x46, 0x46, 0x46, 0xff, 0x10, 0x69, 0x40, 0x43, 0x0a, 0x17, 0x12, 0x00, 0x46,
    0x46, 0x46, 0xff, 0x7f, 0x54, 0x92, 0x40, 0x43, 0x03, 0x00, 0x08, 0x00, 0x46, 0x46, 0x46, 0xff,
    0x99, 0xbb, 0x40, 0x43, 0x14, 0x0c, 0x04, 0x00, 0x46, 0x46, 0x46, 0xff, 0xdd, 0xe4, 0x40, 0x43,
    0x0f, 0x0e, 0x13, 0x00, 0x46, 0x46, 0x46, 0xff, 0x22, 0x0e, 0x41, 0x43, 0x01, 0x08, 0x06, 0x00,
    0x46, 0x46, 0x46, 0xff, 0x66, 0x37, 0x41, 0x43, 0x0c, 0x08, 0x13, 0x00, 0x46, 0x46, 0x46, 0xff,
    0xaa, 0x60, 0x41, 0x43, 0x0e, 0x1d, 0x0e, 0x00, 0x46, 0x46, 0x46, 0xff, 0xef, 0x89, 0x41, 0x43,
    0x0e, 0x1d, 0x1d, 0x00, 0x46, 0x46, 0x46, 0xff, 0x33, 0xb3, 0x41, 0x43, 0x1d, 0x0e, 0x1d, 0x00,
    0x46, 0x46, 0x46, 0xff, 0x78, 0xdc, 0x41, 0x43, 0x0a, 0x1a, 0x08, 0x00, 0x46, 0x46, 0x46, 0xff,
    0xbc, 0x05, 0x42, 0x43, 0x07, 0x1a, 0x0d, 0x00, 0x46, 0x46, 0x46, 0xff, 0x00, 0x2f, 0x42, 0x43,
    0x00, 0x1a, 0x14, 0x00, 0x7f, 0x46, 0x46, 0x46, 0xff, 0x45, 0x58, 0x42, 0x43, 0x04, 0x1a, 0x1c,
    0x00, 0x46, 0x46, 0x46, 0xff, 0x89, 0x81, 0x42, 0x43, 0x08, 0x1a, 0x1b, 0x00, 0x46, 0x46, 0x46,
    0xff, 0xce, 0xaa, 0x42, 0x43, 0x11, 0x11, 0x1d, 0x00, 0x46, 0x46, 0x46, 0xff, 0x12, 0xd4, 0x42,
    0x43, 0x0e, 0x1e, 0x0e, 0x00, 0x46, 0x46, 0x46, 0xff, 0x56, 0xfd, 0x42, 0x43, 0x18, 0x1a, 0x08,
    0x00, 0x46, 0x46, 0x46, 0xff, 0x9b, 0x26, 0x43, 0x43, 0x1a, 0x1a, 0x07, 0x00, 0x46, 0x46, 0x46,
    0xff, 0xdf, 0x4f, 0x43, 0x43, 0x00, 0x1a, 0x12, 0x00, 0x46, 0x46, 0x46, 0xff, 0x24, 0x79, 0x43,
    0x43, 0x0c, 0x1a, 0x14, 0x00, 0x46, 0x46, 0x46, 0xff, 0x68, 0xa2, 0x43, 0x43, 0x08, 0x1a, 0x12,
    0x00, 0x46, 0x46, 0x46, 0xff, 0xac, 0xcb, 0x43, 0x43, 0x07, 0x1a, 0x13, 0x00, 0x46, 0x46, 0x46,
    0xff, 0xf1, 0xf4, 0x43, 0x43, 0x7f, 0x12, 0x1a, 0x00, 0x00, 0x46, 0x46, 0x46, 0xff, 0x35, 0x1e,
    0x44, 0x43, 0x0e, 0x1a, 0x0e, 0x00, 0x46, 0x46, 0x46, 0x00, 0x7a, 0x47, 0x44, 0x43, 0x18, 0x1a,
    0x0d, 0x00, 0x46, 0x46, 0x46, 0xff, 0xbe, 0x70, 0x44, 0x43, 0x0e, 0x1a, 0x04, 0x00, 0x46, 0x46,
    0x46, 0xff, 0x02, 0x9a, 0x44, 0x43, 0x13, 0x1a, 0x14, 0x00, 0x46, 0x46, 0x46, 0xff, 0x47, 0xc3,
    0x44, 0x43, 0x03, 0x0e, 0x1b, 0x00, 0x46, 0x46, 0x46, 0xff, 0x8b, 0xec, 0x44, 0x43, 0x03, 0x0e,
    0x1b, 0x00, 0x46, 0x46, 0x46, 0xff, 0xd0, 0x15, 0x45, 0x43, 0x10, 0x13, 0x1d, 0x00, 0x46, 0x46,
    0x46, 0xff, 0x14, 0x3f, 0x45, 0x43, 0x10, 0x13, 0x1d, 0x00, 0x46, 0x46, 0x46, 0xff, 0x58, 0x68,
    0x45, 0x43, 0x00, 0x1a, 0x14, 0x00, 0x46, 0x46, 0x46, 0xff, 0x9d, 0x91, 0x45, 0x43, 0x0e, 0x0d,
    0x01, 0x00, 0x46, 0x46, 0x46, 0xff, 0x7f, 0xe1, 0xba, 0x48, 0x43, 0x0c, 0x1a, 0x0a, 0x00, 0x46,
    0x46, 0x46, 0xff, 0x25, 0xe4, 0x48, 0x43, 0x18, 0x1a, 0x13, 0x00, 0x46, 0x46, 0x46, 0xff, 0x6a,
    0x0d, 0x49, 0x43, 0x12, 0x1a, 0x16, 0x00, 0x46, 0x46, 0x46, 0xff, 0xae, 0x36, 0x49, 0x43, 0x12,
    0x1a, 0x04, 0x00, 0x46, 0x46, 0x46, 0xff, 0xf3, 0x5f, 0x49, 0x43, 0x0a, 0x1a, 0x0d, 0x00, 0x46,
    0x46, 0x46, 0xff, 0x37, 0x89, 0x49, 0x43, 0x09, 0x1a, 0x13, 0x00, 0x46, 0x46, 0x46, 0xff, 0x7b,
    0xb2, 0x49, 0x43, 0x18, 0x1a, 0x04, 0x00, 0x46, 0x46, 0x46, 0xff, 0xc0, 0xdb, 0x49, 0x43, 0x13,
    0x1a, 0x04, 0x00, 0x46, 0x46, 0x46, 0xff, 0x04, 0x05, 0x4a, 0x43, 0x01, 0x08, 0x03, 0x00, 0x46,
    0x46, 0x46, 0xff, 0x49, 0x2e, 0x4a, 0x43, 0x13, 0x16, 0x0a, 0x00, 0x46, 0x46, 0x46, 0xff, 0x8d,
    0x57, 0x4a, 0x43, 0x12, 0x1a, 0x0c, 0x00, 0x7f, 0x46, 0x46, 0x46, 0xff, 0xd1, 0x80, 0x4a, 0x43,
    0x13, 0x1a, 0x05, 0x00, 0x46, 0x46, 0x46, 0xff, 0x16, 0xaa, 0x4a, 0x43, 0x12, 0x1a, 0x13, 0x00,
    0x46, 0x46, 0x46, 0xff, 0x5a, 0xd3, 0x4a, 0x43, 0x0a, 0x08, 0x13, 0x00, 0x46, 0x46, 0x46, 0xff,
    0x9f, 0xfc, 0x4a, 0x43, 0x00, 0x1a, 0x00, 0x00, 0x46, 0x46, 0x46, 0xff, 0xe3, 0x25, 0x4b, 0x43,
    0x0a, 0x1a, 0x00, 0x00, 0x46, 0x46, 0x46, 0xff, 0x27, 0x4f, 0x4b, 0x43, 0x13, 0x1a, 0x04, 0x00,
    0x46, 0x46, 0x46, 0xff, 0x6c, 0x78, 0x4b, 0x43, 0x0a, 0x1a, 0x07, 0x00, 0x46, 0x46, 0x46, 0xff,
    0xb0, 0xa1, 0x4b, 0x43, 0x0a, 0x1a, 0x05, 0x00, 0x46, 0x46, 0x46, 0xff, 0xf5, 0xca, 0x4b, 0x43,
    0x0a, 0x00, 0x0c, 0x00, 0x46, 0x46, 0x46, 0xff, 0x39, 0xf4, 0x4b, 0x43, 0x18, 0x1a, 0x13, 0x00,
    0x46, 0x46, 0x46, 0xff, 0x7d, 0x1d, 0x4c, 0x43, 0x7f, 0x0c, 0x13, 0x0a, 0x00, 0x46, 0x46, 0x46,
    0xff, 0xc2, 0x46, 0x4c, 0x43, 0x00, 0x13, 0x08, 0x00, 0x46, 0x46, 0x46, 0x00, 0x06, 0x70, 0x4c,
    0x43, 0x04, 0x0c, 0x08, 0x00, 0x46, 0x46, 0x46, 0xff, 0x4b, 0x99, 0x4c, 0x43, 0x0c, 0x1a, 0x14,
    0x00, 0x46, 0x46, 0x46, 0xff, 0x8f, 0xc2, 0x4c, 0x43, 0x0a, 0x00, 0x13, 0x00, 0x46, 0x46, 0x46,
    0xff, 0xd4, 0xeb, 0x4c, 0x43, 0x21, 0x27, 0x25, 0x00, 0x46, 0x46, 0x46, 0xff, 0x18, 0x15, 0x4d,
    0x43, 0x26, 0x08, 0x14, 0x00, 0x46, 0x46, 0x46, 0xff, 0x5c, 0x3e, 0x4d, 0x43, 0x0c, 0x12, 0x01,
    0x00, 0x46, 0x46, 0x46, 0xff, 0xa1, 0x67, 0x4d, 0x43, 0x0c, 0x12, 0x01, 0x00, 0x46, 0x46, 0x46,
    0xff, 0xe5, 0x90, 0x4d, 0x43, 0x07, 0x1a, 0x0c, 0x00, 0x46, 0x46, 0x46, 0xff, 0x2a, 0xba, 0x4d,
    0x43, 0x0c, 0x1a, 0x0c, 0x00, 0x46, 0x46, 0x46, 0xff, 0x7f, 0x6e, 0xe3, 0x4d, 0x43, 0x11, 0x1a,
    0x0c, 0x00, 0x46, 0x46, 0x46, 0xff, 0xb2, 0x0c, 0x4e, 0x43, 0x0c, 0x1a, 0x18, 0x00, 0x46, 0x46,
    0x46, 0xff, 0xf7, 0x35, 0x4e, 0x43, 0x0c, 0x1a, 0x12, 0x00, 0x46, 0x46, 0x46, 0xff, 0x3b, 0x5f,
    0x4e, 0x43, 0x07, 0x1a, 0x0c, 0x00, 0x46, 0x46, 0x46, 0xff, 0x80, 0x88, 0x4e, 0x43, 0x11, 0x1a,
    0x0c, 0x00, 0x46, 0x46, 0x46, 0xff, 0xc4, 0xb1, 0x4e, 0x43, 0x00, 0x1a, 0x0c, 0x00, 0x46, 0x46,
    0x46, 0xff, 0x08, 0xdb, 0x4e, 0x43, 0x0a, 0x1a, 0x0d, 0x00, 0x46, 0x46, 0x46, 0xff, 0x4d, 0x04,
    0x4f, 0x43, 0x0a, 0x1a, 0x0d, 0x00, 0x46, 0x46, 0x46, 0xff, 0x91, 0x2d, 0x4f, 0x43, 0x0c, 0x12,
    0x01, 0x00, 0x46, 0x46, 0x46, 0xff, 0xd6, 0x56, 0x4f, 0x43, 0x18, 0x1a, 0x18, 0x00, 0x46, 0x46,
    0x46, 0xff, 0x1a, 0x80, 0x4f, 0x43, 0x07, 0x1a, 0x08, 0x00, 0x7f, 0x46, 0x46, 0x46, 0xff, 0x5e,
    0xa9, 0x4f, 0x43, 0x12, 0x1a, 0x12, 0x00, 0x46, 0x46, 0x46, 0xff, 0xa3, 0xd2, 0x4f, 0x43, 0x21,
    0x1e, 0x1f, 0x00, 0x46, 0x46, 0x46, 0xff, 0xe7, 0xfb, 0x4f, 0x43, 0x07, 0x08, 0x11, 0x00, 0x46,
    0x46, 0x46, 0xff, 0x2c, 0x25, 0x50, 0x43, 0x07, 0x1a, 0x08, 0x00, 0x46, 0x46, 0x46, 0xff, 0x70,
    0x4e, 0x50, 0x43, 0x0d, 0x1a, 0x12, 0x00, 0x46, 0x46, 0x46, 0xff, 0xb4, 0x77, 0x50, 0x43, 0x0a,
    0x1a, 0x0c, 0x00, 0x46, 0x46, 0x46, 0xff, 0xf9, 0xa0, 0x50, 0x43, 0x0c, 0x1a, 0x18, 0x00, 0x46,
    0x46, 0x46, 0xff, 0x3d, 0xca, 0x50, 0x43, 0x13, 0x1a, 0x0d, 0x00, 0x46, 0x46, 0x46, 0xff, 0x82,
    0xf3, 0x50, 0x43, 0x18, 0x1a, 0x12, 0x00, 0x46, 0x46, 0x46, 0xff, 0xc6, 0x1c, 0x51, 0x43, 0x0c,
    0x0e, 0x11, 0x00, 0x46, 0x46, 0x46, 0xff, 0x0a, 0x46, 0x51, 0x43, 0x7f, 0x22, 0x23, 0x21, 0x00,
    0x46, 0x46, 0x46, 0xff, 0x4f, 0x6f, 0x51, 0x43, 0x0c, 0x1a, 0x0e, 0x00, 0x46, 0x46, 0x46, 0xff,
    0x93, 0x98, 0x51, 0x43, 0x18, 0x1a, 0x08, 0x00, 0x46, 0x46, 0x46, 0xff, 0xd8, 0xc1, 0x51, 0x43,
    0x12, 0x1a, 0x0e, 0x00, 0x46, 0x46, 0x46, 0x00, 0x1c, 0xeb, 0x51, 0x43, 0x12, 0x1a, 0x12, 0x00,
    0x46, 0x46, 0x46, 0xff, 0x60, 0x14, 0x52, 0x43, 0x0f, 0x13, 0x00, 0x00, 0x46, 0x46, 0x46, 0xff,
    0xa5, 0x3d, 0x52, 0x43, 0x13, 0x07, 0x00, 0x00, 0x46, 0x46, 0x46, 0xff, 0xe9, 0x66, 0x52, 0x43,
    0x0d, 0x0a, 0x18, 0x00, 0x46, 0x46, 0x46, 0xff, 0x2e, 0x90, 0x52, 0x43, 0x0e, 0x14, 0x05, 0x00,
    0x46, 0x46, 0x46, 0xff, 0x72, 0xb9, 0x52, 0x43, 0x0e, 0x11, 0x11, 0x00, 0x46, 0x46, 0x46, 0xff,
    0xb6, 0xe2, 0x52, 0x43, 0x00, 0x03, 0x08, 0x00, 0x46, 0x46, 0x46, 0xff, 0x7f, 0xfb, 0x0b, 0x53,
    0x43, 0x0d, 0x06, 0x1b, 0x00, 0x46, 0x46, 0x46, 0xff, 0x3f, 0x35, 0x53, 0x43, 0x21, 0x24, 0x24,
    0x00, 0x46, 0x46, 0x46, 0xff, 0x84, 0x5e, 0x53, 0x43, 0x0c, 0x0c, 0x0a, 0x00, 0x46, 0x46, 0x46,
    0xff, 0xc8, 0x87, 0x53, 0x43, 0x20, 0x1e, 0x23, 0x00, 0x46, 0x46, 0x46, 0xff, 0x0c, 0xb1, 0x53,
    0x43, 0x12, 0x04, 0x06, 0x00, 0x46, 0x46, 0x46, 0xff, 0x51, 0xda, 0x53, 0x43, 0x00, 0x1a, 0x1d,
    0x00, 0x46, 0x46, 0x46, 0xff, 0x95, 0x03, 0x54, 0x43, 0x0d, 0x0e, 0x1f, 0x00, 0x46, 0x46, 0x46,
    0xff, 0xda, 0x2c, 0x54, 0x43, 0x0d, 0x00, 0x06, 0x00, 0x46, 0x46, 0x46, 0xff, 0x1e, 0x56, 0x54,
    0x43, 0x0e, 0x18, 0x00, 0x00, 0x46, 0x46, 0x46, 0xff, 0x62, 0x7f, 0x54, 0x43, 0x02, 0x00, 0x11,
    0x00, 0x46, 0x46, 0x46, 0xff, 0xa7, 0xa8, 0x54, 0x43, 0x0f, 0x1b, 0x1c, 0x00, 0x7f, 0x46, 0x46,
    0x46, 0xff, 0xeb, 0xd1, 0x54, 0x43, 0x05, 0x08, 0x06, 0x00, 0x46, 0x46, 0x46, 0xff, 0x30, 0xfb,
    0x54, 0x43, 0x07, 0x13, 0x1b, 0x00, 0x46, 0x46, 0x46, 0xff, 0x74, 0x24, 0x55, 0x43, 0x12, 0x13,
    0x15, 0x00, 0x46, 0x46, 0x46, 0xff, 0xb8, 0x4d, 0x55, 0x43, 0x0c, 0x03, 0x21, 0x00, 0x46, 0x46,
    0x46, 0xff, 0xfd, 0x76, 0x55, 0x43, 0x15, 0x05, 0x21, 0x00, 0x46, 0x46, 0x46, 0xff, 0x41, 0xa0,
    0x55, 0x43, 0x03, 0x1a, 0x01, 0x00, 0x46, 0x46, 0x46, 0xff, 0x86, 0xc9, 0x55, 0x43, 0x03, 0x1a,
    0x03, 0x00, 0x46, 0x46, 0x46, 0xff, 0xca, 0xf2, 0x55, 0x43, 0x0c, 0x09, 0x0a, 0x00, 0x46, 0x46,
    0x46, 0xff, 0x0e, 0x1c, 0x56, 0x43, 0x00, 0x1a, 0x14, 0x00, 0x46, 0x46, 0x46, 0xff, 0x53, 0x45,
    0x56, 0x43, 0x20, 0x22, 0x1f, 0x00, 0x46, 0x46, 0x46, 0xff, 0x97, 0x6e, 0x56, 0x43, 0x7f, 0x05,
    0x1a, 0x05, 0x00, 0x46, 0x46, 0x46, 0xff, 0xdc, 0x97, 0x56, 0x43, 0x21, 0x1a, 0x25, 0x00, 0x46,
    0x46, 0x46, 0xff, 0x20, 0xc1, 0x56, 0x43, 0x01, 0x1a, 0x03, 0x00, 0x46, 0x46, 0x46, 0xff, 0x64,
    0xea, 0x56, 0x43, 0x23, 0x1f, 0x21, 0x00, 0x46, 0x46, 0x46, 0xff, 0xa9, 0x13, 0x57, 0x43, 0x00,
    0x06, 0x04, 0x00, 0x46, 0x46, 0x46, 0xff, 0xed, 0x3c, 0x57, 0x43, 0x20, 0x22, 0x1b, 0x00, 0x46,
    0x46, 0x46, 0x00, 0x32, 0x66, 0x57, 0x43, 0x07, 0x06, 0x13, 0x00, 0x46, 0x46, 0x46, 0xff, 0x76,
    0x8f, 0x57, 0x43, 0x1f, 0x25, 0x21, 0x00, 0x46, 0x46, 0x46, 0xff, 0xba, 0xb8, 0x57, 0x43, 0x00,
    0x13, 0x08, 0x00, 0x46, 0x46, 0x46, 0xff, 0xff, 0xe1, 0x57, 0x43, 0x16, 0x1a, 0x11, 0x00, 0x46,
    0x46, 0x46, 0xff, 0x43, 0x0b, 0x58, 0x43, 0x0d, 0x0c, 0x0a, 0x00, 0x46, 0x46, 0x46, 0xff, 0x27,
    0x88, 0x34, 0x58, 0x43, 0x00, 0x1a, 0x14, 0x00, 0x46, 0x46, 0x46, 0xff, 0xcc, 0x5d, 0x58, 0x43,
    0x02, 0x12, 0x0a, 0x00, 0x46, 0x46, 0x46, 0xff, 0x10, 0x87, 0x58, 0x43, 0x26, 0x27, 0x22, 0x00,
    0x46, 0x46, 0x46, 0xff, 0x55, 0xb0, 0x58, 0x43, 0xff, 0xff, 0xff, 0xff, 0xff, 0xff, 0xff, 0xff,
    0xff, 0xff, 0xff, 0xff, 0xff, 0xff, 0xff, 0xff, 0xff, 0xff, 0xff, 0xff, 0xff, 0xff, 0xff, 0xff,
    0xff, 0xff, 0xff, 0xff, 0xff, 0xff, 0xff, 0xff, 0xff, 0xff, 0xff, 0xff, 0xff, 0xff, 0xff, 0xff,
    0xff, 0xff, 0xff, 0xff, 0xff, 0xff, 0xff, 0xff, 0xff, 0xff, 0xff, 0xff, 0xff, 0xff, 0xff, 0xff,
    0xff, 0xff, 0xff, 0xff, 0xff, 0xff, 0xff, 0xff, 0xff, 0xff, 0xff, 0xff, 0xff, 0xff, 0xff, 0xff,
    0xff, 0xff, 0xff, 0xff, 0xff, 0xff, 0xff, 0xff, 0xff, 0xff, 0xff, 0xff, 0xff, 0xff, 0xff, 0xff,
    0xff, 0xff, 0xff, 0xff, 0xff, 0xff, 0xff, 0xff, 0xff, 0xff, 0xff, 0xff, 0xff, 0xff, 0xff, 0xff,
    0xff, 0xff, 0xff, 0xff, 0xff, 0xff, 0xff, 0xff, 0xff, 0xff, 0xff, 0xff, 0xff, 0xff, 0xff, 0xff,
    0xff, 0xff, 0xff, 0xff, 0xff, 0xff, 0xff, 0xff, 0xff, 0xff, 0xff, 0xff, 0xff, 0xff, 0xff, 0xff,
    0xff, 0xff, 0xcb, 0xff, 0x13, 0x53, 0x33, 0x32, 0x41, 0x17, 0xa9, 0x00, 0x00, 0xb7, 0xdf, 0x00,
    0x00, 0x65, 0x00, 0x00, 0x00, 0x10, 0x03, 0x01, 0x01, 0x84, 0x00, 0x1e, 0x02, 0x01, 0x00, 0x02,
    0x03, 0x00, 0x00, 0x00, 0x40, 0x80, 0xc0, 0x40, 0x80, 0xc0, 0x40, 0x80, 0xe0, 0x80, 0x00, 0xb7,
    0xdf, 0x00, 0x00, 0x65, 0x00, 0x00, 0x00, 0x10, 0x03, 0x01, 0x01, 0x84, 0x00, 0x12, 0x02, 0x01,
    0x00, 0x02, 0x03, 0x00, 0x00, 0x00, 0x40, 0x80, 0xc0, 0x40, 0x80, 0xc0, 0x40, 0x80, 0xe0, 0x80,
    0x00, 0xaf, 0xff,
};

static constexpr u8 kZerogun[] = {
    0x87, 0x00, 0x02, 0x10, 0xe8, 0x01, 0xb8, 0x00, 0x61, 0x41, 0x41, 0x41, 0x00, 0x02, 0x00, 0x01,
    0x00, 0x20, 0x4e, 0x00, 0x00, 0x42, 0x42, 0x42, 0x00, 0x01, 0x00, 0x01, 0x00, 0x38, 0x4a, 0x00,
    0x00, 0x43, 0x43, 0x43, 0x00, 0x00, 0x00, 0x01, 0x00, 0x50, 0x46, 0x00, 0x00, 0x44, 0x44, 0x44,
    0x00, 0x02, 0x00, 0x01, 0x00, 0x68, 0x42, 0x00, 0x00, 0x45, 0x45, 0x45, 0x00, 0x01, 0x00, 0x01,
    0x00, 0x80, 0x3e, 0x00, 0x00, 0x46, 0x46, 0x46, 0x00, 0x00, 0x00, 0x01, 0x00, 0x98, 0x3a, 0x00,
    0x00, 0x47, 0x47, 0x47, 0x00, 0x02, 0x00, 0x01, 0x00, 0xb0, 0x36, 0x00, 0x00, 0x48, 0x48, 0x48,
    0x00, 0x01, 0x00, 0x01, 0x00, 0xc8, 0x32, 0x00, 0x00, 0x10, 0xe8, 0xb9, 0x00, 0x5f, 0x41, 0x41,
    0x41, 0x00, 0x02, 0x00, 0x01, 0x00, 0x20, 0x4e, 0x00, 0x00, 0x42, 0x42, 0x42, 0x00, 0x01, 0x00,
    0x01, 0x00, 0x38, 0x4a, 0x00, 0x00, 0x43, 0x43, 0x43, 0x00, 0x00, 0x00, 0x01, 0x00, 0x50, 0x46,
    0x00, 0x00, 0x44, 0x44, 0x44, 0x00, 0x02, 0x00, 0x01, 0x00, 0x68, 0x42, 0x00, 0x00, 0x45, 0x45,
    0x45, 0x00, 0x01, 0x00, 0x01, 0x00, 0x80, 0x3e, 0x00, 0x00, 0x46, 0x46, 0x46, 0x00, 0x00, 0x00,
    0x01, 0x00, 0x98, 0x3a, 0x00, 0x00, 0x47, 0x47, 0x47, 0x00, 0x02, 0x00, 0x01, 0x00, 0xb0, 0x36,
    0x00, 0x00, 0x48, 0x48, 0x48, 0x00, 0x01, 0x00, 0x01, 0x00, 0xc8, 0x32, 0x00, 0x00, 0xff, 0xff,
    0xff, 0xff, 0xff, 0xff, 0xff, 0xff, 0xff, 0xff, 0xff, 0xff, 0xff, 0xff, 0xff, 0xff, 0xff, 0xff,
    0xff, 0xff, 0xff, 0xff, 0xff, 0xff, 0xff, 0xff, 0xff, 0xff, 0xff, 0xff, 0xff, 0xff, 0xff, 0xff,
    0xff, 0xff, 0xff, 0xff, 0xff, 0xff, 0xff, 0xff, 0xff, 0xff, 0xff, 0xff, 0xff, 0xff, 0xff, 0xff,
    0xff, 0xff, 0xff, 0xff, 0xff, 0xff, 0xff, 0xff, 0xff, 0xff, 0xff, 0xff, 0xff, 0xff, 0xff, 0xff,
    0xff, 0xff, 0xff, 0xff, 0xff, 0xff, 0xff, 0xff, 0xff, 0xff, 0xff, 0xff, 0xff, 0xff, 0xff, 0xff,
    0xff, 0xff, 0xff, 0xff, 0xff, 0xff, 0xff, 0xff, 0xff, 0xff, 0xff, 0xff, 0xff, 0xff, 0xff, 0xff,
    0xff, 0xff, 0xff, 0xff, 0xff, 0xff, 0xff, 0xff, 0xff, 0xff, 0xff, 0xff, 0xff, 0xff, 0xff, 0xff,
    0xff, 0xff, 0xff, 0xff, 0xff, 0xff, 0xff, 0xff, 0xff, 0xff, 0xff, 0xff, 0xff, 0xff, 0xff, 0xff,
    0xff, 0xff, 0xff, 0xff, 0xff, 0xff, 0xff, 0xff, 0xff, 0xff, 0xff, 0xff, 0xff, 0xff, 0xff, 0xff,
    0xff, 0xff, 0xff, 0xff, 0xff, 0xff, 0xff, 0xff, 0xff, 0xff, 0xff, 0xff, 0xff, 0xff, 0xff, 0xff,
    0xff, 0xff, 0xff, 0xff, 0xff, 0xff, 0xff, 0xff, 0xff, 0xff, 0xff, 0xff, 0xff, 0xff, 0xff, 0xff,
    0xff, 0xff, 0xff, 0xff, 0xff, 0xff, 0xff, 0xff, 0xff, 0xff, 0xff, 0xff, 0xff, 0xff, 0xff, 0xff,
    0xff, 0xff, 0xff, 0xff, 0xff, 0xff, 0xff, 0xff, 0xff, 0xff, 0xff, 0xff, 0xff, 0xff, 0xff, 0xff,
    0xff, 0xff, 0xff, 0xff, 0xff, 0xff, 0xff, 0xff, 0xff, 0xff, 0xff, 0xff, 0xff, 0xff, 0xff, 0xff,
    0xff, 0xff, 0xff, 0xff, 0xff, 0xff, 0xff, 0xff, 0xff, 0xff, 0xff, 0xff, 0xff, 0xff, 0xff, 0xff,
    0xff, 0xff, 0xff, 0xff, 0xff, 0xff, 0xff, 0xff, 0xbf, 0xff, 0x0c, 0x53, 0x33, 0x32, 0x41, 0x5f,
    0x02, 0x00, 0x00, 0x39, 0xb6, 0x00, 0x00, 0x65, 0x86, 0x00, 0x0c, 0x01, 0x01, 0x03, 0x00, 0x01,
    0x00, 0x00, 0x00, 0x39, 0xb6, 0x00, 0x00, 0x65, 0x86, 0x00, 0x07, 0x01, 0x01, 0x03, 0x00, 0x01,
    0x00, 0x00, 0x00, 0xcf, 0xff,
};

static constexpr u8 kZeroguna[] = {
    0x87, 0x00, 0x02, 0x10, 0xe8, 0x01, 0xb8, 0x00, 0x61, 0x41, 0x41, 0x41, 0x00, 0x02, 0x00, 0x01,
    0x00, 0x20, 0x4e, 0x00, 0x00, 0x42, 0x42, 0x42, 0x00, 0x01, 0x00, 0x01, 0x00, 0x38, 0x4a, 0x00,
    0x00, 0x43, 0x43, 0x43, 0x00, 0x00, 0x00, 0x01, 0x00, 0x50, 0x46, 0x00, 0x00, 0x44, 0x44, 0x44,
    0x00, 0x02, 0x00, 0x01, 0x00, 0x68, 0x42, 0x00, 0x00, 0x45, 0x45, 0x45, 0x00, 0x01, 0x00, 0x01,
    0x00, 0x80, 0x3e, 0x00, 0x00, 0x46, 0x46, 0x46, 0x00, 0x00, 0x00, 0x01, 0x00, 0x98, 0x3a, 0x00,
    0x00, 0x47, 0x47, 0x47, 0x00, 0x02, 0x00, 0x01, 0x00, 0xb0, 0x36, 0x00, 0x00, 0x48, 0x48, 0x48,
    0x00, 0x01, 0x00, 0x01, 0x00, 0xc8, 0x32, 0x00, 0x00, 0x10, 0xe8, 0xb9, 0x00, 0x5f, 0x41, 0x41,
    0x41, 0x00, 0x02, 0x00, 0x01, 0x00, 0x20, 0x4e, 0x00, 0x00, 0x42, 0x42, 0x42, 0x00, 0x01, 0x00,
    0x01, 0x00, 0x38, 0x4a, 0x00, 0x00, 0x43, 0x43, 0x43, 0x00, 0x00, 0x00, 0x01, 0x00, 0x50, 0x46,
    0x00, 0x00, 0x44, 0x44, 0x44, 0x00, 0x02, 0x00, 0x01, 0x00, 0x68, 0x42, 0x00, 0x00, 0x45, 0x45,
    0x45, 0x00, 0x01, 0x00, 0x01, 0x00, 0x80, 0x3e, 0x00, 0x00, 0x46, 0x46, 0x46, 0x00, 0x00, 0x00,
    0x01, 0x00, 0x98, 0x3a, 0x00, 0x00, 0x47, 0x47, 0x47, 0x00, 0x02, 0x00, 0x01, 0x00, 0xb0, 0x36,
    0x00, 0x00, 0x48, 0x48, 0x48, 0x00, 0x01, 0x00, 0x01, 0x00, 0xc8, 0x32, 0x00, 0x00, 0xff, 0xff,
    0xff, 0xff, 0xff, 0xff, 0xff, 0xff, 0xff, 0xff, 0xff, 0xff, 0xff, 0xff, 0xff, 0xff, 0xff, 0xff,
    0xff, 0xff, 0xff, 0xff, 0xff, 0xff, 0xff, 0xff, 0xff, 0xff, 0xff, 0xff, 0xff, 0xff, 0xff, 0xff,
    0xff, 0xff, 0xff, 0xff, 0xff, 0xff, 0xff, 0xff, 0xff, 0xff, 0xff, 0xff, 0xff, 0xff, 0xff, 0xff,
    0xff, 0xff, 0xff, 0xff, 0xff, 0xff, 0xff, 0xff, 0xff, 0xff, 0xff, 0xff, 0xff, 0xff, 0xff, 0xff,
    0xff, 0xff, 0xff, 0xff, 0xff, 0xff, 0xff, 0xff, 0xff, 0xff, 0xff, 0xff, 0xff, 0xff, 0xff, 0xff,
    0xff, 0xff, 0xff, 0xff, 0xff, 0xff, 0xff, 0xff, 0xff, 0xff, 0xff, 0xff, 0xff, 0xff, 0xff, 0xff,
    0xff, 0xff, 0xff, 0xff, 0xff, 0xff, 0xff, 0xff, 0xff, 0xff, 0xff, 0xff, 0xff, 0xff, 0xff, 0xff,
    0xff, 0xff, 0xff, 0xff, 0xff, 0xff, 0xff, 0xff, 0xff, 0xff, 0xff, 0xff, 0xff, 0xff, 0xff, 0xff,
    0xff, 0xff, 0xff, 0xff, 0xff, 0xff, 0xff, 0xff, 0xff, 0xff, 0xff, 0xff, 0xff, 0xff, 0xff, 0xff,
    0xff, 0xff, 0xff, 0xff, 0xff, 0xff, 0xff, 0xff, 0xff, 0xff, 0xff, 0xff, 0xff, 0xff, 0xff, 0xff,
    0xff, 0xff, 0xff, 0xff, 0xff, 0xff, 0xff, 0xff, 0xff, 0xff, 0xff, 0xff, 0xff, 0xff, 0xff, 0xff,
    0xff, 0xff, 0xff, 0xff, 0xff, 0xff, 0xff, 0xff, 0xff, 0xff, 0xff, 0xff, 0xff, 0xff, 0xff, 0xff,
    0xff, 0xff, 0xff, 0xff, 0xff, 0xff, 0xff, 0xff, 0xff, 0xff, 0xff, 0xff, 0xff, 0xff, 0xff, 0xff,
    0xff, 0xff, 0xff, 0xff, 0xff, 0xff, 0xff, 0xff, 0xff, 0xff, 0xff, 0xff, 0xff, 0xff, 0xff, 0xff,
    0xff, 0xff, 0xff, 0xff, 0xff, 0xff, 0xff, 0xff, 0xff, 0xff, 0xff, 0xff, 0xff, 0xff, 0xff, 0xff,
    0xff, 0xff, 0xff, 0xff, 0xff, 0xff, 0xff, 0xff, 0xbf, 0xff, 0x0c, 0x53, 0x33, 0x32, 0x41, 0x5f,
    0x02, 0x00, 0x00, 0x39, 0xb6, 0x00, 0x00, 0x65, 0x86, 0x00, 0x0c, 0x01, 0x01, 0x03, 0x00, 0x01,
    0x00, 0x00, 0x00, 0x39, 0xb6, 0x00, 0x00, 0x65, 0x86, 0x00, 0x07, 0x01, 0x01, 0x03, 0x00, 0x01,
    0x00, 0x00, 0x00, 0xcf, 0xff,
};

static constexpr Template kTemplates[] = {
    {"airwlkrs", kAirwlkrs, std::size(kAirwlkrs), 0x9667},
    {"bel", kBel, std::size(kBel), 0x49c2},
    {"daytona", kDaytona, std::size(kDaytona), 0x48eb},
    {"desert", kDesert, std::size(kDesert), 0xbc49},
    {"doa", kDoa, std::size(kDoa), 0x62df},
    {"dynabb", kDynabb, std::size(kDynabb), 0x1bf8},
    {"dynabb97", kDynabb97, std::size(kDynabb97), 0xee40},
    {"dynamcop", kDynamcop, std::size(kDynamcop), 0x95f3},
    {"fvipers", kFvipers, std::size(kFvipers), 0x84cf},
    {"gunblade", kGunblade, std::size(kGunblade), 0x6e38},
    {"hotd", kHotd, std::size(kHotd), 0x7806},
    {"hpyagu98", kHpyagu98, std::size(kHpyagu98), 0x7be1},
    {"indy500", kIndy500, std::size(kIndy500), 0x0a6d},
    {"lastbrnx", kLastbrnx, std::size(kLastbrnx), 0x8b4f},
    {"manxtt", kManxtt, std::size(kManxtt), 0xea98},
    {"motoraid", kMotoraid, std::size(kMotoraid), 0x0ba0},
    {"overrev", kOverrev, std::size(kOverrev), 0x7e7e},
    {"pltkids", kPltkids, std::size(kPltkids), 0x3ecb},
    {"rchase2", kRchase2, std::size(kRchase2), 0x9aa6},
    {"schamp", kSchamp, std::size(kSchamp), 0x82e9},
    {"segawski", kSegawski, std::size(kSegawski), 0x4aac},
    {"sgt24h", kSgt24h, std::size(kSgt24h), 0x0a2a},
    {"skisuprg", kSkisuprg, std::size(kSkisuprg), 0x5353},
    {"skytargt", kSkytargt, std::size(kSkytargt), 0xc277},
    {"srallyc", kSrallyc, std::size(kSrallyc), 0x5e46},
    {"stcc", kStcc, std::size(kStcc), 0xfc1e},
    {"topskatr", kTopskatr, std::size(kTopskatr), 0xc4a9},
    {"vcop", kVcop, std::size(kVcop), 0x8ca4},
    {"vcop2", kVcop2, std::size(kVcop2), 0xe216},
    {"vf2", kVf2, std::size(kVf2), 0xbf2c},
    {"von", kVon, std::size(kVon), 0xc851},
    {"vstriker", kVstriker, std::size(kVstriker), 0xe5ce},
    {"waverunr", kWaverunr, std::size(kWaverunr), 0xe567},
    {"zerogun", kZerogun, std::size(kZerogun), 0x4b3e},
    {"zeroguna", kZeroguna, std::size(kZeroguna), 0x4b3e},
};
